Year,TIME_DETAIL,SERIES,UNIT_MEASURE,Value
2000,2000,SG_INT_MBRDEV,,2
2001,2001,SG_INT_MBRDEV,,2
2002,2002,SG_INT_MBRDEV,,2
2003,2003,SG_INT_MBRDEV,,2
2004,2004,SG_INT_MBRDEV,,2
2005,2005,SG_INT_MBRDEV,,2
2006,2006,SG_INT_MBRDEV,,2
2007,2007,SG_INT_MBRDEV,,2
2008,2008,SG_INT_MBRDEV,,2
2009,2009,SG_INT_MBRDEV,,2
2010,2010,SG_INT_MBRDEV,,2
2011,2011,SG_INT_MBRDEV,,2
2012,2012,SG_INT_MBRDEV,,2
2013,2013,SG_INT_MBRDEV,,2
2014,2014,SG_INT_MBRDEV,,2
2015,2015,SG_INT_MBRDEV,,2
2016,2016,SG_INT_MBRDEV,,2
2017,2017,SG_INT_MBRDEV,,2
2018,2018,SG_INT_MBRDEV,,2
2019,2019,SG_INT_MBRDEV,,2
