Year,REF_AREA,TIME_DETAIL,UNIT_MEASURE,SERIES,Value
2004,West Bank,2004,NUMBER,VC_PRR_PHYV,35.2
2008,West Bank,2008,NUMBER,VC_PRR_PHYV,47.0
2012,West Bank,2012,NUMBER,VC_PRR_PHYV,49.2
2016,West Bank,2016,NUMBER,VC_PRR_PHYV,38.3
2004,Gaza Strip,2004,NUMBER,VC_PRR_PHYV,17.4
2008,Gaza Strip,2008,NUMBER,VC_PRR_PHYV,57.5
2012,Gaza Strip,2012,NUMBER,VC_PRR_PHYV,32.8
2016,Gaza Strip,2016,NUMBER,VC_PRR_PHYV,45.9
2004,PS,2004,NUMBER,VC_PRR_PHYV,29.5
2008,PS,2008,NUMBER,VC_PRR_PHYV,53.0
2012,PS,2012,NUMBER,VC_PRR_PHYV,43.4
2016,PS,2016,NUMBER,VC_PRR_PHYV,43.0
