Year,SEX,REF_AREA,TIME_DETAIL,UNIT_MEASURE,SERIES,Value
2014,F,West Bank,2014,NUMBER,SH_FPL_MTMM,67.7
2019,F,West Bank,2019,NUMBER,SH_FPL_MTMM,61.6
2014,F,Gaza Strip,2014,NUMBER,SH_FPL_MTMM,65.7
2019,F,Gaza Strip,2019,NUMBER,SH_FPL_MTMM,60.1
2014,F,PS,2014,NUMBER,SH_FPL_MTMM,66.9
2019,F,PS,2019,NUMBER,SH_FPL_MTMM,61.0
2014,_T,West Bank,2014,NUMBER,SH_FPL_MTMM,67.7
2019,_T,West Bank,2019,NUMBER,SH_FPL_MTMM,61.6
2014,_T,Gaza Strip,2014,NUMBER,SH_FPL_MTMM,65.7
2019,_T,Gaza Strip,2019,NUMBER,SH_FPL_MTMM,60.1
2014,_T,PS,2014,NUMBER,SH_FPL_MTMM,66.9
2019,_T,PS,2019,NUMBER,SH_FPL_MTMM,61.0
