Year,SEX,AGE,TIME_DETAIL,UNIT_MEASURE,SERIES,Value
2018,M,_T,2018,NUMBER,SE_ADT_EDUCTRN,18.0
2018,M,Y15T24,2018,NUMBER,SE_ADT_EDUCTRN,
2018,M,Y25T64,2018,NUMBER,SE_ADT_EDUCTRN,
2018,M,Y_GE65,2018,NUMBER,SE_ADT_EDUCTRN,
2018,F,_T,2018,NUMBER,SE_ADT_EDUCTRN,22.8
2018,F,Y15T24,2018,NUMBER,SE_ADT_EDUCTRN,
2018,F,Y25T64,2018,NUMBER,SE_ADT_EDUCTRN,
2018,F,Y_GE65,2018,NUMBER,SE_ADT_EDUCTRN,
2018,_T,_T,2018,NUMBER,SE_ADT_EDUCTRN,20.4
2018,_T,Y15T24,2018,NUMBER,SE_ADT_EDUCTRN,53.3
2018,_T,Y25T64,2018,NUMBER,SE_ADT_EDUCTRN,4.6
2018,_T,Y_GE65,2018,NUMBER,SE_ADT_EDUCTRN,0.9
