Year,URBANISATION,REF_AREA,TIME_DETAIL,SERIES,UNIT_MEASURE,Value
2010,_T,West Bank,2010,SH_H2O_SAFE,,90.1
2014,_T,West Bank,2014,SH_H2O_SAFE,,96.8
2017,_T,West Bank,2017,SH_H2O_SAFE,,94.7
2010,_T,Gaza Strip,2010,SH_H2O_SAFE,,13.7
2014,_T,Gaza Strip,2014,SH_H2O_SAFE,,10.4
2017,_T,Gaza Strip,2017,SH_H2O_SAFE,,11.3
2010,_T,PS,2010,SH_H2O_SAFE,,61.9
2014,_T,PS,2014,SH_H2O_SAFE,,61.5
2017,_T,PS,2017,SH_H2O_SAFE,,59.1
2010,_T,Jenin,2010,SH_H2O_SAFE,,70.4
2014,_T,Jenin,2014,SH_H2O_SAFE,,87.3
2017,_T,Jenin,2017,SH_H2O_SAFE,,90.7
2010,_T,Tubas & Northern Valleys,2010,SH_H2O_SAFE,,59.1
2014,_T,Tubas & Northern Valleys,2014,SH_H2O_SAFE,,100.0
2017,_T,Tubas & Northern Valleys,2017,SH_H2O_SAFE,,97.6
2010,_T,Tulkarm,2010,SH_H2O_SAFE,,99.7
2014,_T,Tulkarm,2014,SH_H2O_SAFE,,99.5
2017,_T,Tulkarm,2017,SH_H2O_SAFE,,99.9
2010,_T,Nablus,2010,SH_H2O_SAFE,,94.1
2014,_T,Nablus,2014,SH_H2O_SAFE,,97.3
2017,_T,Nablus,2017,SH_H2O_SAFE,,97.9
2010,_T,Qalqiliya,2010,SH_H2O_SAFE,,99.5
2014,_T,Qalqiliya,2014,SH_H2O_SAFE,,100.0
2017,_T,Qalqiliya,2017,SH_H2O_SAFE,,99.8
2010,_T,Salfit,2010,SH_H2O_SAFE,,100.0
2014,_T,Salfit,2014,SH_H2O_SAFE,,100.0
2017,_T,Salfit,2017,SH_H2O_SAFE,,99.9
2010,_T,Ramallah & Al-Bireh,2010,SH_H2O_SAFE,,96.9
2014,_T,Ramallah & Al-Bireh,2014,SH_H2O_SAFE,,98.7
2017,_T,Ramallah & Al-Bireh,2017,SH_H2O_SAFE,,99.1
2010,_T,Jericho & AL Aghwar,2010,SH_H2O_SAFE,,90.0
2014,_T,Jericho & AL Aghwar,2014,SH_H2O_SAFE,,97.4
2017,_T,Jericho & AL Aghwar,2017,SH_H2O_SAFE,,94.3
2010,_T,Jerusalem,2010,SH_H2O_SAFE,,99.0
2014,_T,Jerusalem,2014,SH_H2O_SAFE,,99.8
2017,_T,Jerusalem,2017,SH_H2O_SAFE,,99.3
2010,_T,Bethlehem,2010,SH_H2O_SAFE,,97.8
2014,_T,Bethlehem,2014,SH_H2O_SAFE,,99.5
2017,_T,Bethlehem,2017,SH_H2O_SAFE,,99.0
2010,_T,Hebron,2010,SH_H2O_SAFE,,82.7
2014,_T,Hebron,2014,SH_H2O_SAFE,,95.7
2017,_T,Hebron,2017,SH_H2O_SAFE,,87.8
2010,_T,North Gaza,2010,SH_H2O_SAFE,,19.7
2014,_T,North Gaza,2014,SH_H2O_SAFE,,16.8
2017,_T,North Gaza,2017,SH_H2O_SAFE,,14.4
2010,_T,Gaza,2010,SH_H2O_SAFE,,8.3
2014,_T,Gaza,2014,SH_H2O_SAFE,,3.9
2017,_T,Gaza,2017,SH_H2O_SAFE,,10.8
2010,_T,Dier Al-Balah,2010,SH_H2O_SAFE,,4.4
2014,_T,Dier Al-Balah,2014,SH_H2O_SAFE,,3.2
2017,_T,Dier Al-Balah,2017,SH_H2O_SAFE,,6.3
2010,_T,Khan Yunis,2010,SH_H2O_SAFE,,20.5
2014,_T,Khan Yunis,2014,SH_H2O_SAFE,,20.8
2017,_T,Khan Yunis,2017,SH_H2O_SAFE,,14.2
2010,_T,Rafah,2010,SH_H2O_SAFE,,18.8
2014,_T,Rafah,2014,SH_H2O_SAFE,,12.6
2017,_T,Rafah,2017,SH_H2O_SAFE,,8.9
2010,U,West Bank,2010,SH_H2O_SAFE,,
2014,U,West Bank,2014,SH_H2O_SAFE,,
2017,U,West Bank,2017,SH_H2O_SAFE,,
2010,U,Gaza Strip,2010,SH_H2O_SAFE,,
2014,U,Gaza Strip,2014,SH_H2O_SAFE,,
2017,U,Gaza Strip,2017,SH_H2O_SAFE,,
2010,U,PS,2010,SH_H2O_SAFE,,59.6
2014,U,PS,2014,SH_H2O_SAFE,,58.1
2017,U,PS,2017,SH_H2O_SAFE,,54.1
2010,U,Jenin,2010,SH_H2O_SAFE,,
2014,U,Jenin,2014,SH_H2O_SAFE,,
2017,U,Jenin,2017,SH_H2O_SAFE,,
2010,U,Tubas & Northern Valleys,2010,SH_H2O_SAFE,,
2014,U,Tubas & Northern Valleys,2014,SH_H2O_SAFE,,
2017,U,Tubas & Northern Valleys,2017,SH_H2O_SAFE,,
2010,U,Tulkarm,2010,SH_H2O_SAFE,,
2014,U,Tulkarm,2014,SH_H2O_SAFE,,
2017,U,Tulkarm,2017,SH_H2O_SAFE,,
2010,U,Nablus,2010,SH_H2O_SAFE,,
2014,U,Nablus,2014,SH_H2O_SAFE,,
2017,U,Nablus,2017,SH_H2O_SAFE,,
2010,U,Qalqiliya,2010,SH_H2O_SAFE,,
2014,U,Qalqiliya,2014,SH_H2O_SAFE,,
2017,U,Qalqiliya,2017,SH_H2O_SAFE,,
2010,U,Salfit,2010,SH_H2O_SAFE,,
2014,U,Salfit,2014,SH_H2O_SAFE,,
2017,U,Salfit,2017,SH_H2O_SAFE,,
2010,U,Ramallah & Al-Bireh,2010,SH_H2O_SAFE,,
2014,U,Ramallah & Al-Bireh,2014,SH_H2O_SAFE,,
2017,U,Ramallah & Al-Bireh,2017,SH_H2O_SAFE,,
2010,U,Jericho & AL Aghwar,2010,SH_H2O_SAFE,,
2014,U,Jericho & AL Aghwar,2014,SH_H2O_SAFE,,
2017,U,Jericho & AL Aghwar,2017,SH_H2O_SAFE,,
2010,U,Jerusalem,2010,SH_H2O_SAFE,,
2014,U,Jerusalem,2014,SH_H2O_SAFE,,
2017,U,Jerusalem,2017,SH_H2O_SAFE,,
2010,U,Bethlehem,2010,SH_H2O_SAFE,,
2014,U,Bethlehem,2014,SH_H2O_SAFE,,
2017,U,Bethlehem,2017,SH_H2O_SAFE,,
2010,U,Hebron,2010,SH_H2O_SAFE,,
2014,U,Hebron,2014,SH_H2O_SAFE,,
2017,U,Hebron,2017,SH_H2O_SAFE,,
2010,U,North Gaza,2010,SH_H2O_SAFE,,
2014,U,North Gaza,2014,SH_H2O_SAFE,,
2017,U,North Gaza,2017,SH_H2O_SAFE,,
2010,U,Gaza,2010,SH_H2O_SAFE,,
2014,U,Gaza,2014,SH_H2O_SAFE,,
2017,U,Gaza,2017,SH_H2O_SAFE,,
2010,U,Dier Al-Balah,2010,SH_H2O_SAFE,,
2014,U,Dier Al-Balah,2014,SH_H2O_SAFE,,
2017,U,Dier Al-Balah,2017,SH_H2O_SAFE,,
2010,U,Khan Yunis,2010,SH_H2O_SAFE,,
2014,U,Khan Yunis,2014,SH_H2O_SAFE,,
2017,U,Khan Yunis,2017,SH_H2O_SAFE,,
2010,U,Rafah,2010,SH_H2O_SAFE,,
2014,U,Rafah,2014,SH_H2O_SAFE,,
2017,U,Rafah,2017,SH_H2O_SAFE,,
2010,R,West Bank,2010,SH_H2O_SAFE,,
2014,R,West Bank,2014,SH_H2O_SAFE,,
2017,R,West Bank,2017,SH_H2O_SAFE,,
2010,R,Gaza Strip,2010,SH_H2O_SAFE,,
2014,R,Gaza Strip,2014,SH_H2O_SAFE,,
2017,R,Gaza Strip,2017,SH_H2O_SAFE,,
2010,R,PS,2010,SH_H2O_SAFE,,79.6
2014,R,PS,2014,SH_H2O_SAFE,,86.9
2017,R,PS,2017,SH_H2O_SAFE,,93.6
2010,R,Jenin,2010,SH_H2O_SAFE,,
2014,R,Jenin,2014,SH_H2O_SAFE,,
2017,R,Jenin,2017,SH_H2O_SAFE,,
2010,R,Tubas & Northern Valleys,2010,SH_H2O_SAFE,,
2014,R,Tubas & Northern Valleys,2014,SH_H2O_SAFE,,
2017,R,Tubas & Northern Valleys,2017,SH_H2O_SAFE,,
2010,R,Tulkarm,2010,SH_H2O_SAFE,,
2014,R,Tulkarm,2014,SH_H2O_SAFE,,
2017,R,Tulkarm,2017,SH_H2O_SAFE,,
2010,R,Nablus,2010,SH_H2O_SAFE,,
2014,R,Nablus,2014,SH_H2O_SAFE,,
2017,R,Nablus,2017,SH_H2O_SAFE,,
2010,R,Qalqiliya,2010,SH_H2O_SAFE,,
2014,R,Qalqiliya,2014,SH_H2O_SAFE,,
2017,R,Qalqiliya,2017,SH_H2O_SAFE,,
2010,R,Salfit,2010,SH_H2O_SAFE,,
2014,R,Salfit,2014,SH_H2O_SAFE,,
2017,R,Salfit,2017,SH_H2O_SAFE,,
2010,R,Ramallah & Al-Bireh,2010,SH_H2O_SAFE,,
2014,R,Ramallah & Al-Bireh,2014,SH_H2O_SAFE,,
2017,R,Ramallah & Al-Bireh,2017,SH_H2O_SAFE,,
2010,R,Jericho & AL Aghwar,2010,SH_H2O_SAFE,,
2014,R,Jericho & AL Aghwar,2014,SH_H2O_SAFE,,
2017,R,Jericho & AL Aghwar,2017,SH_H2O_SAFE,,
2010,R,Jerusalem,2010,SH_H2O_SAFE,,
2014,R,Jerusalem,2014,SH_H2O_SAFE,,
2017,R,Jerusalem,2017,SH_H2O_SAFE,,
2010,R,Bethlehem,2010,SH_H2O_SAFE,,
2014,R,Bethlehem,2014,SH_H2O_SAFE,,
2017,R,Bethlehem,2017,SH_H2O_SAFE,,
2010,R,Hebron,2010,SH_H2O_SAFE,,
2014,R,Hebron,2014,SH_H2O_SAFE,,
2017,R,Hebron,2017,SH_H2O_SAFE,,
2010,R,North Gaza,2010,SH_H2O_SAFE,,
2014,R,North Gaza,2014,SH_H2O_SAFE,,
2017,R,North Gaza,2017,SH_H2O_SAFE,,
2010,R,Gaza,2010,SH_H2O_SAFE,,
2014,R,Gaza,2014,SH_H2O_SAFE,,
2017,R,Gaza,2017,SH_H2O_SAFE,,
2010,R,Dier Al-Balah,2010,SH_H2O_SAFE,,
2014,R,Dier Al-Balah,2014,SH_H2O_SAFE,,
2017,R,Dier Al-Balah,2017,SH_H2O_SAFE,,
2010,R,Khan Yunis,2010,SH_H2O_SAFE,,
2014,R,Khan Yunis,2014,SH_H2O_SAFE,,
2017,R,Khan Yunis,2017,SH_H2O_SAFE,,
2010,R,Rafah,2010,SH_H2O_SAFE,,
2014,R,Rafah,2014,SH_H2O_SAFE,,
2017,R,Rafah,2017,SH_H2O_SAFE,,
2010,Camp,West Bank,2010,SH_H2O_SAFE,,
2014,Camp,West Bank,2014,SH_H2O_SAFE,,
2017,Camp,West Bank,2017,SH_H2O_SAFE,,
2010,Camp,Gaza Strip,2010,SH_H2O_SAFE,,
2014,Camp,Gaza Strip,2014,SH_H2O_SAFE,,
2017,Camp,Gaza Strip,2017,SH_H2O_SAFE,,
2010,Camp,PS,2010,SH_H2O_SAFE,,47.1
2014,Camp,PS,2014,SH_H2O_SAFE,,42.3
2017,Camp,PS,2017,SH_H2O_SAFE,,40.9
2010,Camp,Jenin,2010,SH_H2O_SAFE,,
2014,Camp,Jenin,2014,SH_H2O_SAFE,,
2017,Camp,Jenin,2017,SH_H2O_SAFE,,
2010,Camp,Tubas & Northern Valleys,2010,SH_H2O_SAFE,,
2014,Camp,Tubas & Northern Valleys,2014,SH_H2O_SAFE,,
2017,Camp,Tubas & Northern Valleys,2017,SH_H2O_SAFE,,
2010,Camp,Tulkarm,2010,SH_H2O_SAFE,,
2014,Camp,Tulkarm,2014,SH_H2O_SAFE,,
2017,Camp,Tulkarm,2017,SH_H2O_SAFE,,
2010,Camp,Nablus,2010,SH_H2O_SAFE,,
2014,Camp,Nablus,2014,SH_H2O_SAFE,,
2017,Camp,Nablus,2017,SH_H2O_SAFE,,
2010,Camp,Qalqiliya,2010,SH_H2O_SAFE,,
2014,Camp,Qalqiliya,2014,SH_H2O_SAFE,,
2017,Camp,Qalqiliya,2017,SH_H2O_SAFE,,
2010,Camp,Salfit,2010,SH_H2O_SAFE,,
2014,Camp,Salfit,2014,SH_H2O_SAFE,,
2017,Camp,Salfit,2017,SH_H2O_SAFE,,
2010,Camp,Ramallah & Al-Bireh,2010,SH_H2O_SAFE,,
2014,Camp,Ramallah & Al-Bireh,2014,SH_H2O_SAFE,,
2017,Camp,Ramallah & Al-Bireh,2017,SH_H2O_SAFE,,
2010,Camp,Jericho & AL Aghwar,2010,SH_H2O_SAFE,,
2014,Camp,Jericho & AL Aghwar,2014,SH_H2O_SAFE,,
2017,Camp,Jericho & AL Aghwar,2017,SH_H2O_SAFE,,
2010,Camp,Jerusalem,2010,SH_H2O_SAFE,,
2014,Camp,Jerusalem,2014,SH_H2O_SAFE,,
2017,Camp,Jerusalem,2017,SH_H2O_SAFE,,
2010,Camp,Bethlehem,2010,SH_H2O_SAFE,,
2014,Camp,Bethlehem,2014,SH_H2O_SAFE,,
2017,Camp,Bethlehem,2017,SH_H2O_SAFE,,
2010,Camp,Hebron,2010,SH_H2O_SAFE,,
2014,Camp,Hebron,2014,SH_H2O_SAFE,,
2017,Camp,Hebron,2017,SH_H2O_SAFE,,
2010,Camp,North Gaza,2010,SH_H2O_SAFE,,
2014,Camp,North Gaza,2014,SH_H2O_SAFE,,
2017,Camp,North Gaza,2017,SH_H2O_SAFE,,
2010,Camp,Gaza,2010,SH_H2O_SAFE,,
2014,Camp,Gaza,2014,SH_H2O_SAFE,,
2017,Camp,Gaza,2017,SH_H2O_SAFE,,
2010,Camp,Dier Al-Balah,2010,SH_H2O_SAFE,,
2014,Camp,Dier Al-Balah,2014,SH_H2O_SAFE,,
2017,Camp,Dier Al-Balah,2017,SH_H2O_SAFE,,
2010,Camp,Khan Yunis,2010,SH_H2O_SAFE,,
2014,Camp,Khan Yunis,2014,SH_H2O_SAFE,,
2017,Camp,Khan Yunis,2017,SH_H2O_SAFE,,
2010,Camp,Rafah,2010,SH_H2O_SAFE,,
2014,Camp,Rafah,2014,SH_H2O_SAFE,,
2017,Camp,Rafah,2017,SH_H2O_SAFE,,
