Year,URBANISATION,REF_AREA,TIME_DETAIL,SERIES,Value
0,_T,West Bank,0,SH_SAN_DEFECT,99.4
2000,_T,West Bank,2000,SH_SAN_DEFECT,99.4
2002,_T,West Bank,2002,SH_SAN_DEFECT,98.8
2003,_T,West Bank,2003,SH_SAN_DEFECT,98.4
2004,_T,West Bank,2004,SH_SAN_DEFECT,98.6
2005,_T,West Bank,2005,SH_SAN_DEFECT,99.2
2006,_T,West Bank,2006,SH_SAN_DEFECT,99.2
2007,_T,West Bank,2007,SH_SAN_DEFECT,98.8
2008,_T,West Bank,2008,SH_SAN_DEFECT,98.8
2009,_T,West Bank,2009,SH_SAN_DEFECT,99.0
2010,_T,West Bank,2010,SH_SAN_DEFECT,88.0
2011,_T,West Bank,2011,SH_SAN_DEFECT,98.8
2012,_T,West Bank,2012,SH_SAN_DEFECT,99.4
2013,_T,West Bank,2013,SH_SAN_DEFECT,99.3
2014,_T,West Bank,2014,SH_SAN_DEFECT,98.8
2015,_T,West Bank,2015,SH_SAN_DEFECT,98.8
2017,_T,West Bank,2017,SH_SAN_DEFECT,99.6
0,_T,Gaza Strip,0,SH_SAN_DEFECT,
2000,_T,Gaza Strip,2000,SH_SAN_DEFECT,100.0
2002,_T,Gaza Strip,2002,SH_SAN_DEFECT,99.3
2003,_T,Gaza Strip,2003,SH_SAN_DEFECT,99.5
2004,_T,Gaza Strip,2004,SH_SAN_DEFECT,100.0
2005,_T,Gaza Strip,2005,SH_SAN_DEFECT,99.6
2006,_T,Gaza Strip,2006,SH_SAN_DEFECT,99.7
2007,_T,Gaza Strip,2007,SH_SAN_DEFECT,99.9
2008,_T,Gaza Strip,2008,SH_SAN_DEFECT,99.8
2009,_T,Gaza Strip,2009,SH_SAN_DEFECT,99.8
2010,_T,Gaza Strip,2010,SH_SAN_DEFECT,95.5
2011,_T,Gaza Strip,2011,SH_SAN_DEFECT,100.0
2012,_T,Gaza Strip,2012,SH_SAN_DEFECT,100.0
2013,_T,Gaza Strip,2013,SH_SAN_DEFECT,100.0
2014,_T,Gaza Strip,2014,SH_SAN_DEFECT,98.4
2015,_T,Gaza Strip,2015,SH_SAN_DEFECT,100.0
2017,_T,Gaza Strip,2017,SH_SAN_DEFECT,99.9
0,_T,PS,0,SH_SAN_DEFECT,
2000,_T,PS,2000,SH_SAN_DEFECT,99.6
2002,_T,PS,2002,SH_SAN_DEFECT,99.0
2003,_T,PS,2003,SH_SAN_DEFECT,99.8
2004,_T,PS,2004,SH_SAN_DEFECT,99.0
2005,_T,PS,2005,SH_SAN_DEFECT,99.4
2006,_T,PS,2006,SH_SAN_DEFECT,99.3
2007,_T,PS,2007,SH_SAN_DEFECT,99.2
2008,_T,PS,2008,SH_SAN_DEFECT,99.2
2009,_T,PS,2009,SH_SAN_DEFECT,99.3
2010,_T,PS,2010,SH_SAN_DEFECT,90.8
2011,_T,PS,2011,SH_SAN_DEFECT,99.3
2012,_T,PS,2012,SH_SAN_DEFECT,99.6
2013,_T,PS,2013,SH_SAN_DEFECT,99.5
2014,_T,PS,2014,SH_SAN_DEFECT,98.6
2015,_T,PS,2015,SH_SAN_DEFECT,99.2
2017,_T,PS,2017,SH_SAN_DEFECT,99.7
0,_T,Jenin,0,SH_SAN_DEFECT,
2000,_T,Jenin,2000,SH_SAN_DEFECT,
2002,_T,Jenin,2002,SH_SAN_DEFECT,
2003,_T,Jenin,2003,SH_SAN_DEFECT,
2004,_T,Jenin,2004,SH_SAN_DEFECT,
2005,_T,Jenin,2005,SH_SAN_DEFECT,
2006,_T,Jenin,2006,SH_SAN_DEFECT,
2007,_T,Jenin,2007,SH_SAN_DEFECT,99.8
2008,_T,Jenin,2008,SH_SAN_DEFECT,
2009,_T,Jenin,2009,SH_SAN_DEFECT,
2010,_T,Jenin,2010,SH_SAN_DEFECT,85.8
2011,_T,Jenin,2011,SH_SAN_DEFECT,
2012,_T,Jenin,2012,SH_SAN_DEFECT,
2013,_T,Jenin,2013,SH_SAN_DEFECT,
2014,_T,Jenin,2014,SH_SAN_DEFECT,98.4
2015,_T,Jenin,2015,SH_SAN_DEFECT,
2017,_T,Jenin,2017,SH_SAN_DEFECT,99.9
0,_T,Tubas & Northern Valleys,0,SH_SAN_DEFECT,
2000,_T,Tubas & Northern Valleys,2000,SH_SAN_DEFECT,
2002,_T,Tubas & Northern Valleys,2002,SH_SAN_DEFECT,
2003,_T,Tubas & Northern Valleys,2003,SH_SAN_DEFECT,
2004,_T,Tubas & Northern Valleys,2004,SH_SAN_DEFECT,
2005,_T,Tubas & Northern Valleys,2005,SH_SAN_DEFECT,
2006,_T,Tubas & Northern Valleys,2006,SH_SAN_DEFECT,
2007,_T,Tubas & Northern Valleys,2007,SH_SAN_DEFECT,96.9
2008,_T,Tubas & Northern Valleys,2008,SH_SAN_DEFECT,
2009,_T,Tubas & Northern Valleys,2009,SH_SAN_DEFECT,
2010,_T,Tubas & Northern Valleys,2010,SH_SAN_DEFECT,78.4
2011,_T,Tubas & Northern Valleys,2011,SH_SAN_DEFECT,
2012,_T,Tubas & Northern Valleys,2012,SH_SAN_DEFECT,
2013,_T,Tubas & Northern Valleys,2013,SH_SAN_DEFECT,
2014,_T,Tubas & Northern Valleys,2014,SH_SAN_DEFECT,100.0
2015,_T,Tubas & Northern Valleys,2015,SH_SAN_DEFECT,
2017,_T,Tubas & Northern Valleys,2017,SH_SAN_DEFECT,99.2
0,_T,Tulkarm,0,SH_SAN_DEFECT,
2000,_T,Tulkarm,2000,SH_SAN_DEFECT,
2002,_T,Tulkarm,2002,SH_SAN_DEFECT,
2003,_T,Tulkarm,2003,SH_SAN_DEFECT,
2004,_T,Tulkarm,2004,SH_SAN_DEFECT,
2005,_T,Tulkarm,2005,SH_SAN_DEFECT,
2006,_T,Tulkarm,2006,SH_SAN_DEFECT,
2007,_T,Tulkarm,2007,SH_SAN_DEFECT,99.7
2008,_T,Tulkarm,2008,SH_SAN_DEFECT,
2009,_T,Tulkarm,2009,SH_SAN_DEFECT,
2010,_T,Tulkarm,2010,SH_SAN_DEFECT,98.2
2011,_T,Tulkarm,2011,SH_SAN_DEFECT,
2012,_T,Tulkarm,2012,SH_SAN_DEFECT,
2013,_T,Tulkarm,2013,SH_SAN_DEFECT,
2014,_T,Tulkarm,2014,SH_SAN_DEFECT,99.4
2015,_T,Tulkarm,2015,SH_SAN_DEFECT,
2017,_T,Tulkarm,2017,SH_SAN_DEFECT,99.9
0,_T,Nablus,0,SH_SAN_DEFECT,
2000,_T,Nablus,2000,SH_SAN_DEFECT,
2002,_T,Nablus,2002,SH_SAN_DEFECT,
2003,_T,Nablus,2003,SH_SAN_DEFECT,
2004,_T,Nablus,2004,SH_SAN_DEFECT,
2005,_T,Nablus,2005,SH_SAN_DEFECT,
2006,_T,Nablus,2006,SH_SAN_DEFECT,
2007,_T,Nablus,2007,SH_SAN_DEFECT,99.6
2008,_T,Nablus,2008,SH_SAN_DEFECT,
2009,_T,Nablus,2009,SH_SAN_DEFECT,
2010,_T,Nablus,2010,SH_SAN_DEFECT,97.3
2011,_T,Nablus,2011,SH_SAN_DEFECT,
2012,_T,Nablus,2012,SH_SAN_DEFECT,
2013,_T,Nablus,2013,SH_SAN_DEFECT,
2014,_T,Nablus,2014,SH_SAN_DEFECT,99.7
2015,_T,Nablus,2015,SH_SAN_DEFECT,
2017,_T,Nablus,2017,SH_SAN_DEFECT,99.9
0,_T,Qalqiliya,0,SH_SAN_DEFECT,
2000,_T,Qalqiliya,2000,SH_SAN_DEFECT,
2002,_T,Qalqiliya,2002,SH_SAN_DEFECT,
2003,_T,Qalqiliya,2003,SH_SAN_DEFECT,
2004,_T,Qalqiliya,2004,SH_SAN_DEFECT,
2005,_T,Qalqiliya,2005,SH_SAN_DEFECT,
2006,_T,Qalqiliya,2006,SH_SAN_DEFECT,
2007,_T,Qalqiliya,2007,SH_SAN_DEFECT,98.6
2008,_T,Qalqiliya,2008,SH_SAN_DEFECT,
2009,_T,Qalqiliya,2009,SH_SAN_DEFECT,
2010,_T,Qalqiliya,2010,SH_SAN_DEFECT,95.3
2011,_T,Qalqiliya,2011,SH_SAN_DEFECT,
2012,_T,Qalqiliya,2012,SH_SAN_DEFECT,
2013,_T,Qalqiliya,2013,SH_SAN_DEFECT,
2014,_T,Qalqiliya,2014,SH_SAN_DEFECT,100.0
2015,_T,Qalqiliya,2015,SH_SAN_DEFECT,
2017,_T,Qalqiliya,2017,SH_SAN_DEFECT,100.0
0,_T,Salfit,0,SH_SAN_DEFECT,
2000,_T,Salfit,2000,SH_SAN_DEFECT,
2002,_T,Salfit,2002,SH_SAN_DEFECT,
2003,_T,Salfit,2003,SH_SAN_DEFECT,
2004,_T,Salfit,2004,SH_SAN_DEFECT,
2005,_T,Salfit,2005,SH_SAN_DEFECT,
2006,_T,Salfit,2006,SH_SAN_DEFECT,
2007,_T,Salfit,2007,SH_SAN_DEFECT,99.5
2008,_T,Salfit,2008,SH_SAN_DEFECT,
2009,_T,Salfit,2009,SH_SAN_DEFECT,
2010,_T,Salfit,2010,SH_SAN_DEFECT,66.5
2011,_T,Salfit,2011,SH_SAN_DEFECT,
2012,_T,Salfit,2012,SH_SAN_DEFECT,
2013,_T,Salfit,2013,SH_SAN_DEFECT,
2014,_T,Salfit,2014,SH_SAN_DEFECT,100.0
2015,_T,Salfit,2015,SH_SAN_DEFECT,
2017,_T,Salfit,2017,SH_SAN_DEFECT,99.8
0,_T,Ramallah & Al-Bireh,0,SH_SAN_DEFECT,
2000,_T,Ramallah & Al-Bireh,2000,SH_SAN_DEFECT,
2002,_T,Ramallah & Al-Bireh,2002,SH_SAN_DEFECT,
2003,_T,Ramallah & Al-Bireh,2003,SH_SAN_DEFECT,
2004,_T,Ramallah & Al-Bireh,2004,SH_SAN_DEFECT,
2005,_T,Ramallah & Al-Bireh,2005,SH_SAN_DEFECT,
2006,_T,Ramallah & Al-Bireh,2006,SH_SAN_DEFECT,
2007,_T,Ramallah & Al-Bireh,2007,SH_SAN_DEFECT,98.7
2008,_T,Ramallah & Al-Bireh,2008,SH_SAN_DEFECT,
2009,_T,Ramallah & Al-Bireh,2009,SH_SAN_DEFECT,
2010,_T,Ramallah & Al-Bireh,2010,SH_SAN_DEFECT,80.1
2011,_T,Ramallah & Al-Bireh,2011,SH_SAN_DEFECT,
2012,_T,Ramallah & Al-Bireh,2012,SH_SAN_DEFECT,
2013,_T,Ramallah & Al-Bireh,2013,SH_SAN_DEFECT,
2014,_T,Ramallah & Al-Bireh,2014,SH_SAN_DEFECT,99.0
2015,_T,Ramallah & Al-Bireh,2015,SH_SAN_DEFECT,
2017,_T,Ramallah & Al-Bireh,2017,SH_SAN_DEFECT,99.4
0,_T,Jericho & AL Aghwar,0,SH_SAN_DEFECT,
2000,_T,Jericho & AL Aghwar,2000,SH_SAN_DEFECT,
2002,_T,Jericho & AL Aghwar,2002,SH_SAN_DEFECT,
2003,_T,Jericho & AL Aghwar,2003,SH_SAN_DEFECT,
2004,_T,Jericho & AL Aghwar,2004,SH_SAN_DEFECT,
2005,_T,Jericho & AL Aghwar,2005,SH_SAN_DEFECT,
2006,_T,Jericho & AL Aghwar,2006,SH_SAN_DEFECT,
2007,_T,Jericho & AL Aghwar,2007,SH_SAN_DEFECT,94.3
2008,_T,Jericho & AL Aghwar,2008,SH_SAN_DEFECT,
2009,_T,Jericho & AL Aghwar,2009,SH_SAN_DEFECT,
2010,_T,Jericho & AL Aghwar,2010,SH_SAN_DEFECT,95.5
2011,_T,Jericho & AL Aghwar,2011,SH_SAN_DEFECT,
2012,_T,Jericho & AL Aghwar,2012,SH_SAN_DEFECT,
2013,_T,Jericho & AL Aghwar,2013,SH_SAN_DEFECT,
2014,_T,Jericho & AL Aghwar,2014,SH_SAN_DEFECT,96.4
2015,_T,Jericho & AL Aghwar,2015,SH_SAN_DEFECT,
2017,_T,Jericho & AL Aghwar,2017,SH_SAN_DEFECT,98.8
0,_T,Jerusalem,0,SH_SAN_DEFECT,
2000,_T,Jerusalem,2000,SH_SAN_DEFECT,
2002,_T,Jerusalem,2002,SH_SAN_DEFECT,
2003,_T,Jerusalem,2003,SH_SAN_DEFECT,
2004,_T,Jerusalem,2004,SH_SAN_DEFECT,
2005,_T,Jerusalem,2005,SH_SAN_DEFECT,
2006,_T,Jerusalem,2006,SH_SAN_DEFECT,
2007,_T,Jerusalem,2007,SH_SAN_DEFECT,98.0
2008,_T,Jerusalem,2008,SH_SAN_DEFECT,
2009,_T,Jerusalem,2009,SH_SAN_DEFECT,
2010,_T,Jerusalem,2010,SH_SAN_DEFECT,88.3
2011,_T,Jerusalem,2011,SH_SAN_DEFECT,
2012,_T,Jerusalem,2012,SH_SAN_DEFECT,
2013,_T,Jerusalem,2013,SH_SAN_DEFECT,
2014,_T,Jerusalem,2014,SH_SAN_DEFECT,98.6
2015,_T,Jerusalem,2015,SH_SAN_DEFECT,
2017,_T,Jerusalem,2017,SH_SAN_DEFECT,98.5
0,_T,Bethlehem,0,SH_SAN_DEFECT,
2000,_T,Bethlehem,2000,SH_SAN_DEFECT,
2002,_T,Bethlehem,2002,SH_SAN_DEFECT,
2003,_T,Bethlehem,2003,SH_SAN_DEFECT,
2004,_T,Bethlehem,2004,SH_SAN_DEFECT,
2005,_T,Bethlehem,2005,SH_SAN_DEFECT,
2006,_T,Bethlehem,2006,SH_SAN_DEFECT,
2007,_T,Bethlehem,2007,SH_SAN_DEFECT,98.6
2008,_T,Bethlehem,2008,SH_SAN_DEFECT,
2009,_T,Bethlehem,2009,SH_SAN_DEFECT,
2010,_T,Bethlehem,2010,SH_SAN_DEFECT,90.9
2011,_T,Bethlehem,2011,SH_SAN_DEFECT,
2012,_T,Bethlehem,2012,SH_SAN_DEFECT,
2013,_T,Bethlehem,2013,SH_SAN_DEFECT,
2014,_T,Bethlehem,2014,SH_SAN_DEFECT,97.2
2015,_T,Bethlehem,2015,SH_SAN_DEFECT,
2017,_T,Bethlehem,2017,SH_SAN_DEFECT,98.7
0,_T,Hebron,0,SH_SAN_DEFECT,
2000,_T,Hebron,2000,SH_SAN_DEFECT,
2002,_T,Hebron,2002,SH_SAN_DEFECT,
2003,_T,Hebron,2003,SH_SAN_DEFECT,
2004,_T,Hebron,2004,SH_SAN_DEFECT,
2005,_T,Hebron,2005,SH_SAN_DEFECT,
2006,_T,Hebron,2006,SH_SAN_DEFECT,
2007,_T,Hebron,2007,SH_SAN_DEFECT,98.4
2008,_T,Hebron,2008,SH_SAN_DEFECT,
2009,_T,Hebron,2009,SH_SAN_DEFECT,
2010,_T,Hebron,2010,SH_SAN_DEFECT,85.1
2011,_T,Hebron,2011,SH_SAN_DEFECT,
2012,_T,Hebron,2012,SH_SAN_DEFECT,
2013,_T,Hebron,2013,SH_SAN_DEFECT,
2014,_T,Hebron,2014,SH_SAN_DEFECT,98.9
2015,_T,Hebron,2015,SH_SAN_DEFECT,
2017,_T,Hebron,2017,SH_SAN_DEFECT,99.7
0,_T,North Gaza,0,SH_SAN_DEFECT,
2000,_T,North Gaza,2000,SH_SAN_DEFECT,
2002,_T,North Gaza,2002,SH_SAN_DEFECT,
2003,_T,North Gaza,2003,SH_SAN_DEFECT,
2004,_T,North Gaza,2004,SH_SAN_DEFECT,
2005,_T,North Gaza,2005,SH_SAN_DEFECT,
2006,_T,North Gaza,2006,SH_SAN_DEFECT,
2007,_T,North Gaza,2007,SH_SAN_DEFECT,99.9
2008,_T,North Gaza,2008,SH_SAN_DEFECT,
2009,_T,North Gaza,2009,SH_SAN_DEFECT,
2010,_T,North Gaza,2010,SH_SAN_DEFECT,92.8
2011,_T,North Gaza,2011,SH_SAN_DEFECT,
2012,_T,North Gaza,2012,SH_SAN_DEFECT,
2013,_T,North Gaza,2013,SH_SAN_DEFECT,
2014,_T,North Gaza,2014,SH_SAN_DEFECT,97.2
2015,_T,North Gaza,2015,SH_SAN_DEFECT,
2017,_T,North Gaza,2017,SH_SAN_DEFECT,99.7
0,_T,Gaza,0,SH_SAN_DEFECT,
2000,_T,Gaza,2000,SH_SAN_DEFECT,
2002,_T,Gaza,2002,SH_SAN_DEFECT,
2003,_T,Gaza,2003,SH_SAN_DEFECT,
2004,_T,Gaza,2004,SH_SAN_DEFECT,
2005,_T,Gaza,2005,SH_SAN_DEFECT,
2006,_T,Gaza,2006,SH_SAN_DEFECT,
2007,_T,Gaza,2007,SH_SAN_DEFECT,99.9
2008,_T,Gaza,2008,SH_SAN_DEFECT,
2009,_T,Gaza,2009,SH_SAN_DEFECT,
2010,_T,Gaza,2010,SH_SAN_DEFECT,95.6
2011,_T,Gaza,2011,SH_SAN_DEFECT,
2012,_T,Gaza,2012,SH_SAN_DEFECT,
2013,_T,Gaza,2013,SH_SAN_DEFECT,
2014,_T,Gaza,2014,SH_SAN_DEFECT,97.8
2015,_T,Gaza,2015,SH_SAN_DEFECT,
2017,_T,Gaza,2017,SH_SAN_DEFECT,99.9
0,_T,Dier Al-Balah,0,SH_SAN_DEFECT,
2000,_T,Dier Al-Balah,2000,SH_SAN_DEFECT,
2002,_T,Dier Al-Balah,2002,SH_SAN_DEFECT,
2003,_T,Dier Al-Balah,2003,SH_SAN_DEFECT,
2004,_T,Dier Al-Balah,2004,SH_SAN_DEFECT,
2005,_T,Dier Al-Balah,2005,SH_SAN_DEFECT,
2006,_T,Dier Al-Balah,2006,SH_SAN_DEFECT,
2007,_T,Dier Al-Balah,2007,SH_SAN_DEFECT,99.9
2008,_T,Dier Al-Balah,2008,SH_SAN_DEFECT,
2009,_T,Dier Al-Balah,2009,SH_SAN_DEFECT,
2010,_T,Dier Al-Balah,2010,SH_SAN_DEFECT,98.9
2011,_T,Dier Al-Balah,2011,SH_SAN_DEFECT,
2012,_T,Dier Al-Balah,2012,SH_SAN_DEFECT,
2013,_T,Dier Al-Balah,2013,SH_SAN_DEFECT,
2014,_T,Dier Al-Balah,2014,SH_SAN_DEFECT,99.0
2015,_T,Dier Al-Balah,2015,SH_SAN_DEFECT,
2017,_T,Dier Al-Balah,2017,SH_SAN_DEFECT,99.9
0,_T,Khan Yunis,0,SH_SAN_DEFECT,
2000,_T,Khan Yunis,2000,SH_SAN_DEFECT,
2002,_T,Khan Yunis,2002,SH_SAN_DEFECT,
2003,_T,Khan Yunis,2003,SH_SAN_DEFECT,
2004,_T,Khan Yunis,2004,SH_SAN_DEFECT,
2005,_T,Khan Yunis,2005,SH_SAN_DEFECT,
2006,_T,Khan Yunis,2006,SH_SAN_DEFECT,
2007,_T,Khan Yunis,2007,SH_SAN_DEFECT,99.8
2008,_T,Khan Yunis,2008,SH_SAN_DEFECT,
2009,_T,Khan Yunis,2009,SH_SAN_DEFECT,
2010,_T,Khan Yunis,2010,SH_SAN_DEFECT,94.6
2011,_T,Khan Yunis,2011,SH_SAN_DEFECT,
2012,_T,Khan Yunis,2012,SH_SAN_DEFECT,
2013,_T,Khan Yunis,2013,SH_SAN_DEFECT,
2014,_T,Khan Yunis,2014,SH_SAN_DEFECT,99.3
2015,_T,Khan Yunis,2015,SH_SAN_DEFECT,
2017,_T,Khan Yunis,2017,SH_SAN_DEFECT,99.9
0,_T,Rafah,0,SH_SAN_DEFECT,
2000,_T,Rafah,2000,SH_SAN_DEFECT,
2002,_T,Rafah,2002,SH_SAN_DEFECT,
2003,_T,Rafah,2003,SH_SAN_DEFECT,
2004,_T,Rafah,2004,SH_SAN_DEFECT,
2005,_T,Rafah,2005,SH_SAN_DEFECT,
2006,_T,Rafah,2006,SH_SAN_DEFECT,
2007,_T,Rafah,2007,SH_SAN_DEFECT,99.9
2008,_T,Rafah,2008,SH_SAN_DEFECT,
2009,_T,Rafah,2009,SH_SAN_DEFECT,
2010,_T,Rafah,2010,SH_SAN_DEFECT,96.6
2011,_T,Rafah,2011,SH_SAN_DEFECT,
2012,_T,Rafah,2012,SH_SAN_DEFECT,
2013,_T,Rafah,2013,SH_SAN_DEFECT,
2014,_T,Rafah,2014,SH_SAN_DEFECT,99.8
2015,_T,Rafah,2015,SH_SAN_DEFECT,
2017,_T,Rafah,2017,SH_SAN_DEFECT,100.0
0,U,West Bank,0,SH_SAN_DEFECT,
2000,U,West Bank,2000,SH_SAN_DEFECT,
2002,U,West Bank,2002,SH_SAN_DEFECT,
2003,U,West Bank,2003,SH_SAN_DEFECT,
2004,U,West Bank,2004,SH_SAN_DEFECT,
2005,U,West Bank,2005,SH_SAN_DEFECT,
2006,U,West Bank,2006,SH_SAN_DEFECT,
2007,U,West Bank,2007,SH_SAN_DEFECT,
2008,U,West Bank,2008,SH_SAN_DEFECT,
2009,U,West Bank,2009,SH_SAN_DEFECT,
2010,U,West Bank,2010,SH_SAN_DEFECT,
2011,U,West Bank,2011,SH_SAN_DEFECT,
2012,U,West Bank,2012,SH_SAN_DEFECT,
2013,U,West Bank,2013,SH_SAN_DEFECT,
2014,U,West Bank,2014,SH_SAN_DEFECT,
2015,U,West Bank,2015,SH_SAN_DEFECT,
2017,U,West Bank,2017,SH_SAN_DEFECT,
0,U,Gaza Strip,0,SH_SAN_DEFECT,
2000,U,Gaza Strip,2000,SH_SAN_DEFECT,
2002,U,Gaza Strip,2002,SH_SAN_DEFECT,
2003,U,Gaza Strip,2003,SH_SAN_DEFECT,
2004,U,Gaza Strip,2004,SH_SAN_DEFECT,
2005,U,Gaza Strip,2005,SH_SAN_DEFECT,
2006,U,Gaza Strip,2006,SH_SAN_DEFECT,
2007,U,Gaza Strip,2007,SH_SAN_DEFECT,
2008,U,Gaza Strip,2008,SH_SAN_DEFECT,
2009,U,Gaza Strip,2009,SH_SAN_DEFECT,
2010,U,Gaza Strip,2010,SH_SAN_DEFECT,
2011,U,Gaza Strip,2011,SH_SAN_DEFECT,
2012,U,Gaza Strip,2012,SH_SAN_DEFECT,
2013,U,Gaza Strip,2013,SH_SAN_DEFECT,
2014,U,Gaza Strip,2014,SH_SAN_DEFECT,
2015,U,Gaza Strip,2015,SH_SAN_DEFECT,
2017,U,Gaza Strip,2017,SH_SAN_DEFECT,
0,U,PS,0,SH_SAN_DEFECT,
2000,U,PS,2000,SH_SAN_DEFECT,
2002,U,PS,2002,SH_SAN_DEFECT,
2003,U,PS,2003,SH_SAN_DEFECT,
2004,U,PS,2004,SH_SAN_DEFECT,
2005,U,PS,2005,SH_SAN_DEFECT,99.2
2006,U,PS,2006,SH_SAN_DEFECT,99.2
2007,U,PS,2007,SH_SAN_DEFECT,99.5
2008,U,PS,2008,SH_SAN_DEFECT,99.6
2009,U,PS,2009,SH_SAN_DEFECT,
2010,U,PS,2010,SH_SAN_DEFECT,91.3
2011,U,PS,2011,SH_SAN_DEFECT,99.4
2012,U,PS,2012,SH_SAN_DEFECT,100.0
2013,U,PS,2013,SH_SAN_DEFECT,99.7
2014,U,PS,2014,SH_SAN_DEFECT,98.7
2015,U,PS,2015,SH_SAN_DEFECT,99.2
2017,U,PS,2017,SH_SAN_DEFECT,99.8
0,U,Jenin,0,SH_SAN_DEFECT,
2000,U,Jenin,2000,SH_SAN_DEFECT,
2002,U,Jenin,2002,SH_SAN_DEFECT,
2003,U,Jenin,2003,SH_SAN_DEFECT,
2004,U,Jenin,2004,SH_SAN_DEFECT,
2005,U,Jenin,2005,SH_SAN_DEFECT,
2006,U,Jenin,2006,SH_SAN_DEFECT,
2007,U,Jenin,2007,SH_SAN_DEFECT,
2008,U,Jenin,2008,SH_SAN_DEFECT,
2009,U,Jenin,2009,SH_SAN_DEFECT,
2010,U,Jenin,2010,SH_SAN_DEFECT,
2011,U,Jenin,2011,SH_SAN_DEFECT,
2012,U,Jenin,2012,SH_SAN_DEFECT,
2013,U,Jenin,2013,SH_SAN_DEFECT,
2014,U,Jenin,2014,SH_SAN_DEFECT,
2015,U,Jenin,2015,SH_SAN_DEFECT,
2017,U,Jenin,2017,SH_SAN_DEFECT,
0,U,Tubas & Northern Valleys,0,SH_SAN_DEFECT,
2000,U,Tubas & Northern Valleys,2000,SH_SAN_DEFECT,
2002,U,Tubas & Northern Valleys,2002,SH_SAN_DEFECT,
2003,U,Tubas & Northern Valleys,2003,SH_SAN_DEFECT,
2004,U,Tubas & Northern Valleys,2004,SH_SAN_DEFECT,
2005,U,Tubas & Northern Valleys,2005,SH_SAN_DEFECT,
2006,U,Tubas & Northern Valleys,2006,SH_SAN_DEFECT,
2007,U,Tubas & Northern Valleys,2007,SH_SAN_DEFECT,
2008,U,Tubas & Northern Valleys,2008,SH_SAN_DEFECT,
2009,U,Tubas & Northern Valleys,2009,SH_SAN_DEFECT,
2010,U,Tubas & Northern Valleys,2010,SH_SAN_DEFECT,
2011,U,Tubas & Northern Valleys,2011,SH_SAN_DEFECT,
2012,U,Tubas & Northern Valleys,2012,SH_SAN_DEFECT,
2013,U,Tubas & Northern Valleys,2013,SH_SAN_DEFECT,
2014,U,Tubas & Northern Valleys,2014,SH_SAN_DEFECT,
2015,U,Tubas & Northern Valleys,2015,SH_SAN_DEFECT,
2017,U,Tubas & Northern Valleys,2017,SH_SAN_DEFECT,
0,U,Tulkarm,0,SH_SAN_DEFECT,
2000,U,Tulkarm,2000,SH_SAN_DEFECT,
2002,U,Tulkarm,2002,SH_SAN_DEFECT,
2003,U,Tulkarm,2003,SH_SAN_DEFECT,
2004,U,Tulkarm,2004,SH_SAN_DEFECT,
2005,U,Tulkarm,2005,SH_SAN_DEFECT,
2006,U,Tulkarm,2006,SH_SAN_DEFECT,
2007,U,Tulkarm,2007,SH_SAN_DEFECT,
2008,U,Tulkarm,2008,SH_SAN_DEFECT,
2009,U,Tulkarm,2009,SH_SAN_DEFECT,
2010,U,Tulkarm,2010,SH_SAN_DEFECT,
2011,U,Tulkarm,2011,SH_SAN_DEFECT,
2012,U,Tulkarm,2012,SH_SAN_DEFECT,
2013,U,Tulkarm,2013,SH_SAN_DEFECT,
2014,U,Tulkarm,2014,SH_SAN_DEFECT,
2015,U,Tulkarm,2015,SH_SAN_DEFECT,
2017,U,Tulkarm,2017,SH_SAN_DEFECT,
0,U,Nablus,0,SH_SAN_DEFECT,
2000,U,Nablus,2000,SH_SAN_DEFECT,
2002,U,Nablus,2002,SH_SAN_DEFECT,
2003,U,Nablus,2003,SH_SAN_DEFECT,
2004,U,Nablus,2004,SH_SAN_DEFECT,
2005,U,Nablus,2005,SH_SAN_DEFECT,
2006,U,Nablus,2006,SH_SAN_DEFECT,
2007,U,Nablus,2007,SH_SAN_DEFECT,
2008,U,Nablus,2008,SH_SAN_DEFECT,
2009,U,Nablus,2009,SH_SAN_DEFECT,
2010,U,Nablus,2010,SH_SAN_DEFECT,
2011,U,Nablus,2011,SH_SAN_DEFECT,
2012,U,Nablus,2012,SH_SAN_DEFECT,
2013,U,Nablus,2013,SH_SAN_DEFECT,
2014,U,Nablus,2014,SH_SAN_DEFECT,
2015,U,Nablus,2015,SH_SAN_DEFECT,
2017,U,Nablus,2017,SH_SAN_DEFECT,
0,U,Qalqiliya,0,SH_SAN_DEFECT,
2000,U,Qalqiliya,2000,SH_SAN_DEFECT,
2002,U,Qalqiliya,2002,SH_SAN_DEFECT,
2003,U,Qalqiliya,2003,SH_SAN_DEFECT,
2004,U,Qalqiliya,2004,SH_SAN_DEFECT,
2005,U,Qalqiliya,2005,SH_SAN_DEFECT,
2006,U,Qalqiliya,2006,SH_SAN_DEFECT,
2007,U,Qalqiliya,2007,SH_SAN_DEFECT,
2008,U,Qalqiliya,2008,SH_SAN_DEFECT,
2009,U,Qalqiliya,2009,SH_SAN_DEFECT,
2010,U,Qalqiliya,2010,SH_SAN_DEFECT,
2011,U,Qalqiliya,2011,SH_SAN_DEFECT,
2012,U,Qalqiliya,2012,SH_SAN_DEFECT,
2013,U,Qalqiliya,2013,SH_SAN_DEFECT,
2014,U,Qalqiliya,2014,SH_SAN_DEFECT,
2015,U,Qalqiliya,2015,SH_SAN_DEFECT,
2017,U,Qalqiliya,2017,SH_SAN_DEFECT,
0,U,Salfit,0,SH_SAN_DEFECT,
2000,U,Salfit,2000,SH_SAN_DEFECT,
2002,U,Salfit,2002,SH_SAN_DEFECT,
2003,U,Salfit,2003,SH_SAN_DEFECT,
2004,U,Salfit,2004,SH_SAN_DEFECT,
2005,U,Salfit,2005,SH_SAN_DEFECT,
2006,U,Salfit,2006,SH_SAN_DEFECT,
2007,U,Salfit,2007,SH_SAN_DEFECT,
2008,U,Salfit,2008,SH_SAN_DEFECT,
2009,U,Salfit,2009,SH_SAN_DEFECT,
2010,U,Salfit,2010,SH_SAN_DEFECT,
2011,U,Salfit,2011,SH_SAN_DEFECT,
2012,U,Salfit,2012,SH_SAN_DEFECT,
2013,U,Salfit,2013,SH_SAN_DEFECT,
2014,U,Salfit,2014,SH_SAN_DEFECT,
2015,U,Salfit,2015,SH_SAN_DEFECT,
2017,U,Salfit,2017,SH_SAN_DEFECT,
0,U,Ramallah & Al-Bireh,0,SH_SAN_DEFECT,
2000,U,Ramallah & Al-Bireh,2000,SH_SAN_DEFECT,
2002,U,Ramallah & Al-Bireh,2002,SH_SAN_DEFECT,
2003,U,Ramallah & Al-Bireh,2003,SH_SAN_DEFECT,
2004,U,Ramallah & Al-Bireh,2004,SH_SAN_DEFECT,
2005,U,Ramallah & Al-Bireh,2005,SH_SAN_DEFECT,
2006,U,Ramallah & Al-Bireh,2006,SH_SAN_DEFECT,
2007,U,Ramallah & Al-Bireh,2007,SH_SAN_DEFECT,
2008,U,Ramallah & Al-Bireh,2008,SH_SAN_DEFECT,
2009,U,Ramallah & Al-Bireh,2009,SH_SAN_DEFECT,
2010,U,Ramallah & Al-Bireh,2010,SH_SAN_DEFECT,
2011,U,Ramallah & Al-Bireh,2011,SH_SAN_DEFECT,
2012,U,Ramallah & Al-Bireh,2012,SH_SAN_DEFECT,
2013,U,Ramallah & Al-Bireh,2013,SH_SAN_DEFECT,
2014,U,Ramallah & Al-Bireh,2014,SH_SAN_DEFECT,
2015,U,Ramallah & Al-Bireh,2015,SH_SAN_DEFECT,
2017,U,Ramallah & Al-Bireh,2017,SH_SAN_DEFECT,
0,U,Jericho & AL Aghwar,0,SH_SAN_DEFECT,
2000,U,Jericho & AL Aghwar,2000,SH_SAN_DEFECT,
2002,U,Jericho & AL Aghwar,2002,SH_SAN_DEFECT,
2003,U,Jericho & AL Aghwar,2003,SH_SAN_DEFECT,
2004,U,Jericho & AL Aghwar,2004,SH_SAN_DEFECT,
2005,U,Jericho & AL Aghwar,2005,SH_SAN_DEFECT,
2006,U,Jericho & AL Aghwar,2006,SH_SAN_DEFECT,
2007,U,Jericho & AL Aghwar,2007,SH_SAN_DEFECT,
2008,U,Jericho & AL Aghwar,2008,SH_SAN_DEFECT,
2009,U,Jericho & AL Aghwar,2009,SH_SAN_DEFECT,
2010,U,Jericho & AL Aghwar,2010,SH_SAN_DEFECT,
2011,U,Jericho & AL Aghwar,2011,SH_SAN_DEFECT,
2012,U,Jericho & AL Aghwar,2012,SH_SAN_DEFECT,
2013,U,Jericho & AL Aghwar,2013,SH_SAN_DEFECT,
2014,U,Jericho & AL Aghwar,2014,SH_SAN_DEFECT,
2015,U,Jericho & AL Aghwar,2015,SH_SAN_DEFECT,
2017,U,Jericho & AL Aghwar,2017,SH_SAN_DEFECT,
0,U,Jerusalem,0,SH_SAN_DEFECT,
2000,U,Jerusalem,2000,SH_SAN_DEFECT,
2002,U,Jerusalem,2002,SH_SAN_DEFECT,
2003,U,Jerusalem,2003,SH_SAN_DEFECT,
2004,U,Jerusalem,2004,SH_SAN_DEFECT,
2005,U,Jerusalem,2005,SH_SAN_DEFECT,
2006,U,Jerusalem,2006,SH_SAN_DEFECT,
2007,U,Jerusalem,2007,SH_SAN_DEFECT,
2008,U,Jerusalem,2008,SH_SAN_DEFECT,
2009,U,Jerusalem,2009,SH_SAN_DEFECT,
2010,U,Jerusalem,2010,SH_SAN_DEFECT,
2011,U,Jerusalem,2011,SH_SAN_DEFECT,
2012,U,Jerusalem,2012,SH_SAN_DEFECT,
2013,U,Jerusalem,2013,SH_SAN_DEFECT,
2014,U,Jerusalem,2014,SH_SAN_DEFECT,
2015,U,Jerusalem,2015,SH_SAN_DEFECT,
2017,U,Jerusalem,2017,SH_SAN_DEFECT,
0,U,Bethlehem,0,SH_SAN_DEFECT,
2000,U,Bethlehem,2000,SH_SAN_DEFECT,
2002,U,Bethlehem,2002,SH_SAN_DEFECT,
2003,U,Bethlehem,2003,SH_SAN_DEFECT,
2004,U,Bethlehem,2004,SH_SAN_DEFECT,
2005,U,Bethlehem,2005,SH_SAN_DEFECT,
2006,U,Bethlehem,2006,SH_SAN_DEFECT,
2007,U,Bethlehem,2007,SH_SAN_DEFECT,
2008,U,Bethlehem,2008,SH_SAN_DEFECT,
2009,U,Bethlehem,2009,SH_SAN_DEFECT,
2010,U,Bethlehem,2010,SH_SAN_DEFECT,
2011,U,Bethlehem,2011,SH_SAN_DEFECT,
2012,U,Bethlehem,2012,SH_SAN_DEFECT,
2013,U,Bethlehem,2013,SH_SAN_DEFECT,
2014,U,Bethlehem,2014,SH_SAN_DEFECT,
2015,U,Bethlehem,2015,SH_SAN_DEFECT,
2017,U,Bethlehem,2017,SH_SAN_DEFECT,
0,U,Hebron,0,SH_SAN_DEFECT,
2000,U,Hebron,2000,SH_SAN_DEFECT,
2002,U,Hebron,2002,SH_SAN_DEFECT,
2003,U,Hebron,2003,SH_SAN_DEFECT,
2004,U,Hebron,2004,SH_SAN_DEFECT,
2005,U,Hebron,2005,SH_SAN_DEFECT,
2006,U,Hebron,2006,SH_SAN_DEFECT,
2007,U,Hebron,2007,SH_SAN_DEFECT,
2008,U,Hebron,2008,SH_SAN_DEFECT,
2009,U,Hebron,2009,SH_SAN_DEFECT,
2010,U,Hebron,2010,SH_SAN_DEFECT,
2011,U,Hebron,2011,SH_SAN_DEFECT,
2012,U,Hebron,2012,SH_SAN_DEFECT,
2013,U,Hebron,2013,SH_SAN_DEFECT,
2014,U,Hebron,2014,SH_SAN_DEFECT,
2015,U,Hebron,2015,SH_SAN_DEFECT,
2017,U,Hebron,2017,SH_SAN_DEFECT,
0,U,North Gaza,0,SH_SAN_DEFECT,
2000,U,North Gaza,2000,SH_SAN_DEFECT,
2002,U,North Gaza,2002,SH_SAN_DEFECT,
2003,U,North Gaza,2003,SH_SAN_DEFECT,
2004,U,North Gaza,2004,SH_SAN_DEFECT,
2005,U,North Gaza,2005,SH_SAN_DEFECT,
2006,U,North Gaza,2006,SH_SAN_DEFECT,
2007,U,North Gaza,2007,SH_SAN_DEFECT,
2008,U,North Gaza,2008,SH_SAN_DEFECT,
2009,U,North Gaza,2009,SH_SAN_DEFECT,
2010,U,North Gaza,2010,SH_SAN_DEFECT,
2011,U,North Gaza,2011,SH_SAN_DEFECT,
2012,U,North Gaza,2012,SH_SAN_DEFECT,
2013,U,North Gaza,2013,SH_SAN_DEFECT,
2014,U,North Gaza,2014,SH_SAN_DEFECT,
2015,U,North Gaza,2015,SH_SAN_DEFECT,
2017,U,North Gaza,2017,SH_SAN_DEFECT,
0,U,Gaza,0,SH_SAN_DEFECT,
2000,U,Gaza,2000,SH_SAN_DEFECT,
2002,U,Gaza,2002,SH_SAN_DEFECT,
2003,U,Gaza,2003,SH_SAN_DEFECT,
2004,U,Gaza,2004,SH_SAN_DEFECT,
2005,U,Gaza,2005,SH_SAN_DEFECT,
2006,U,Gaza,2006,SH_SAN_DEFECT,
2007,U,Gaza,2007,SH_SAN_DEFECT,
2008,U,Gaza,2008,SH_SAN_DEFECT,
2009,U,Gaza,2009,SH_SAN_DEFECT,
2010,U,Gaza,2010,SH_SAN_DEFECT,
2011,U,Gaza,2011,SH_SAN_DEFECT,
2012,U,Gaza,2012,SH_SAN_DEFECT,
2013,U,Gaza,2013,SH_SAN_DEFECT,
2014,U,Gaza,2014,SH_SAN_DEFECT,
2015,U,Gaza,2015,SH_SAN_DEFECT,
2017,U,Gaza,2017,SH_SAN_DEFECT,
0,U,Dier Al-Balah,0,SH_SAN_DEFECT,
2000,U,Dier Al-Balah,2000,SH_SAN_DEFECT,
2002,U,Dier Al-Balah,2002,SH_SAN_DEFECT,
2003,U,Dier Al-Balah,2003,SH_SAN_DEFECT,
2004,U,Dier Al-Balah,2004,SH_SAN_DEFECT,
2005,U,Dier Al-Balah,2005,SH_SAN_DEFECT,
2006,U,Dier Al-Balah,2006,SH_SAN_DEFECT,
2007,U,Dier Al-Balah,2007,SH_SAN_DEFECT,
2008,U,Dier Al-Balah,2008,SH_SAN_DEFECT,
2009,U,Dier Al-Balah,2009,SH_SAN_DEFECT,
2010,U,Dier Al-Balah,2010,SH_SAN_DEFECT,
2011,U,Dier Al-Balah,2011,SH_SAN_DEFECT,
2012,U,Dier Al-Balah,2012,SH_SAN_DEFECT,
2013,U,Dier Al-Balah,2013,SH_SAN_DEFECT,
2014,U,Dier Al-Balah,2014,SH_SAN_DEFECT,
2015,U,Dier Al-Balah,2015,SH_SAN_DEFECT,
2017,U,Dier Al-Balah,2017,SH_SAN_DEFECT,
0,U,Khan Yunis,0,SH_SAN_DEFECT,
2000,U,Khan Yunis,2000,SH_SAN_DEFECT,
2002,U,Khan Yunis,2002,SH_SAN_DEFECT,
2003,U,Khan Yunis,2003,SH_SAN_DEFECT,
2004,U,Khan Yunis,2004,SH_SAN_DEFECT,
2005,U,Khan Yunis,2005,SH_SAN_DEFECT,
2006,U,Khan Yunis,2006,SH_SAN_DEFECT,
2007,U,Khan Yunis,2007,SH_SAN_DEFECT,
2008,U,Khan Yunis,2008,SH_SAN_DEFECT,
2009,U,Khan Yunis,2009,SH_SAN_DEFECT,
2010,U,Khan Yunis,2010,SH_SAN_DEFECT,
2011,U,Khan Yunis,2011,SH_SAN_DEFECT,
2012,U,Khan Yunis,2012,SH_SAN_DEFECT,
2013,U,Khan Yunis,2013,SH_SAN_DEFECT,
2014,U,Khan Yunis,2014,SH_SAN_DEFECT,
2015,U,Khan Yunis,2015,SH_SAN_DEFECT,
2017,U,Khan Yunis,2017,SH_SAN_DEFECT,
0,U,Rafah,0,SH_SAN_DEFECT,
2000,U,Rafah,2000,SH_SAN_DEFECT,
2002,U,Rafah,2002,SH_SAN_DEFECT,
2003,U,Rafah,2003,SH_SAN_DEFECT,
2004,U,Rafah,2004,SH_SAN_DEFECT,
2005,U,Rafah,2005,SH_SAN_DEFECT,
2006,U,Rafah,2006,SH_SAN_DEFECT,
2007,U,Rafah,2007,SH_SAN_DEFECT,
2008,U,Rafah,2008,SH_SAN_DEFECT,
2009,U,Rafah,2009,SH_SAN_DEFECT,
2010,U,Rafah,2010,SH_SAN_DEFECT,
2011,U,Rafah,2011,SH_SAN_DEFECT,
2012,U,Rafah,2012,SH_SAN_DEFECT,
2013,U,Rafah,2013,SH_SAN_DEFECT,
2014,U,Rafah,2014,SH_SAN_DEFECT,
2015,U,Rafah,2015,SH_SAN_DEFECT,
2017,U,Rafah,2017,SH_SAN_DEFECT,
0,R,West Bank,0,SH_SAN_DEFECT,
2000,R,West Bank,2000,SH_SAN_DEFECT,
2002,R,West Bank,2002,SH_SAN_DEFECT,
2003,R,West Bank,2003,SH_SAN_DEFECT,
2004,R,West Bank,2004,SH_SAN_DEFECT,
2005,R,West Bank,2005,SH_SAN_DEFECT,
2006,R,West Bank,2006,SH_SAN_DEFECT,
2007,R,West Bank,2007,SH_SAN_DEFECT,
2008,R,West Bank,2008,SH_SAN_DEFECT,
2009,R,West Bank,2009,SH_SAN_DEFECT,
2010,R,West Bank,2010,SH_SAN_DEFECT,
2011,R,West Bank,2011,SH_SAN_DEFECT,
2012,R,West Bank,2012,SH_SAN_DEFECT,
2013,R,West Bank,2013,SH_SAN_DEFECT,
2014,R,West Bank,2014,SH_SAN_DEFECT,
2015,R,West Bank,2015,SH_SAN_DEFECT,
2017,R,West Bank,2017,SH_SAN_DEFECT,
0,R,Gaza Strip,0,SH_SAN_DEFECT,
2000,R,Gaza Strip,2000,SH_SAN_DEFECT,
2002,R,Gaza Strip,2002,SH_SAN_DEFECT,
2003,R,Gaza Strip,2003,SH_SAN_DEFECT,
2004,R,Gaza Strip,2004,SH_SAN_DEFECT,
2005,R,Gaza Strip,2005,SH_SAN_DEFECT,
2006,R,Gaza Strip,2006,SH_SAN_DEFECT,
2007,R,Gaza Strip,2007,SH_SAN_DEFECT,
2008,R,Gaza Strip,2008,SH_SAN_DEFECT,
2009,R,Gaza Strip,2009,SH_SAN_DEFECT,
2010,R,Gaza Strip,2010,SH_SAN_DEFECT,
2011,R,Gaza Strip,2011,SH_SAN_DEFECT,
2012,R,Gaza Strip,2012,SH_SAN_DEFECT,
2013,R,Gaza Strip,2013,SH_SAN_DEFECT,
2014,R,Gaza Strip,2014,SH_SAN_DEFECT,
2015,R,Gaza Strip,2015,SH_SAN_DEFECT,
2017,R,Gaza Strip,2017,SH_SAN_DEFECT,
0,R,PS,0,SH_SAN_DEFECT,
2000,R,PS,2000,SH_SAN_DEFECT,
2002,R,PS,2002,SH_SAN_DEFECT,
2003,R,PS,2003,SH_SAN_DEFECT,
2004,R,PS,2004,SH_SAN_DEFECT,
2005,R,PS,2005,SH_SAN_DEFECT,99.5
2006,R,PS,2006,SH_SAN_DEFECT,99.2
2007,R,PS,2007,SH_SAN_DEFECT,97.9
2008,R,PS,2008,SH_SAN_DEFECT,98.4
2009,R,PS,2009,SH_SAN_DEFECT,
2010,R,PS,2010,SH_SAN_DEFECT,87.5
2011,R,PS,2011,SH_SAN_DEFECT,98.8
2012,R,PS,2012,SH_SAN_DEFECT,98.0
2013,R,PS,2013,SH_SAN_DEFECT,98.6
2014,R,PS,2014,SH_SAN_DEFECT,98.8
2015,R,PS,2015,SH_SAN_DEFECT,98.8
2017,R,PS,2017,SH_SAN_DEFECT,99.2
0,R,Jenin,0,SH_SAN_DEFECT,
2000,R,Jenin,2000,SH_SAN_DEFECT,
2002,R,Jenin,2002,SH_SAN_DEFECT,
2003,R,Jenin,2003,SH_SAN_DEFECT,
2004,R,Jenin,2004,SH_SAN_DEFECT,
2005,R,Jenin,2005,SH_SAN_DEFECT,
2006,R,Jenin,2006,SH_SAN_DEFECT,
2007,R,Jenin,2007,SH_SAN_DEFECT,
2008,R,Jenin,2008,SH_SAN_DEFECT,
2009,R,Jenin,2009,SH_SAN_DEFECT,
2010,R,Jenin,2010,SH_SAN_DEFECT,
2011,R,Jenin,2011,SH_SAN_DEFECT,
2012,R,Jenin,2012,SH_SAN_DEFECT,
2013,R,Jenin,2013,SH_SAN_DEFECT,
2014,R,Jenin,2014,SH_SAN_DEFECT,
2015,R,Jenin,2015,SH_SAN_DEFECT,
2017,R,Jenin,2017,SH_SAN_DEFECT,
0,R,Tubas & Northern Valleys,0,SH_SAN_DEFECT,
2000,R,Tubas & Northern Valleys,2000,SH_SAN_DEFECT,
2002,R,Tubas & Northern Valleys,2002,SH_SAN_DEFECT,
2003,R,Tubas & Northern Valleys,2003,SH_SAN_DEFECT,
2004,R,Tubas & Northern Valleys,2004,SH_SAN_DEFECT,
2005,R,Tubas & Northern Valleys,2005,SH_SAN_DEFECT,
2006,R,Tubas & Northern Valleys,2006,SH_SAN_DEFECT,
2007,R,Tubas & Northern Valleys,2007,SH_SAN_DEFECT,
2008,R,Tubas & Northern Valleys,2008,SH_SAN_DEFECT,
2009,R,Tubas & Northern Valleys,2009,SH_SAN_DEFECT,
2010,R,Tubas & Northern Valleys,2010,SH_SAN_DEFECT,
2011,R,Tubas & Northern Valleys,2011,SH_SAN_DEFECT,
2012,R,Tubas & Northern Valleys,2012,SH_SAN_DEFECT,
2013,R,Tubas & Northern Valleys,2013,SH_SAN_DEFECT,
2014,R,Tubas & Northern Valleys,2014,SH_SAN_DEFECT,
2015,R,Tubas & Northern Valleys,2015,SH_SAN_DEFECT,
2017,R,Tubas & Northern Valleys,2017,SH_SAN_DEFECT,
0,R,Tulkarm,0,SH_SAN_DEFECT,
2000,R,Tulkarm,2000,SH_SAN_DEFECT,
2002,R,Tulkarm,2002,SH_SAN_DEFECT,
2003,R,Tulkarm,2003,SH_SAN_DEFECT,
2004,R,Tulkarm,2004,SH_SAN_DEFECT,
2005,R,Tulkarm,2005,SH_SAN_DEFECT,
2006,R,Tulkarm,2006,SH_SAN_DEFECT,
2007,R,Tulkarm,2007,SH_SAN_DEFECT,
2008,R,Tulkarm,2008,SH_SAN_DEFECT,
2009,R,Tulkarm,2009,SH_SAN_DEFECT,
2010,R,Tulkarm,2010,SH_SAN_DEFECT,
2011,R,Tulkarm,2011,SH_SAN_DEFECT,
2012,R,Tulkarm,2012,SH_SAN_DEFECT,
2013,R,Tulkarm,2013,SH_SAN_DEFECT,
2014,R,Tulkarm,2014,SH_SAN_DEFECT,
2015,R,Tulkarm,2015,SH_SAN_DEFECT,
2017,R,Tulkarm,2017,SH_SAN_DEFECT,
0,R,Nablus,0,SH_SAN_DEFECT,
2000,R,Nablus,2000,SH_SAN_DEFECT,
2002,R,Nablus,2002,SH_SAN_DEFECT,
2003,R,Nablus,2003,SH_SAN_DEFECT,
2004,R,Nablus,2004,SH_SAN_DEFECT,
2005,R,Nablus,2005,SH_SAN_DEFECT,
2006,R,Nablus,2006,SH_SAN_DEFECT,
2007,R,Nablus,2007,SH_SAN_DEFECT,
2008,R,Nablus,2008,SH_SAN_DEFECT,
2009,R,Nablus,2009,SH_SAN_DEFECT,
2010,R,Nablus,2010,SH_SAN_DEFECT,
2011,R,Nablus,2011,SH_SAN_DEFECT,
2012,R,Nablus,2012,SH_SAN_DEFECT,
2013,R,Nablus,2013,SH_SAN_DEFECT,
2014,R,Nablus,2014,SH_SAN_DEFECT,
2015,R,Nablus,2015,SH_SAN_DEFECT,
2017,R,Nablus,2017,SH_SAN_DEFECT,
0,R,Qalqiliya,0,SH_SAN_DEFECT,
2000,R,Qalqiliya,2000,SH_SAN_DEFECT,
2002,R,Qalqiliya,2002,SH_SAN_DEFECT,
2003,R,Qalqiliya,2003,SH_SAN_DEFECT,
2004,R,Qalqiliya,2004,SH_SAN_DEFECT,
2005,R,Qalqiliya,2005,SH_SAN_DEFECT,
2006,R,Qalqiliya,2006,SH_SAN_DEFECT,
2007,R,Qalqiliya,2007,SH_SAN_DEFECT,
2008,R,Qalqiliya,2008,SH_SAN_DEFECT,
2009,R,Qalqiliya,2009,SH_SAN_DEFECT,
2010,R,Qalqiliya,2010,SH_SAN_DEFECT,
2011,R,Qalqiliya,2011,SH_SAN_DEFECT,
2012,R,Qalqiliya,2012,SH_SAN_DEFECT,
2013,R,Qalqiliya,2013,SH_SAN_DEFECT,
2014,R,Qalqiliya,2014,SH_SAN_DEFECT,
2015,R,Qalqiliya,2015,SH_SAN_DEFECT,
2017,R,Qalqiliya,2017,SH_SAN_DEFECT,
0,R,Salfit,0,SH_SAN_DEFECT,
2000,R,Salfit,2000,SH_SAN_DEFECT,
2002,R,Salfit,2002,SH_SAN_DEFECT,
2003,R,Salfit,2003,SH_SAN_DEFECT,
2004,R,Salfit,2004,SH_SAN_DEFECT,
2005,R,Salfit,2005,SH_SAN_DEFECT,
2006,R,Salfit,2006,SH_SAN_DEFECT,
2007,R,Salfit,2007,SH_SAN_DEFECT,
2008,R,Salfit,2008,SH_SAN_DEFECT,
2009,R,Salfit,2009,SH_SAN_DEFECT,
2010,R,Salfit,2010,SH_SAN_DEFECT,
2011,R,Salfit,2011,SH_SAN_DEFECT,
2012,R,Salfit,2012,SH_SAN_DEFECT,
2013,R,Salfit,2013,SH_SAN_DEFECT,
2014,R,Salfit,2014,SH_SAN_DEFECT,
2015,R,Salfit,2015,SH_SAN_DEFECT,
2017,R,Salfit,2017,SH_SAN_DEFECT,
0,R,Ramallah & Al-Bireh,0,SH_SAN_DEFECT,
2000,R,Ramallah & Al-Bireh,2000,SH_SAN_DEFECT,
2002,R,Ramallah & Al-Bireh,2002,SH_SAN_DEFECT,
2003,R,Ramallah & Al-Bireh,2003,SH_SAN_DEFECT,
2004,R,Ramallah & Al-Bireh,2004,SH_SAN_DEFECT,
2005,R,Ramallah & Al-Bireh,2005,SH_SAN_DEFECT,
2006,R,Ramallah & Al-Bireh,2006,SH_SAN_DEFECT,
2007,R,Ramallah & Al-Bireh,2007,SH_SAN_DEFECT,
2008,R,Ramallah & Al-Bireh,2008,SH_SAN_DEFECT,
2009,R,Ramallah & Al-Bireh,2009,SH_SAN_DEFECT,
2010,R,Ramallah & Al-Bireh,2010,SH_SAN_DEFECT,
2011,R,Ramallah & Al-Bireh,2011,SH_SAN_DEFECT,
2012,R,Ramallah & Al-Bireh,2012,SH_SAN_DEFECT,
2013,R,Ramallah & Al-Bireh,2013,SH_SAN_DEFECT,
2014,R,Ramallah & Al-Bireh,2014,SH_SAN_DEFECT,
2015,R,Ramallah & Al-Bireh,2015,SH_SAN_DEFECT,
2017,R,Ramallah & Al-Bireh,2017,SH_SAN_DEFECT,
0,R,Jericho & AL Aghwar,0,SH_SAN_DEFECT,
2000,R,Jericho & AL Aghwar,2000,SH_SAN_DEFECT,
2002,R,Jericho & AL Aghwar,2002,SH_SAN_DEFECT,
2003,R,Jericho & AL Aghwar,2003,SH_SAN_DEFECT,
2004,R,Jericho & AL Aghwar,2004,SH_SAN_DEFECT,
2005,R,Jericho & AL Aghwar,2005,SH_SAN_DEFECT,
2006,R,Jericho & AL Aghwar,2006,SH_SAN_DEFECT,
2007,R,Jericho & AL Aghwar,2007,SH_SAN_DEFECT,
2008,R,Jericho & AL Aghwar,2008,SH_SAN_DEFECT,
2009,R,Jericho & AL Aghwar,2009,SH_SAN_DEFECT,
2010,R,Jericho & AL Aghwar,2010,SH_SAN_DEFECT,
2011,R,Jericho & AL Aghwar,2011,SH_SAN_DEFECT,
2012,R,Jericho & AL Aghwar,2012,SH_SAN_DEFECT,
2013,R,Jericho & AL Aghwar,2013,SH_SAN_DEFECT,
2014,R,Jericho & AL Aghwar,2014,SH_SAN_DEFECT,
2015,R,Jericho & AL Aghwar,2015,SH_SAN_DEFECT,
2017,R,Jericho & AL Aghwar,2017,SH_SAN_DEFECT,
0,R,Jerusalem,0,SH_SAN_DEFECT,
2000,R,Jerusalem,2000,SH_SAN_DEFECT,
2002,R,Jerusalem,2002,SH_SAN_DEFECT,
2003,R,Jerusalem,2003,SH_SAN_DEFECT,
2004,R,Jerusalem,2004,SH_SAN_DEFECT,
2005,R,Jerusalem,2005,SH_SAN_DEFECT,
2006,R,Jerusalem,2006,SH_SAN_DEFECT,
2007,R,Jerusalem,2007,SH_SAN_DEFECT,
2008,R,Jerusalem,2008,SH_SAN_DEFECT,
2009,R,Jerusalem,2009,SH_SAN_DEFECT,
2010,R,Jerusalem,2010,SH_SAN_DEFECT,
2011,R,Jerusalem,2011,SH_SAN_DEFECT,
2012,R,Jerusalem,2012,SH_SAN_DEFECT,
2013,R,Jerusalem,2013,SH_SAN_DEFECT,
2014,R,Jerusalem,2014,SH_SAN_DEFECT,
2015,R,Jerusalem,2015,SH_SAN_DEFECT,
2017,R,Jerusalem,2017,SH_SAN_DEFECT,
0,R,Bethlehem,0,SH_SAN_DEFECT,
2000,R,Bethlehem,2000,SH_SAN_DEFECT,
2002,R,Bethlehem,2002,SH_SAN_DEFECT,
2003,R,Bethlehem,2003,SH_SAN_DEFECT,
2004,R,Bethlehem,2004,SH_SAN_DEFECT,
2005,R,Bethlehem,2005,SH_SAN_DEFECT,
2006,R,Bethlehem,2006,SH_SAN_DEFECT,
2007,R,Bethlehem,2007,SH_SAN_DEFECT,
2008,R,Bethlehem,2008,SH_SAN_DEFECT,
2009,R,Bethlehem,2009,SH_SAN_DEFECT,
2010,R,Bethlehem,2010,SH_SAN_DEFECT,
2011,R,Bethlehem,2011,SH_SAN_DEFECT,
2012,R,Bethlehem,2012,SH_SAN_DEFECT,
2013,R,Bethlehem,2013,SH_SAN_DEFECT,
2014,R,Bethlehem,2014,SH_SAN_DEFECT,
2015,R,Bethlehem,2015,SH_SAN_DEFECT,
2017,R,Bethlehem,2017,SH_SAN_DEFECT,
0,R,Hebron,0,SH_SAN_DEFECT,
2000,R,Hebron,2000,SH_SAN_DEFECT,
2002,R,Hebron,2002,SH_SAN_DEFECT,
2003,R,Hebron,2003,SH_SAN_DEFECT,
2004,R,Hebron,2004,SH_SAN_DEFECT,
2005,R,Hebron,2005,SH_SAN_DEFECT,
2006,R,Hebron,2006,SH_SAN_DEFECT,
2007,R,Hebron,2007,SH_SAN_DEFECT,
2008,R,Hebron,2008,SH_SAN_DEFECT,
2009,R,Hebron,2009,SH_SAN_DEFECT,
2010,R,Hebron,2010,SH_SAN_DEFECT,
2011,R,Hebron,2011,SH_SAN_DEFECT,
2012,R,Hebron,2012,SH_SAN_DEFECT,
2013,R,Hebron,2013,SH_SAN_DEFECT,
2014,R,Hebron,2014,SH_SAN_DEFECT,
2015,R,Hebron,2015,SH_SAN_DEFECT,
2017,R,Hebron,2017,SH_SAN_DEFECT,
0,R,North Gaza,0,SH_SAN_DEFECT,
2000,R,North Gaza,2000,SH_SAN_DEFECT,
2002,R,North Gaza,2002,SH_SAN_DEFECT,
2003,R,North Gaza,2003,SH_SAN_DEFECT,
2004,R,North Gaza,2004,SH_SAN_DEFECT,
2005,R,North Gaza,2005,SH_SAN_DEFECT,
2006,R,North Gaza,2006,SH_SAN_DEFECT,
2007,R,North Gaza,2007,SH_SAN_DEFECT,
2008,R,North Gaza,2008,SH_SAN_DEFECT,
2009,R,North Gaza,2009,SH_SAN_DEFECT,
2010,R,North Gaza,2010,SH_SAN_DEFECT,
2011,R,North Gaza,2011,SH_SAN_DEFECT,
2012,R,North Gaza,2012,SH_SAN_DEFECT,
2013,R,North Gaza,2013,SH_SAN_DEFECT,
2014,R,North Gaza,2014,SH_SAN_DEFECT,
2015,R,North Gaza,2015,SH_SAN_DEFECT,
2017,R,North Gaza,2017,SH_SAN_DEFECT,
0,R,Gaza,0,SH_SAN_DEFECT,
2000,R,Gaza,2000,SH_SAN_DEFECT,
2002,R,Gaza,2002,SH_SAN_DEFECT,
2003,R,Gaza,2003,SH_SAN_DEFECT,
2004,R,Gaza,2004,SH_SAN_DEFECT,
2005,R,Gaza,2005,SH_SAN_DEFECT,
2006,R,Gaza,2006,SH_SAN_DEFECT,
2007,R,Gaza,2007,SH_SAN_DEFECT,
2008,R,Gaza,2008,SH_SAN_DEFECT,
2009,R,Gaza,2009,SH_SAN_DEFECT,
2010,R,Gaza,2010,SH_SAN_DEFECT,
2011,R,Gaza,2011,SH_SAN_DEFECT,
2012,R,Gaza,2012,SH_SAN_DEFECT,
2013,R,Gaza,2013,SH_SAN_DEFECT,
2014,R,Gaza,2014,SH_SAN_DEFECT,
2015,R,Gaza,2015,SH_SAN_DEFECT,
2017,R,Gaza,2017,SH_SAN_DEFECT,
0,R,Dier Al-Balah,0,SH_SAN_DEFECT,
2000,R,Dier Al-Balah,2000,SH_SAN_DEFECT,
2002,R,Dier Al-Balah,2002,SH_SAN_DEFECT,
2003,R,Dier Al-Balah,2003,SH_SAN_DEFECT,
2004,R,Dier Al-Balah,2004,SH_SAN_DEFECT,
2005,R,Dier Al-Balah,2005,SH_SAN_DEFECT,
2006,R,Dier Al-Balah,2006,SH_SAN_DEFECT,
2007,R,Dier Al-Balah,2007,SH_SAN_DEFECT,
2008,R,Dier Al-Balah,2008,SH_SAN_DEFECT,
2009,R,Dier Al-Balah,2009,SH_SAN_DEFECT,
2010,R,Dier Al-Balah,2010,SH_SAN_DEFECT,
2011,R,Dier Al-Balah,2011,SH_SAN_DEFECT,
2012,R,Dier Al-Balah,2012,SH_SAN_DEFECT,
2013,R,Dier Al-Balah,2013,SH_SAN_DEFECT,
2014,R,Dier Al-Balah,2014,SH_SAN_DEFECT,
2015,R,Dier Al-Balah,2015,SH_SAN_DEFECT,
2017,R,Dier Al-Balah,2017,SH_SAN_DEFECT,
0,R,Khan Yunis,0,SH_SAN_DEFECT,
2000,R,Khan Yunis,2000,SH_SAN_DEFECT,
2002,R,Khan Yunis,2002,SH_SAN_DEFECT,
2003,R,Khan Yunis,2003,SH_SAN_DEFECT,
2004,R,Khan Yunis,2004,SH_SAN_DEFECT,
2005,R,Khan Yunis,2005,SH_SAN_DEFECT,
2006,R,Khan Yunis,2006,SH_SAN_DEFECT,
2007,R,Khan Yunis,2007,SH_SAN_DEFECT,
2008,R,Khan Yunis,2008,SH_SAN_DEFECT,
2009,R,Khan Yunis,2009,SH_SAN_DEFECT,
2010,R,Khan Yunis,2010,SH_SAN_DEFECT,
2011,R,Khan Yunis,2011,SH_SAN_DEFECT,
2012,R,Khan Yunis,2012,SH_SAN_DEFECT,
2013,R,Khan Yunis,2013,SH_SAN_DEFECT,
2014,R,Khan Yunis,2014,SH_SAN_DEFECT,
2015,R,Khan Yunis,2015,SH_SAN_DEFECT,
2017,R,Khan Yunis,2017,SH_SAN_DEFECT,
0,R,Rafah,0,SH_SAN_DEFECT,
2000,R,Rafah,2000,SH_SAN_DEFECT,
2002,R,Rafah,2002,SH_SAN_DEFECT,
2003,R,Rafah,2003,SH_SAN_DEFECT,
2004,R,Rafah,2004,SH_SAN_DEFECT,
2005,R,Rafah,2005,SH_SAN_DEFECT,
2006,R,Rafah,2006,SH_SAN_DEFECT,
2007,R,Rafah,2007,SH_SAN_DEFECT,
2008,R,Rafah,2008,SH_SAN_DEFECT,
2009,R,Rafah,2009,SH_SAN_DEFECT,
2010,R,Rafah,2010,SH_SAN_DEFECT,
2011,R,Rafah,2011,SH_SAN_DEFECT,
2012,R,Rafah,2012,SH_SAN_DEFECT,
2013,R,Rafah,2013,SH_SAN_DEFECT,
2014,R,Rafah,2014,SH_SAN_DEFECT,
2015,R,Rafah,2015,SH_SAN_DEFECT,
2017,R,Rafah,2017,SH_SAN_DEFECT,
0,Camp,West Bank,0,SH_SAN_DEFECT,
2000,Camp,West Bank,2000,SH_SAN_DEFECT,
2002,Camp,West Bank,2002,SH_SAN_DEFECT,
2003,Camp,West Bank,2003,SH_SAN_DEFECT,
2004,Camp,West Bank,2004,SH_SAN_DEFECT,
2005,Camp,West Bank,2005,SH_SAN_DEFECT,
2006,Camp,West Bank,2006,SH_SAN_DEFECT,
2007,Camp,West Bank,2007,SH_SAN_DEFECT,
2008,Camp,West Bank,2008,SH_SAN_DEFECT,
2009,Camp,West Bank,2009,SH_SAN_DEFECT,
2010,Camp,West Bank,2010,SH_SAN_DEFECT,
2011,Camp,West Bank,2011,SH_SAN_DEFECT,
2012,Camp,West Bank,2012,SH_SAN_DEFECT,
2013,Camp,West Bank,2013,SH_SAN_DEFECT,
2014,Camp,West Bank,2014,SH_SAN_DEFECT,
2015,Camp,West Bank,2015,SH_SAN_DEFECT,
2017,Camp,West Bank,2017,SH_SAN_DEFECT,
0,Camp,Gaza Strip,0,SH_SAN_DEFECT,
2000,Camp,Gaza Strip,2000,SH_SAN_DEFECT,
2002,Camp,Gaza Strip,2002,SH_SAN_DEFECT,
2003,Camp,Gaza Strip,2003,SH_SAN_DEFECT,
2004,Camp,Gaza Strip,2004,SH_SAN_DEFECT,
2005,Camp,Gaza Strip,2005,SH_SAN_DEFECT,
2006,Camp,Gaza Strip,2006,SH_SAN_DEFECT,
2007,Camp,Gaza Strip,2007,SH_SAN_DEFECT,
2008,Camp,Gaza Strip,2008,SH_SAN_DEFECT,
2009,Camp,Gaza Strip,2009,SH_SAN_DEFECT,
2010,Camp,Gaza Strip,2010,SH_SAN_DEFECT,
2011,Camp,Gaza Strip,2011,SH_SAN_DEFECT,
2012,Camp,Gaza Strip,2012,SH_SAN_DEFECT,
2013,Camp,Gaza Strip,2013,SH_SAN_DEFECT,
2014,Camp,Gaza Strip,2014,SH_SAN_DEFECT,
2015,Camp,Gaza Strip,2015,SH_SAN_DEFECT,
2017,Camp,Gaza Strip,2017,SH_SAN_DEFECT,
0,Camp,PS,0,SH_SAN_DEFECT,
2000,Camp,PS,2000,SH_SAN_DEFECT,
2002,Camp,PS,2002,SH_SAN_DEFECT,
2003,Camp,PS,2003,SH_SAN_DEFECT,
2004,Camp,PS,2004,SH_SAN_DEFECT,
2005,Camp,PS,2005,SH_SAN_DEFECT,99.8
2006,Camp,PS,2006,SH_SAN_DEFECT,100.0
2007,Camp,PS,2007,SH_SAN_DEFECT,100.0
2008,Camp,PS,2008,SH_SAN_DEFECT,99.4
2009,Camp,PS,2009,SH_SAN_DEFECT,
2010,Camp,PS,2010,SH_SAN_DEFECT,92.4
2011,Camp,PS,2011,SH_SAN_DEFECT,99.9
2012,Camp,PS,2012,SH_SAN_DEFECT,100.0
2013,Camp,PS,2013,SH_SAN_DEFECT,100.0
2014,Camp,PS,2014,SH_SAN_DEFECT,98.3
2015,Camp,PS,2015,SH_SAN_DEFECT,100.0
2017,Camp,PS,2017,SH_SAN_DEFECT,99.9
0,Camp,Jenin,0,SH_SAN_DEFECT,
2000,Camp,Jenin,2000,SH_SAN_DEFECT,
2002,Camp,Jenin,2002,SH_SAN_DEFECT,
2003,Camp,Jenin,2003,SH_SAN_DEFECT,
2004,Camp,Jenin,2004,SH_SAN_DEFECT,
2005,Camp,Jenin,2005,SH_SAN_DEFECT,
2006,Camp,Jenin,2006,SH_SAN_DEFECT,
2007,Camp,Jenin,2007,SH_SAN_DEFECT,
2008,Camp,Jenin,2008,SH_SAN_DEFECT,
2009,Camp,Jenin,2009,SH_SAN_DEFECT,
2010,Camp,Jenin,2010,SH_SAN_DEFECT,
2011,Camp,Jenin,2011,SH_SAN_DEFECT,
2012,Camp,Jenin,2012,SH_SAN_DEFECT,
2013,Camp,Jenin,2013,SH_SAN_DEFECT,
2014,Camp,Jenin,2014,SH_SAN_DEFECT,
2015,Camp,Jenin,2015,SH_SAN_DEFECT,
2017,Camp,Jenin,2017,SH_SAN_DEFECT,
0,Camp,Tubas & Northern Valleys,0,SH_SAN_DEFECT,
2000,Camp,Tubas & Northern Valleys,2000,SH_SAN_DEFECT,
2002,Camp,Tubas & Northern Valleys,2002,SH_SAN_DEFECT,
2003,Camp,Tubas & Northern Valleys,2003,SH_SAN_DEFECT,
2004,Camp,Tubas & Northern Valleys,2004,SH_SAN_DEFECT,
2005,Camp,Tubas & Northern Valleys,2005,SH_SAN_DEFECT,
2006,Camp,Tubas & Northern Valleys,2006,SH_SAN_DEFECT,
2007,Camp,Tubas & Northern Valleys,2007,SH_SAN_DEFECT,
2008,Camp,Tubas & Northern Valleys,2008,SH_SAN_DEFECT,
2009,Camp,Tubas & Northern Valleys,2009,SH_SAN_DEFECT,
2010,Camp,Tubas & Northern Valleys,2010,SH_SAN_DEFECT,
2011,Camp,Tubas & Northern Valleys,2011,SH_SAN_DEFECT,
2012,Camp,Tubas & Northern Valleys,2012,SH_SAN_DEFECT,
2013,Camp,Tubas & Northern Valleys,2013,SH_SAN_DEFECT,
2014,Camp,Tubas & Northern Valleys,2014,SH_SAN_DEFECT,
2015,Camp,Tubas & Northern Valleys,2015,SH_SAN_DEFECT,
2017,Camp,Tubas & Northern Valleys,2017,SH_SAN_DEFECT,
0,Camp,Tulkarm,0,SH_SAN_DEFECT,
2000,Camp,Tulkarm,2000,SH_SAN_DEFECT,
2002,Camp,Tulkarm,2002,SH_SAN_DEFECT,
2003,Camp,Tulkarm,2003,SH_SAN_DEFECT,
2004,Camp,Tulkarm,2004,SH_SAN_DEFECT,
2005,Camp,Tulkarm,2005,SH_SAN_DEFECT,
2006,Camp,Tulkarm,2006,SH_SAN_DEFECT,
2007,Camp,Tulkarm,2007,SH_SAN_DEFECT,
2008,Camp,Tulkarm,2008,SH_SAN_DEFECT,
2009,Camp,Tulkarm,2009,SH_SAN_DEFECT,
2010,Camp,Tulkarm,2010,SH_SAN_DEFECT,
2011,Camp,Tulkarm,2011,SH_SAN_DEFECT,
2012,Camp,Tulkarm,2012,SH_SAN_DEFECT,
2013,Camp,Tulkarm,2013,SH_SAN_DEFECT,
2014,Camp,Tulkarm,2014,SH_SAN_DEFECT,
2015,Camp,Tulkarm,2015,SH_SAN_DEFECT,
2017,Camp,Tulkarm,2017,SH_SAN_DEFECT,
0,Camp,Nablus,0,SH_SAN_DEFECT,
2000,Camp,Nablus,2000,SH_SAN_DEFECT,
2002,Camp,Nablus,2002,SH_SAN_DEFECT,
2003,Camp,Nablus,2003,SH_SAN_DEFECT,
2004,Camp,Nablus,2004,SH_SAN_DEFECT,
2005,Camp,Nablus,2005,SH_SAN_DEFECT,
2006,Camp,Nablus,2006,SH_SAN_DEFECT,
2007,Camp,Nablus,2007,SH_SAN_DEFECT,
2008,Camp,Nablus,2008,SH_SAN_DEFECT,
2009,Camp,Nablus,2009,SH_SAN_DEFECT,
2010,Camp,Nablus,2010,SH_SAN_DEFECT,
2011,Camp,Nablus,2011,SH_SAN_DEFECT,
2012,Camp,Nablus,2012,SH_SAN_DEFECT,
2013,Camp,Nablus,2013,SH_SAN_DEFECT,
2014,Camp,Nablus,2014,SH_SAN_DEFECT,
2015,Camp,Nablus,2015,SH_SAN_DEFECT,
2017,Camp,Nablus,2017,SH_SAN_DEFECT,
0,Camp,Qalqiliya,0,SH_SAN_DEFECT,
2000,Camp,Qalqiliya,2000,SH_SAN_DEFECT,
2002,Camp,Qalqiliya,2002,SH_SAN_DEFECT,
2003,Camp,Qalqiliya,2003,SH_SAN_DEFECT,
2004,Camp,Qalqiliya,2004,SH_SAN_DEFECT,
2005,Camp,Qalqiliya,2005,SH_SAN_DEFECT,
2006,Camp,Qalqiliya,2006,SH_SAN_DEFECT,
2007,Camp,Qalqiliya,2007,SH_SAN_DEFECT,
2008,Camp,Qalqiliya,2008,SH_SAN_DEFECT,
2009,Camp,Qalqiliya,2009,SH_SAN_DEFECT,
2010,Camp,Qalqiliya,2010,SH_SAN_DEFECT,
2011,Camp,Qalqiliya,2011,SH_SAN_DEFECT,
2012,Camp,Qalqiliya,2012,SH_SAN_DEFECT,
2013,Camp,Qalqiliya,2013,SH_SAN_DEFECT,
2014,Camp,Qalqiliya,2014,SH_SAN_DEFECT,
2015,Camp,Qalqiliya,2015,SH_SAN_DEFECT,
2017,Camp,Qalqiliya,2017,SH_SAN_DEFECT,
0,Camp,Salfit,0,SH_SAN_DEFECT,
2000,Camp,Salfit,2000,SH_SAN_DEFECT,
2002,Camp,Salfit,2002,SH_SAN_DEFECT,
2003,Camp,Salfit,2003,SH_SAN_DEFECT,
2004,Camp,Salfit,2004,SH_SAN_DEFECT,
2005,Camp,Salfit,2005,SH_SAN_DEFECT,
2006,Camp,Salfit,2006,SH_SAN_DEFECT,
2007,Camp,Salfit,2007,SH_SAN_DEFECT,
2008,Camp,Salfit,2008,SH_SAN_DEFECT,
2009,Camp,Salfit,2009,SH_SAN_DEFECT,
2010,Camp,Salfit,2010,SH_SAN_DEFECT,
2011,Camp,Salfit,2011,SH_SAN_DEFECT,
2012,Camp,Salfit,2012,SH_SAN_DEFECT,
2013,Camp,Salfit,2013,SH_SAN_DEFECT,
2014,Camp,Salfit,2014,SH_SAN_DEFECT,
2015,Camp,Salfit,2015,SH_SAN_DEFECT,
2017,Camp,Salfit,2017,SH_SAN_DEFECT,
0,Camp,Ramallah & Al-Bireh,0,SH_SAN_DEFECT,
2000,Camp,Ramallah & Al-Bireh,2000,SH_SAN_DEFECT,
2002,Camp,Ramallah & Al-Bireh,2002,SH_SAN_DEFECT,
2003,Camp,Ramallah & Al-Bireh,2003,SH_SAN_DEFECT,
2004,Camp,Ramallah & Al-Bireh,2004,SH_SAN_DEFECT,
2005,Camp,Ramallah & Al-Bireh,2005,SH_SAN_DEFECT,
2006,Camp,Ramallah & Al-Bireh,2006,SH_SAN_DEFECT,
2007,Camp,Ramallah & Al-Bireh,2007,SH_SAN_DEFECT,
2008,Camp,Ramallah & Al-Bireh,2008,SH_SAN_DEFECT,
2009,Camp,Ramallah & Al-Bireh,2009,SH_SAN_DEFECT,
2010,Camp,Ramallah & Al-Bireh,2010,SH_SAN_DEFECT,
2011,Camp,Ramallah & Al-Bireh,2011,SH_SAN_DEFECT,
2012,Camp,Ramallah & Al-Bireh,2012,SH_SAN_DEFECT,
2013,Camp,Ramallah & Al-Bireh,2013,SH_SAN_DEFECT,
2014,Camp,Ramallah & Al-Bireh,2014,SH_SAN_DEFECT,
2015,Camp,Ramallah & Al-Bireh,2015,SH_SAN_DEFECT,
2017,Camp,Ramallah & Al-Bireh,2017,SH_SAN_DEFECT,
0,Camp,Jericho & AL Aghwar,0,SH_SAN_DEFECT,
2000,Camp,Jericho & AL Aghwar,2000,SH_SAN_DEFECT,
2002,Camp,Jericho & AL Aghwar,2002,SH_SAN_DEFECT,
2003,Camp,Jericho & AL Aghwar,2003,SH_SAN_DEFECT,
2004,Camp,Jericho & AL Aghwar,2004,SH_SAN_DEFECT,
2005,Camp,Jericho & AL Aghwar,2005,SH_SAN_DEFECT,
2006,Camp,Jericho & AL Aghwar,2006,SH_SAN_DEFECT,
2007,Camp,Jericho & AL Aghwar,2007,SH_SAN_DEFECT,
2008,Camp,Jericho & AL Aghwar,2008,SH_SAN_DEFECT,
2009,Camp,Jericho & AL Aghwar,2009,SH_SAN_DEFECT,
2010,Camp,Jericho & AL Aghwar,2010,SH_SAN_DEFECT,
2011,Camp,Jericho & AL Aghwar,2011,SH_SAN_DEFECT,
2012,Camp,Jericho & AL Aghwar,2012,SH_SAN_DEFECT,
2013,Camp,Jericho & AL Aghwar,2013,SH_SAN_DEFECT,
2014,Camp,Jericho & AL Aghwar,2014,SH_SAN_DEFECT,
2015,Camp,Jericho & AL Aghwar,2015,SH_SAN_DEFECT,
2017,Camp,Jericho & AL Aghwar,2017,SH_SAN_DEFECT,
0,Camp,Jerusalem,0,SH_SAN_DEFECT,
2000,Camp,Jerusalem,2000,SH_SAN_DEFECT,
2002,Camp,Jerusalem,2002,SH_SAN_DEFECT,
2003,Camp,Jerusalem,2003,SH_SAN_DEFECT,
2004,Camp,Jerusalem,2004,SH_SAN_DEFECT,
2005,Camp,Jerusalem,2005,SH_SAN_DEFECT,
2006,Camp,Jerusalem,2006,SH_SAN_DEFECT,
2007,Camp,Jerusalem,2007,SH_SAN_DEFECT,
2008,Camp,Jerusalem,2008,SH_SAN_DEFECT,
2009,Camp,Jerusalem,2009,SH_SAN_DEFECT,
2010,Camp,Jerusalem,2010,SH_SAN_DEFECT,
2011,Camp,Jerusalem,2011,SH_SAN_DEFECT,
2012,Camp,Jerusalem,2012,SH_SAN_DEFECT,
2013,Camp,Jerusalem,2013,SH_SAN_DEFECT,
2014,Camp,Jerusalem,2014,SH_SAN_DEFECT,
2015,Camp,Jerusalem,2015,SH_SAN_DEFECT,
2017,Camp,Jerusalem,2017,SH_SAN_DEFECT,
0,Camp,Bethlehem,0,SH_SAN_DEFECT,
2000,Camp,Bethlehem,2000,SH_SAN_DEFECT,
2002,Camp,Bethlehem,2002,SH_SAN_DEFECT,
2003,Camp,Bethlehem,2003,SH_SAN_DEFECT,
2004,Camp,Bethlehem,2004,SH_SAN_DEFECT,
2005,Camp,Bethlehem,2005,SH_SAN_DEFECT,
2006,Camp,Bethlehem,2006,SH_SAN_DEFECT,
2007,Camp,Bethlehem,2007,SH_SAN_DEFECT,
2008,Camp,Bethlehem,2008,SH_SAN_DEFECT,
2009,Camp,Bethlehem,2009,SH_SAN_DEFECT,
2010,Camp,Bethlehem,2010,SH_SAN_DEFECT,
2011,Camp,Bethlehem,2011,SH_SAN_DEFECT,
2012,Camp,Bethlehem,2012,SH_SAN_DEFECT,
2013,Camp,Bethlehem,2013,SH_SAN_DEFECT,
2014,Camp,Bethlehem,2014,SH_SAN_DEFECT,
2015,Camp,Bethlehem,2015,SH_SAN_DEFECT,
2017,Camp,Bethlehem,2017,SH_SAN_DEFECT,
0,Camp,Hebron,0,SH_SAN_DEFECT,
2000,Camp,Hebron,2000,SH_SAN_DEFECT,
2002,Camp,Hebron,2002,SH_SAN_DEFECT,
2003,Camp,Hebron,2003,SH_SAN_DEFECT,
2004,Camp,Hebron,2004,SH_SAN_DEFECT,
2005,Camp,Hebron,2005,SH_SAN_DEFECT,
2006,Camp,Hebron,2006,SH_SAN_DEFECT,
2007,Camp,Hebron,2007,SH_SAN_DEFECT,
2008,Camp,Hebron,2008,SH_SAN_DEFECT,
2009,Camp,Hebron,2009,SH_SAN_DEFECT,
2010,Camp,Hebron,2010,SH_SAN_DEFECT,
2011,Camp,Hebron,2011,SH_SAN_DEFECT,
2012,Camp,Hebron,2012,SH_SAN_DEFECT,
2013,Camp,Hebron,2013,SH_SAN_DEFECT,
2014,Camp,Hebron,2014,SH_SAN_DEFECT,
2015,Camp,Hebron,2015,SH_SAN_DEFECT,
2017,Camp,Hebron,2017,SH_SAN_DEFECT,
0,Camp,North Gaza,0,SH_SAN_DEFECT,
2000,Camp,North Gaza,2000,SH_SAN_DEFECT,
2002,Camp,North Gaza,2002,SH_SAN_DEFECT,
2003,Camp,North Gaza,2003,SH_SAN_DEFECT,
2004,Camp,North Gaza,2004,SH_SAN_DEFECT,
2005,Camp,North Gaza,2005,SH_SAN_DEFECT,
2006,Camp,North Gaza,2006,SH_SAN_DEFECT,
2007,Camp,North Gaza,2007,SH_SAN_DEFECT,
2008,Camp,North Gaza,2008,SH_SAN_DEFECT,
2009,Camp,North Gaza,2009,SH_SAN_DEFECT,
2010,Camp,North Gaza,2010,SH_SAN_DEFECT,
2011,Camp,North Gaza,2011,SH_SAN_DEFECT,
2012,Camp,North Gaza,2012,SH_SAN_DEFECT,
2013,Camp,North Gaza,2013,SH_SAN_DEFECT,
2014,Camp,North Gaza,2014,SH_SAN_DEFECT,
2015,Camp,North Gaza,2015,SH_SAN_DEFECT,
2017,Camp,North Gaza,2017,SH_SAN_DEFECT,
0,Camp,Gaza,0,SH_SAN_DEFECT,
2000,Camp,Gaza,2000,SH_SAN_DEFECT,
2002,Camp,Gaza,2002,SH_SAN_DEFECT,
2003,Camp,Gaza,2003,SH_SAN_DEFECT,
2004,Camp,Gaza,2004,SH_SAN_DEFECT,
2005,Camp,Gaza,2005,SH_SAN_DEFECT,
2006,Camp,Gaza,2006,SH_SAN_DEFECT,
2007,Camp,Gaza,2007,SH_SAN_DEFECT,
2008,Camp,Gaza,2008,SH_SAN_DEFECT,
2009,Camp,Gaza,2009,SH_SAN_DEFECT,
2010,Camp,Gaza,2010,SH_SAN_DEFECT,
2011,Camp,Gaza,2011,SH_SAN_DEFECT,
2012,Camp,Gaza,2012,SH_SAN_DEFECT,
2013,Camp,Gaza,2013,SH_SAN_DEFECT,
2014,Camp,Gaza,2014,SH_SAN_DEFECT,
2015,Camp,Gaza,2015,SH_SAN_DEFECT,
2017,Camp,Gaza,2017,SH_SAN_DEFECT,
0,Camp,Dier Al-Balah,0,SH_SAN_DEFECT,
2000,Camp,Dier Al-Balah,2000,SH_SAN_DEFECT,
2002,Camp,Dier Al-Balah,2002,SH_SAN_DEFECT,
2003,Camp,Dier Al-Balah,2003,SH_SAN_DEFECT,
2004,Camp,Dier Al-Balah,2004,SH_SAN_DEFECT,
2005,Camp,Dier Al-Balah,2005,SH_SAN_DEFECT,
2006,Camp,Dier Al-Balah,2006,SH_SAN_DEFECT,
2007,Camp,Dier Al-Balah,2007,SH_SAN_DEFECT,
2008,Camp,Dier Al-Balah,2008,SH_SAN_DEFECT,
2009,Camp,Dier Al-Balah,2009,SH_SAN_DEFECT,
2010,Camp,Dier Al-Balah,2010,SH_SAN_DEFECT,
2011,Camp,Dier Al-Balah,2011,SH_SAN_DEFECT,
2012,Camp,Dier Al-Balah,2012,SH_SAN_DEFECT,
2013,Camp,Dier Al-Balah,2013,SH_SAN_DEFECT,
2014,Camp,Dier Al-Balah,2014,SH_SAN_DEFECT,
2015,Camp,Dier Al-Balah,2015,SH_SAN_DEFECT,
2017,Camp,Dier Al-Balah,2017,SH_SAN_DEFECT,
0,Camp,Khan Yunis,0,SH_SAN_DEFECT,
2000,Camp,Khan Yunis,2000,SH_SAN_DEFECT,
2002,Camp,Khan Yunis,2002,SH_SAN_DEFECT,
2003,Camp,Khan Yunis,2003,SH_SAN_DEFECT,
2004,Camp,Khan Yunis,2004,SH_SAN_DEFECT,
2005,Camp,Khan Yunis,2005,SH_SAN_DEFECT,
2006,Camp,Khan Yunis,2006,SH_SAN_DEFECT,
2007,Camp,Khan Yunis,2007,SH_SAN_DEFECT,
2008,Camp,Khan Yunis,2008,SH_SAN_DEFECT,
2009,Camp,Khan Yunis,2009,SH_SAN_DEFECT,
2010,Camp,Khan Yunis,2010,SH_SAN_DEFECT,
2011,Camp,Khan Yunis,2011,SH_SAN_DEFECT,
2012,Camp,Khan Yunis,2012,SH_SAN_DEFECT,
2013,Camp,Khan Yunis,2013,SH_SAN_DEFECT,
2014,Camp,Khan Yunis,2014,SH_SAN_DEFECT,
2015,Camp,Khan Yunis,2015,SH_SAN_DEFECT,
2017,Camp,Khan Yunis,2017,SH_SAN_DEFECT,
0,Camp,Rafah,0,SH_SAN_DEFECT,
2000,Camp,Rafah,2000,SH_SAN_DEFECT,
2002,Camp,Rafah,2002,SH_SAN_DEFECT,
2003,Camp,Rafah,2003,SH_SAN_DEFECT,
2004,Camp,Rafah,2004,SH_SAN_DEFECT,
2005,Camp,Rafah,2005,SH_SAN_DEFECT,
2006,Camp,Rafah,2006,SH_SAN_DEFECT,
2007,Camp,Rafah,2007,SH_SAN_DEFECT,
2008,Camp,Rafah,2008,SH_SAN_DEFECT,
2009,Camp,Rafah,2009,SH_SAN_DEFECT,
2010,Camp,Rafah,2010,SH_SAN_DEFECT,
2011,Camp,Rafah,2011,SH_SAN_DEFECT,
2012,Camp,Rafah,2012,SH_SAN_DEFECT,
2013,Camp,Rafah,2013,SH_SAN_DEFECT,
2014,Camp,Rafah,2014,SH_SAN_DEFECT,
2015,Camp,Rafah,2015,SH_SAN_DEFECT,
2017,Camp,Rafah,2017,SH_SAN_DEFECT,
