Year,REF_AREA,TIME_DETAIL,UNIT_MEASURE,SERIES,Value
2001,West Bank,2001,NUMBER,SL_EMP_PCAP,-5.64
2002,West Bank,2002,NUMBER,SL_EMP_PCAP,-12.18
2003,West Bank,2003,NUMBER,SL_EMP_PCAP,-5.11
2004,West Bank,2004,NUMBER,SL_EMP_PCAP,16.99
2005,West Bank,2005,NUMBER,SL_EMP_PCAP,0.76
2006,West Bank,2006,NUMBER,SL_EMP_PCAP,-1.31
2007,West Bank,2007,NUMBER,SL_EMP_PCAP,7.0
2008,West Bank,2008,NUMBER,SL_EMP_PCAP,17.27
2009,West Bank,2009,NUMBER,SL_EMP_PCAP,-0.01
2010,West Bank,2010,NUMBER,SL_EMP_PCAP,-0.63
2011,West Bank,2011,NUMBER,SL_EMP_PCAP,0.65
2012,West Bank,2012,NUMBER,SL_EMP_PCAP,2.81
2013,West Bank,2013,NUMBER,SL_EMP_PCAP,3.44
2014,West Bank,2014,NUMBER,SL_EMP_PCAP,-3.31
2015,West Bank,2015,NUMBER,SL_EMP_PCAP,2.9
2016,West Bank,2016,NUMBER,SL_EMP_PCAP,9.76
2017,West Bank,2017,NUMBER,SL_EMP_PCAP,3.15
2018,West Bank,2018,NUMBER,SL_EMP_PCAP,-16.6
2001,Gaza Strip,2001,NUMBER,SL_EMP_PCAP,14.73
2002,Gaza Strip,2002,NUMBER,SL_EMP_PCAP,-8.45
2003,Gaza Strip,2003,NUMBER,SL_EMP_PCAP,-4.96
2004,Gaza Strip,2004,NUMBER,SL_EMP_PCAP,35.33
2005,Gaza Strip,2005,NUMBER,SL_EMP_PCAP,-5.48
2006,Gaza Strip,2006,NUMBER,SL_EMP_PCAP,-16.27
2007,Gaza Strip,2007,NUMBER,SL_EMP_PCAP,-25.19
2008,Gaza Strip,2008,NUMBER,SL_EMP_PCAP,2.44
2009,Gaza Strip,2009,NUMBER,SL_EMP_PCAP,0.89
2010,Gaza Strip,2010,NUMBER,SL_EMP_PCAP,6.76
2011,Gaza Strip,2011,NUMBER,SL_EMP_PCAP,-12.44
2012,Gaza Strip,2012,NUMBER,SL_EMP_PCAP,3.12
2013,Gaza Strip,2013,NUMBER,SL_EMP_PCAP,4.0
2014,Gaza Strip,2014,NUMBER,SL_EMP_PCAP,-7.02
2015,Gaza Strip,2015,NUMBER,SL_EMP_PCAP,-8.24
2016,Gaza Strip,2016,NUMBER,SL_EMP_PCAP,5.0
2017,Gaza Strip,2017,NUMBER,SL_EMP_PCAP,-5.31
2018,Gaza Strip,2018,NUMBER,SL_EMP_PCAP,5.77
2001,PS,2001,NUMBER,SL_EMP_PCAP,0.29
2002,PS,2002,NUMBER,SL_EMP_PCAP,-10.98
2003,PS,2003,NUMBER,SL_EMP_PCAP,-4.94
2004,PS,2004,NUMBER,SL_EMP_PCAP,8.19
2005,PS,2005,NUMBER,SL_EMP_PCAP,-17.14
2006,PS,2006,NUMBER,SL_EMP_PCAP,4.01
2007,PS,2007,NUMBER,SL_EMP_PCAP,-3.9
2008,PS,2008,NUMBER,SL_EMP_PCAP,14.08
2009,PS,2009,NUMBER,SL_EMP_PCAP,0.44
2010,PS,2010,NUMBER,SL_EMP_PCAP,1.19
2011,PS,2011,NUMBER,SL_EMP_PCAP,-3.79
2012,PS,2012,NUMBER,SL_EMP_PCAP,2.63
2013,PS,2013,NUMBER,SL_EMP_PCAP,3.2
2014,PS,2014,NUMBER,SL_EMP_PCAP,-2.62
2015,PS,2015,NUMBER,SL_EMP_PCAP,-0.55
2016,PS,2016,NUMBER,SL_EMP_PCAP,8.07
2017,PS,2017,NUMBER,SL_EMP_PCAP,1.88
2018,PS,2018,NUMBER,SL_EMP_PCAP,-9.62
