Year,SEX,REF_AREA,OCCUPATION,TIME_DETAIL,SERIES,Value
2000,M,West Bank,_T,2000,SL_EMP_EARN,
2001,M,West Bank,_T,2001,SL_EMP_EARN,
2002,M,West Bank,_T,2002,SL_EMP_EARN,
2003,M,West Bank,_T,2003,SL_EMP_EARN,
2004,M,West Bank,_T,2004,SL_EMP_EARN,
2005,M,West Bank,_T,2005,SL_EMP_EARN,
2006,M,West Bank,_T,2006,SL_EMP_EARN,
2007,M,West Bank,_T,2007,SL_EMP_EARN,
2008,M,West Bank,_T,2008,SL_EMP_EARN,
2009,M,West Bank,_T,2009,SL_EMP_EARN,
2010,M,West Bank,_T,2010,SL_EMP_EARN,
2011,M,West Bank,_T,2011,SL_EMP_EARN,
2012,M,West Bank,_T,2012,SL_EMP_EARN,
2013,M,West Bank,_T,2013,SL_EMP_EARN,
2014,M,West Bank,_T,2014,SL_EMP_EARN,
2015,M,West Bank,_T,2015,SL_EMP_EARN,
2016,M,West Bank,_T,2016,SL_EMP_EARN,
2017,M,West Bank,_T,2017,SL_EMP_EARN,
2018,M,West Bank,_T,2018,SL_EMP_EARN,
2000,M,West Bank,ISCO08_3,2000,SL_EMP_EARN,
2001,M,West Bank,ISCO08_3,2001,SL_EMP_EARN,
2002,M,West Bank,ISCO08_3,2002,SL_EMP_EARN,
2003,M,West Bank,ISCO08_3,2003,SL_EMP_EARN,
2004,M,West Bank,ISCO08_3,2004,SL_EMP_EARN,
2005,M,West Bank,ISCO08_3,2005,SL_EMP_EARN,
2006,M,West Bank,ISCO08_3,2006,SL_EMP_EARN,
2007,M,West Bank,ISCO08_3,2007,SL_EMP_EARN,
2008,M,West Bank,ISCO08_3,2008,SL_EMP_EARN,
2009,M,West Bank,ISCO08_3,2009,SL_EMP_EARN,
2010,M,West Bank,ISCO08_3,2010,SL_EMP_EARN,
2011,M,West Bank,ISCO08_3,2011,SL_EMP_EARN,
2012,M,West Bank,ISCO08_3,2012,SL_EMP_EARN,
2013,M,West Bank,ISCO08_3,2013,SL_EMP_EARN,
2014,M,West Bank,ISCO08_3,2014,SL_EMP_EARN,
2015,M,West Bank,ISCO08_3,2015,SL_EMP_EARN,
2016,M,West Bank,ISCO08_3,2016,SL_EMP_EARN,
2017,M,West Bank,ISCO08_3,2017,SL_EMP_EARN,
2018,M,West Bank,ISCO08_3,2018,SL_EMP_EARN,
2000,M,West Bank,ISCO08_5,2000,SL_EMP_EARN,
2001,M,West Bank,ISCO08_5,2001,SL_EMP_EARN,
2002,M,West Bank,ISCO08_5,2002,SL_EMP_EARN,
2003,M,West Bank,ISCO08_5,2003,SL_EMP_EARN,
2004,M,West Bank,ISCO08_5,2004,SL_EMP_EARN,
2005,M,West Bank,ISCO08_5,2005,SL_EMP_EARN,
2006,M,West Bank,ISCO08_5,2006,SL_EMP_EARN,
2007,M,West Bank,ISCO08_5,2007,SL_EMP_EARN,
2008,M,West Bank,ISCO08_5,2008,SL_EMP_EARN,
2009,M,West Bank,ISCO08_5,2009,SL_EMP_EARN,
2010,M,West Bank,ISCO08_5,2010,SL_EMP_EARN,
2011,M,West Bank,ISCO08_5,2011,SL_EMP_EARN,
2012,M,West Bank,ISCO08_5,2012,SL_EMP_EARN,
2013,M,West Bank,ISCO08_5,2013,SL_EMP_EARN,
2014,M,West Bank,ISCO08_5,2014,SL_EMP_EARN,
2015,M,West Bank,ISCO08_5,2015,SL_EMP_EARN,
2016,M,West Bank,ISCO08_5,2016,SL_EMP_EARN,
2017,M,West Bank,ISCO08_5,2017,SL_EMP_EARN,
2018,M,West Bank,ISCO08_5,2018,SL_EMP_EARN,
2000,M,West Bank,ISCO08_6,2000,SL_EMP_EARN,
2001,M,West Bank,ISCO08_6,2001,SL_EMP_EARN,
2002,M,West Bank,ISCO08_6,2002,SL_EMP_EARN,
2003,M,West Bank,ISCO08_6,2003,SL_EMP_EARN,
2004,M,West Bank,ISCO08_6,2004,SL_EMP_EARN,
2005,M,West Bank,ISCO08_6,2005,SL_EMP_EARN,
2006,M,West Bank,ISCO08_6,2006,SL_EMP_EARN,
2007,M,West Bank,ISCO08_6,2007,SL_EMP_EARN,
2008,M,West Bank,ISCO08_6,2008,SL_EMP_EARN,
2009,M,West Bank,ISCO08_6,2009,SL_EMP_EARN,
2010,M,West Bank,ISCO08_6,2010,SL_EMP_EARN,
2011,M,West Bank,ISCO08_6,2011,SL_EMP_EARN,
2012,M,West Bank,ISCO08_6,2012,SL_EMP_EARN,
2013,M,West Bank,ISCO08_6,2013,SL_EMP_EARN,
2014,M,West Bank,ISCO08_6,2014,SL_EMP_EARN,
2015,M,West Bank,ISCO08_6,2015,SL_EMP_EARN,
2016,M,West Bank,ISCO08_6,2016,SL_EMP_EARN,
2017,M,West Bank,ISCO08_6,2017,SL_EMP_EARN,
2018,M,West Bank,ISCO08_6,2018,SL_EMP_EARN,
2000,M,West Bank,ISCO08_7,2000,SL_EMP_EARN,
2001,M,West Bank,ISCO08_7,2001,SL_EMP_EARN,
2002,M,West Bank,ISCO08_7,2002,SL_EMP_EARN,
2003,M,West Bank,ISCO08_7,2003,SL_EMP_EARN,
2004,M,West Bank,ISCO08_7,2004,SL_EMP_EARN,
2005,M,West Bank,ISCO08_7,2005,SL_EMP_EARN,
2006,M,West Bank,ISCO08_7,2006,SL_EMP_EARN,
2007,M,West Bank,ISCO08_7,2007,SL_EMP_EARN,
2008,M,West Bank,ISCO08_7,2008,SL_EMP_EARN,
2009,M,West Bank,ISCO08_7,2009,SL_EMP_EARN,
2010,M,West Bank,ISCO08_7,2010,SL_EMP_EARN,
2011,M,West Bank,ISCO08_7,2011,SL_EMP_EARN,
2012,M,West Bank,ISCO08_7,2012,SL_EMP_EARN,
2013,M,West Bank,ISCO08_7,2013,SL_EMP_EARN,
2014,M,West Bank,ISCO08_7,2014,SL_EMP_EARN,
2015,M,West Bank,ISCO08_7,2015,SL_EMP_EARN,
2016,M,West Bank,ISCO08_7,2016,SL_EMP_EARN,
2017,M,West Bank,ISCO08_7,2017,SL_EMP_EARN,
2018,M,West Bank,ISCO08_7,2018,SL_EMP_EARN,
2000,M,West Bank,ISCO88_8,2000,SL_EMP_EARN,
2001,M,West Bank,ISCO88_8,2001,SL_EMP_EARN,
2002,M,West Bank,ISCO88_8,2002,SL_EMP_EARN,
2003,M,West Bank,ISCO88_8,2003,SL_EMP_EARN,
2004,M,West Bank,ISCO88_8,2004,SL_EMP_EARN,
2005,M,West Bank,ISCO88_8,2005,SL_EMP_EARN,
2006,M,West Bank,ISCO88_8,2006,SL_EMP_EARN,
2007,M,West Bank,ISCO88_8,2007,SL_EMP_EARN,
2008,M,West Bank,ISCO88_8,2008,SL_EMP_EARN,
2009,M,West Bank,ISCO88_8,2009,SL_EMP_EARN,
2010,M,West Bank,ISCO88_8,2010,SL_EMP_EARN,
2011,M,West Bank,ISCO88_8,2011,SL_EMP_EARN,
2012,M,West Bank,ISCO88_8,2012,SL_EMP_EARN,
2013,M,West Bank,ISCO88_8,2013,SL_EMP_EARN,
2014,M,West Bank,ISCO88_8,2014,SL_EMP_EARN,
2015,M,West Bank,ISCO88_8,2015,SL_EMP_EARN,
2016,M,West Bank,ISCO88_8,2016,SL_EMP_EARN,
2017,M,West Bank,ISCO88_8,2017,SL_EMP_EARN,
2018,M,West Bank,ISCO88_8,2018,SL_EMP_EARN,
2000,M,West Bank,ISCO08_9,2000,SL_EMP_EARN,
2001,M,West Bank,ISCO08_9,2001,SL_EMP_EARN,
2002,M,West Bank,ISCO08_9,2002,SL_EMP_EARN,
2003,M,West Bank,ISCO08_9,2003,SL_EMP_EARN,
2004,M,West Bank,ISCO08_9,2004,SL_EMP_EARN,
2005,M,West Bank,ISCO08_9,2005,SL_EMP_EARN,
2006,M,West Bank,ISCO08_9,2006,SL_EMP_EARN,
2007,M,West Bank,ISCO08_9,2007,SL_EMP_EARN,
2008,M,West Bank,ISCO08_9,2008,SL_EMP_EARN,
2009,M,West Bank,ISCO08_9,2009,SL_EMP_EARN,
2010,M,West Bank,ISCO08_9,2010,SL_EMP_EARN,
2011,M,West Bank,ISCO08_9,2011,SL_EMP_EARN,
2012,M,West Bank,ISCO08_9,2012,SL_EMP_EARN,
2013,M,West Bank,ISCO08_9,2013,SL_EMP_EARN,
2014,M,West Bank,ISCO08_9,2014,SL_EMP_EARN,
2015,M,West Bank,ISCO08_9,2015,SL_EMP_EARN,
2016,M,West Bank,ISCO08_9,2016,SL_EMP_EARN,
2017,M,West Bank,ISCO08_9,2017,SL_EMP_EARN,
2018,M,West Bank,ISCO08_9,2018,SL_EMP_EARN,
2000,M,West Bank,ISCO88_1,2000,SL_EMP_EARN,
2001,M,West Bank,ISCO88_1,2001,SL_EMP_EARN,
2002,M,West Bank,ISCO88_1,2002,SL_EMP_EARN,
2003,M,West Bank,ISCO88_1,2003,SL_EMP_EARN,
2004,M,West Bank,ISCO88_1,2004,SL_EMP_EARN,
2005,M,West Bank,ISCO88_1,2005,SL_EMP_EARN,
2006,M,West Bank,ISCO88_1,2006,SL_EMP_EARN,
2007,M,West Bank,ISCO88_1,2007,SL_EMP_EARN,
2008,M,West Bank,ISCO88_1,2008,SL_EMP_EARN,
2009,M,West Bank,ISCO88_1,2009,SL_EMP_EARN,
2010,M,West Bank,ISCO88_1,2010,SL_EMP_EARN,
2011,M,West Bank,ISCO88_1,2011,SL_EMP_EARN,
2012,M,West Bank,ISCO88_1,2012,SL_EMP_EARN,
2013,M,West Bank,ISCO88_1,2013,SL_EMP_EARN,
2014,M,West Bank,ISCO88_1,2014,SL_EMP_EARN,
2015,M,West Bank,ISCO88_1,2015,SL_EMP_EARN,
2016,M,West Bank,ISCO88_1,2016,SL_EMP_EARN,
2017,M,West Bank,ISCO88_1,2017,SL_EMP_EARN,
2018,M,West Bank,ISCO88_1,2018,SL_EMP_EARN,
2000,M,Gaza Strip,_T,2000,SL_EMP_EARN,
2001,M,Gaza Strip,_T,2001,SL_EMP_EARN,
2002,M,Gaza Strip,_T,2002,SL_EMP_EARN,
2003,M,Gaza Strip,_T,2003,SL_EMP_EARN,
2004,M,Gaza Strip,_T,2004,SL_EMP_EARN,
2005,M,Gaza Strip,_T,2005,SL_EMP_EARN,
2006,M,Gaza Strip,_T,2006,SL_EMP_EARN,
2007,M,Gaza Strip,_T,2007,SL_EMP_EARN,
2008,M,Gaza Strip,_T,2008,SL_EMP_EARN,
2009,M,Gaza Strip,_T,2009,SL_EMP_EARN,
2010,M,Gaza Strip,_T,2010,SL_EMP_EARN,
2011,M,Gaza Strip,_T,2011,SL_EMP_EARN,
2012,M,Gaza Strip,_T,2012,SL_EMP_EARN,
2013,M,Gaza Strip,_T,2013,SL_EMP_EARN,
2014,M,Gaza Strip,_T,2014,SL_EMP_EARN,
2015,M,Gaza Strip,_T,2015,SL_EMP_EARN,
2016,M,Gaza Strip,_T,2016,SL_EMP_EARN,
2017,M,Gaza Strip,_T,2017,SL_EMP_EARN,
2018,M,Gaza Strip,_T,2018,SL_EMP_EARN,
2000,M,Gaza Strip,ISCO08_3,2000,SL_EMP_EARN,
2001,M,Gaza Strip,ISCO08_3,2001,SL_EMP_EARN,
2002,M,Gaza Strip,ISCO08_3,2002,SL_EMP_EARN,
2003,M,Gaza Strip,ISCO08_3,2003,SL_EMP_EARN,
2004,M,Gaza Strip,ISCO08_3,2004,SL_EMP_EARN,
2005,M,Gaza Strip,ISCO08_3,2005,SL_EMP_EARN,
2006,M,Gaza Strip,ISCO08_3,2006,SL_EMP_EARN,
2007,M,Gaza Strip,ISCO08_3,2007,SL_EMP_EARN,
2008,M,Gaza Strip,ISCO08_3,2008,SL_EMP_EARN,
2009,M,Gaza Strip,ISCO08_3,2009,SL_EMP_EARN,
2010,M,Gaza Strip,ISCO08_3,2010,SL_EMP_EARN,
2011,M,Gaza Strip,ISCO08_3,2011,SL_EMP_EARN,
2012,M,Gaza Strip,ISCO08_3,2012,SL_EMP_EARN,
2013,M,Gaza Strip,ISCO08_3,2013,SL_EMP_EARN,
2014,M,Gaza Strip,ISCO08_3,2014,SL_EMP_EARN,
2015,M,Gaza Strip,ISCO08_3,2015,SL_EMP_EARN,
2016,M,Gaza Strip,ISCO08_3,2016,SL_EMP_EARN,
2017,M,Gaza Strip,ISCO08_3,2017,SL_EMP_EARN,
2018,M,Gaza Strip,ISCO08_3,2018,SL_EMP_EARN,
2000,M,Gaza Strip,ISCO08_5,2000,SL_EMP_EARN,
2001,M,Gaza Strip,ISCO08_5,2001,SL_EMP_EARN,
2002,M,Gaza Strip,ISCO08_5,2002,SL_EMP_EARN,
2003,M,Gaza Strip,ISCO08_5,2003,SL_EMP_EARN,
2004,M,Gaza Strip,ISCO08_5,2004,SL_EMP_EARN,
2005,M,Gaza Strip,ISCO08_5,2005,SL_EMP_EARN,
2006,M,Gaza Strip,ISCO08_5,2006,SL_EMP_EARN,
2007,M,Gaza Strip,ISCO08_5,2007,SL_EMP_EARN,
2008,M,Gaza Strip,ISCO08_5,2008,SL_EMP_EARN,
2009,M,Gaza Strip,ISCO08_5,2009,SL_EMP_EARN,
2010,M,Gaza Strip,ISCO08_5,2010,SL_EMP_EARN,
2011,M,Gaza Strip,ISCO08_5,2011,SL_EMP_EARN,
2012,M,Gaza Strip,ISCO08_5,2012,SL_EMP_EARN,
2013,M,Gaza Strip,ISCO08_5,2013,SL_EMP_EARN,
2014,M,Gaza Strip,ISCO08_5,2014,SL_EMP_EARN,
2015,M,Gaza Strip,ISCO08_5,2015,SL_EMP_EARN,
2016,M,Gaza Strip,ISCO08_5,2016,SL_EMP_EARN,
2017,M,Gaza Strip,ISCO08_5,2017,SL_EMP_EARN,
2018,M,Gaza Strip,ISCO08_5,2018,SL_EMP_EARN,
2000,M,Gaza Strip,ISCO08_6,2000,SL_EMP_EARN,
2001,M,Gaza Strip,ISCO08_6,2001,SL_EMP_EARN,
2002,M,Gaza Strip,ISCO08_6,2002,SL_EMP_EARN,
2003,M,Gaza Strip,ISCO08_6,2003,SL_EMP_EARN,
2004,M,Gaza Strip,ISCO08_6,2004,SL_EMP_EARN,
2005,M,Gaza Strip,ISCO08_6,2005,SL_EMP_EARN,
2006,M,Gaza Strip,ISCO08_6,2006,SL_EMP_EARN,
2007,M,Gaza Strip,ISCO08_6,2007,SL_EMP_EARN,
2008,M,Gaza Strip,ISCO08_6,2008,SL_EMP_EARN,
2009,M,Gaza Strip,ISCO08_6,2009,SL_EMP_EARN,
2010,M,Gaza Strip,ISCO08_6,2010,SL_EMP_EARN,
2011,M,Gaza Strip,ISCO08_6,2011,SL_EMP_EARN,
2012,M,Gaza Strip,ISCO08_6,2012,SL_EMP_EARN,
2013,M,Gaza Strip,ISCO08_6,2013,SL_EMP_EARN,
2014,M,Gaza Strip,ISCO08_6,2014,SL_EMP_EARN,
2015,M,Gaza Strip,ISCO08_6,2015,SL_EMP_EARN,
2016,M,Gaza Strip,ISCO08_6,2016,SL_EMP_EARN,
2017,M,Gaza Strip,ISCO08_6,2017,SL_EMP_EARN,
2018,M,Gaza Strip,ISCO08_6,2018,SL_EMP_EARN,
2000,M,Gaza Strip,ISCO08_7,2000,SL_EMP_EARN,
2001,M,Gaza Strip,ISCO08_7,2001,SL_EMP_EARN,
2002,M,Gaza Strip,ISCO08_7,2002,SL_EMP_EARN,
2003,M,Gaza Strip,ISCO08_7,2003,SL_EMP_EARN,
2004,M,Gaza Strip,ISCO08_7,2004,SL_EMP_EARN,
2005,M,Gaza Strip,ISCO08_7,2005,SL_EMP_EARN,
2006,M,Gaza Strip,ISCO08_7,2006,SL_EMP_EARN,
2007,M,Gaza Strip,ISCO08_7,2007,SL_EMP_EARN,
2008,M,Gaza Strip,ISCO08_7,2008,SL_EMP_EARN,
2009,M,Gaza Strip,ISCO08_7,2009,SL_EMP_EARN,
2010,M,Gaza Strip,ISCO08_7,2010,SL_EMP_EARN,
2011,M,Gaza Strip,ISCO08_7,2011,SL_EMP_EARN,
2012,M,Gaza Strip,ISCO08_7,2012,SL_EMP_EARN,
2013,M,Gaza Strip,ISCO08_7,2013,SL_EMP_EARN,
2014,M,Gaza Strip,ISCO08_7,2014,SL_EMP_EARN,
2015,M,Gaza Strip,ISCO08_7,2015,SL_EMP_EARN,
2016,M,Gaza Strip,ISCO08_7,2016,SL_EMP_EARN,
2017,M,Gaza Strip,ISCO08_7,2017,SL_EMP_EARN,
2018,M,Gaza Strip,ISCO08_7,2018,SL_EMP_EARN,
2000,M,Gaza Strip,ISCO88_8,2000,SL_EMP_EARN,
2001,M,Gaza Strip,ISCO88_8,2001,SL_EMP_EARN,
2002,M,Gaza Strip,ISCO88_8,2002,SL_EMP_EARN,
2003,M,Gaza Strip,ISCO88_8,2003,SL_EMP_EARN,
2004,M,Gaza Strip,ISCO88_8,2004,SL_EMP_EARN,
2005,M,Gaza Strip,ISCO88_8,2005,SL_EMP_EARN,
2006,M,Gaza Strip,ISCO88_8,2006,SL_EMP_EARN,
2007,M,Gaza Strip,ISCO88_8,2007,SL_EMP_EARN,
2008,M,Gaza Strip,ISCO88_8,2008,SL_EMP_EARN,
2009,M,Gaza Strip,ISCO88_8,2009,SL_EMP_EARN,
2010,M,Gaza Strip,ISCO88_8,2010,SL_EMP_EARN,
2011,M,Gaza Strip,ISCO88_8,2011,SL_EMP_EARN,
2012,M,Gaza Strip,ISCO88_8,2012,SL_EMP_EARN,
2013,M,Gaza Strip,ISCO88_8,2013,SL_EMP_EARN,
2014,M,Gaza Strip,ISCO88_8,2014,SL_EMP_EARN,
2015,M,Gaza Strip,ISCO88_8,2015,SL_EMP_EARN,
2016,M,Gaza Strip,ISCO88_8,2016,SL_EMP_EARN,
2017,M,Gaza Strip,ISCO88_8,2017,SL_EMP_EARN,
2018,M,Gaza Strip,ISCO88_8,2018,SL_EMP_EARN,
2000,M,Gaza Strip,ISCO08_9,2000,SL_EMP_EARN,
2001,M,Gaza Strip,ISCO08_9,2001,SL_EMP_EARN,
2002,M,Gaza Strip,ISCO08_9,2002,SL_EMP_EARN,
2003,M,Gaza Strip,ISCO08_9,2003,SL_EMP_EARN,
2004,M,Gaza Strip,ISCO08_9,2004,SL_EMP_EARN,
2005,M,Gaza Strip,ISCO08_9,2005,SL_EMP_EARN,
2006,M,Gaza Strip,ISCO08_9,2006,SL_EMP_EARN,
2007,M,Gaza Strip,ISCO08_9,2007,SL_EMP_EARN,
2008,M,Gaza Strip,ISCO08_9,2008,SL_EMP_EARN,
2009,M,Gaza Strip,ISCO08_9,2009,SL_EMP_EARN,
2010,M,Gaza Strip,ISCO08_9,2010,SL_EMP_EARN,
2011,M,Gaza Strip,ISCO08_9,2011,SL_EMP_EARN,
2012,M,Gaza Strip,ISCO08_9,2012,SL_EMP_EARN,
2013,M,Gaza Strip,ISCO08_9,2013,SL_EMP_EARN,
2014,M,Gaza Strip,ISCO08_9,2014,SL_EMP_EARN,
2015,M,Gaza Strip,ISCO08_9,2015,SL_EMP_EARN,
2016,M,Gaza Strip,ISCO08_9,2016,SL_EMP_EARN,
2017,M,Gaza Strip,ISCO08_9,2017,SL_EMP_EARN,
2018,M,Gaza Strip,ISCO08_9,2018,SL_EMP_EARN,
2000,M,Gaza Strip,ISCO88_1,2000,SL_EMP_EARN,
2001,M,Gaza Strip,ISCO88_1,2001,SL_EMP_EARN,
2002,M,Gaza Strip,ISCO88_1,2002,SL_EMP_EARN,
2003,M,Gaza Strip,ISCO88_1,2003,SL_EMP_EARN,
2004,M,Gaza Strip,ISCO88_1,2004,SL_EMP_EARN,
2005,M,Gaza Strip,ISCO88_1,2005,SL_EMP_EARN,
2006,M,Gaza Strip,ISCO88_1,2006,SL_EMP_EARN,
2007,M,Gaza Strip,ISCO88_1,2007,SL_EMP_EARN,
2008,M,Gaza Strip,ISCO88_1,2008,SL_EMP_EARN,
2009,M,Gaza Strip,ISCO88_1,2009,SL_EMP_EARN,
2010,M,Gaza Strip,ISCO88_1,2010,SL_EMP_EARN,
2011,M,Gaza Strip,ISCO88_1,2011,SL_EMP_EARN,
2012,M,Gaza Strip,ISCO88_1,2012,SL_EMP_EARN,
2013,M,Gaza Strip,ISCO88_1,2013,SL_EMP_EARN,
2014,M,Gaza Strip,ISCO88_1,2014,SL_EMP_EARN,
2015,M,Gaza Strip,ISCO88_1,2015,SL_EMP_EARN,
2016,M,Gaza Strip,ISCO88_1,2016,SL_EMP_EARN,
2017,M,Gaza Strip,ISCO88_1,2017,SL_EMP_EARN,
2018,M,Gaza Strip,ISCO88_1,2018,SL_EMP_EARN,
2000,M,PS,_T,2000,SL_EMP_EARN,79.6
2001,M,PS,_T,2001,SL_EMP_EARN,74.6
2002,M,PS,_T,2002,SL_EMP_EARN,74.8
2003,M,PS,_T,2003,SL_EMP_EARN,74.2
2004,M,PS,_T,2004,SL_EMP_EARN,75.9
2005,M,PS,_T,2005,SL_EMP_EARN,78.7
2006,M,PS,_T,2006,SL_EMP_EARN,83.4
2007,M,PS,_T,2007,SL_EMP_EARN,84.1
2008,M,PS,_T,2008,SL_EMP_EARN,90.6
2009,M,PS,_T,2009,SL_EMP_EARN,94.2
2010,M,PS,_T,2010,SL_EMP_EARN,94.6
2011,M,PS,_T,2011,SL_EMP_EARN,94.2
2012,M,PS,_T,2012,SL_EMP_EARN,94.8
2013,M,PS,_T,2013,SL_EMP_EARN,100.1
2014,M,PS,_T,2014,SL_EMP_EARN,105.7
2015,M,PS,_T,2015,SL_EMP_EARN,107.8
2016,M,PS,_T,2016,SL_EMP_EARN,113.7
2017,M,PS,_T,2017,SL_EMP_EARN,119.0
2018,M,PS,_T,2018,SL_EMP_EARN,128.6
2000,M,PS,ISCO08_3,2000,SL_EMP_EARN,
2001,M,PS,ISCO08_3,2001,SL_EMP_EARN,
2002,M,PS,ISCO08_3,2002,SL_EMP_EARN,
2003,M,PS,ISCO08_3,2003,SL_EMP_EARN,
2004,M,PS,ISCO08_3,2004,SL_EMP_EARN,
2005,M,PS,ISCO08_3,2005,SL_EMP_EARN,
2006,M,PS,ISCO08_3,2006,SL_EMP_EARN,
2007,M,PS,ISCO08_3,2007,SL_EMP_EARN,
2008,M,PS,ISCO08_3,2008,SL_EMP_EARN,
2009,M,PS,ISCO08_3,2009,SL_EMP_EARN,
2010,M,PS,ISCO08_3,2010,SL_EMP_EARN,
2011,M,PS,ISCO08_3,2011,SL_EMP_EARN,
2012,M,PS,ISCO08_3,2012,SL_EMP_EARN,
2013,M,PS,ISCO08_3,2013,SL_EMP_EARN,
2014,M,PS,ISCO08_3,2014,SL_EMP_EARN,
2015,M,PS,ISCO08_3,2015,SL_EMP_EARN,
2016,M,PS,ISCO08_3,2016,SL_EMP_EARN,
2017,M,PS,ISCO08_3,2017,SL_EMP_EARN,
2018,M,PS,ISCO08_3,2018,SL_EMP_EARN,
2000,M,PS,ISCO08_5,2000,SL_EMP_EARN,
2001,M,PS,ISCO08_5,2001,SL_EMP_EARN,
2002,M,PS,ISCO08_5,2002,SL_EMP_EARN,
2003,M,PS,ISCO08_5,2003,SL_EMP_EARN,
2004,M,PS,ISCO08_5,2004,SL_EMP_EARN,
2005,M,PS,ISCO08_5,2005,SL_EMP_EARN,
2006,M,PS,ISCO08_5,2006,SL_EMP_EARN,
2007,M,PS,ISCO08_5,2007,SL_EMP_EARN,
2008,M,PS,ISCO08_5,2008,SL_EMP_EARN,
2009,M,PS,ISCO08_5,2009,SL_EMP_EARN,
2010,M,PS,ISCO08_5,2010,SL_EMP_EARN,
2011,M,PS,ISCO08_5,2011,SL_EMP_EARN,
2012,M,PS,ISCO08_5,2012,SL_EMP_EARN,
2013,M,PS,ISCO08_5,2013,SL_EMP_EARN,
2014,M,PS,ISCO08_5,2014,SL_EMP_EARN,
2015,M,PS,ISCO08_5,2015,SL_EMP_EARN,
2016,M,PS,ISCO08_5,2016,SL_EMP_EARN,
2017,M,PS,ISCO08_5,2017,SL_EMP_EARN,
2018,M,PS,ISCO08_5,2018,SL_EMP_EARN,
2000,M,PS,ISCO08_6,2000,SL_EMP_EARN,
2001,M,PS,ISCO08_6,2001,SL_EMP_EARN,
2002,M,PS,ISCO08_6,2002,SL_EMP_EARN,
2003,M,PS,ISCO08_6,2003,SL_EMP_EARN,
2004,M,PS,ISCO08_6,2004,SL_EMP_EARN,
2005,M,PS,ISCO08_6,2005,SL_EMP_EARN,
2006,M,PS,ISCO08_6,2006,SL_EMP_EARN,
2007,M,PS,ISCO08_6,2007,SL_EMP_EARN,
2008,M,PS,ISCO08_6,2008,SL_EMP_EARN,
2009,M,PS,ISCO08_6,2009,SL_EMP_EARN,
2010,M,PS,ISCO08_6,2010,SL_EMP_EARN,
2011,M,PS,ISCO08_6,2011,SL_EMP_EARN,
2012,M,PS,ISCO08_6,2012,SL_EMP_EARN,
2013,M,PS,ISCO08_6,2013,SL_EMP_EARN,
2014,M,PS,ISCO08_6,2014,SL_EMP_EARN,
2015,M,PS,ISCO08_6,2015,SL_EMP_EARN,
2016,M,PS,ISCO08_6,2016,SL_EMP_EARN,
2017,M,PS,ISCO08_6,2017,SL_EMP_EARN,
2018,M,PS,ISCO08_6,2018,SL_EMP_EARN,
2000,M,PS,ISCO08_7,2000,SL_EMP_EARN,
2001,M,PS,ISCO08_7,2001,SL_EMP_EARN,
2002,M,PS,ISCO08_7,2002,SL_EMP_EARN,
2003,M,PS,ISCO08_7,2003,SL_EMP_EARN,
2004,M,PS,ISCO08_7,2004,SL_EMP_EARN,
2005,M,PS,ISCO08_7,2005,SL_EMP_EARN,
2006,M,PS,ISCO08_7,2006,SL_EMP_EARN,
2007,M,PS,ISCO08_7,2007,SL_EMP_EARN,
2008,M,PS,ISCO08_7,2008,SL_EMP_EARN,
2009,M,PS,ISCO08_7,2009,SL_EMP_EARN,
2010,M,PS,ISCO08_7,2010,SL_EMP_EARN,
2011,M,PS,ISCO08_7,2011,SL_EMP_EARN,
2012,M,PS,ISCO08_7,2012,SL_EMP_EARN,
2013,M,PS,ISCO08_7,2013,SL_EMP_EARN,
2014,M,PS,ISCO08_7,2014,SL_EMP_EARN,
2015,M,PS,ISCO08_7,2015,SL_EMP_EARN,
2016,M,PS,ISCO08_7,2016,SL_EMP_EARN,
2017,M,PS,ISCO08_7,2017,SL_EMP_EARN,
2018,M,PS,ISCO08_7,2018,SL_EMP_EARN,
2000,M,PS,ISCO88_8,2000,SL_EMP_EARN,
2001,M,PS,ISCO88_8,2001,SL_EMP_EARN,
2002,M,PS,ISCO88_8,2002,SL_EMP_EARN,
2003,M,PS,ISCO88_8,2003,SL_EMP_EARN,
2004,M,PS,ISCO88_8,2004,SL_EMP_EARN,
2005,M,PS,ISCO88_8,2005,SL_EMP_EARN,
2006,M,PS,ISCO88_8,2006,SL_EMP_EARN,
2007,M,PS,ISCO88_8,2007,SL_EMP_EARN,
2008,M,PS,ISCO88_8,2008,SL_EMP_EARN,
2009,M,PS,ISCO88_8,2009,SL_EMP_EARN,
2010,M,PS,ISCO88_8,2010,SL_EMP_EARN,
2011,M,PS,ISCO88_8,2011,SL_EMP_EARN,
2012,M,PS,ISCO88_8,2012,SL_EMP_EARN,
2013,M,PS,ISCO88_8,2013,SL_EMP_EARN,
2014,M,PS,ISCO88_8,2014,SL_EMP_EARN,
2015,M,PS,ISCO88_8,2015,SL_EMP_EARN,
2016,M,PS,ISCO88_8,2016,SL_EMP_EARN,
2017,M,PS,ISCO88_8,2017,SL_EMP_EARN,
2018,M,PS,ISCO88_8,2018,SL_EMP_EARN,
2000,M,PS,ISCO08_9,2000,SL_EMP_EARN,
2001,M,PS,ISCO08_9,2001,SL_EMP_EARN,
2002,M,PS,ISCO08_9,2002,SL_EMP_EARN,
2003,M,PS,ISCO08_9,2003,SL_EMP_EARN,
2004,M,PS,ISCO08_9,2004,SL_EMP_EARN,
2005,M,PS,ISCO08_9,2005,SL_EMP_EARN,
2006,M,PS,ISCO08_9,2006,SL_EMP_EARN,
2007,M,PS,ISCO08_9,2007,SL_EMP_EARN,
2008,M,PS,ISCO08_9,2008,SL_EMP_EARN,
2009,M,PS,ISCO08_9,2009,SL_EMP_EARN,
2010,M,PS,ISCO08_9,2010,SL_EMP_EARN,
2011,M,PS,ISCO08_9,2011,SL_EMP_EARN,
2012,M,PS,ISCO08_9,2012,SL_EMP_EARN,
2013,M,PS,ISCO08_9,2013,SL_EMP_EARN,
2014,M,PS,ISCO08_9,2014,SL_EMP_EARN,
2015,M,PS,ISCO08_9,2015,SL_EMP_EARN,
2016,M,PS,ISCO08_9,2016,SL_EMP_EARN,
2017,M,PS,ISCO08_9,2017,SL_EMP_EARN,
2018,M,PS,ISCO08_9,2018,SL_EMP_EARN,
2000,M,PS,ISCO88_1,2000,SL_EMP_EARN,
2001,M,PS,ISCO88_1,2001,SL_EMP_EARN,
2002,M,PS,ISCO88_1,2002,SL_EMP_EARN,
2003,M,PS,ISCO88_1,2003,SL_EMP_EARN,
2004,M,PS,ISCO88_1,2004,SL_EMP_EARN,
2005,M,PS,ISCO88_1,2005,SL_EMP_EARN,
2006,M,PS,ISCO88_1,2006,SL_EMP_EARN,
2007,M,PS,ISCO88_1,2007,SL_EMP_EARN,
2008,M,PS,ISCO88_1,2008,SL_EMP_EARN,
2009,M,PS,ISCO88_1,2009,SL_EMP_EARN,
2010,M,PS,ISCO88_1,2010,SL_EMP_EARN,
2011,M,PS,ISCO88_1,2011,SL_EMP_EARN,
2012,M,PS,ISCO88_1,2012,SL_EMP_EARN,
2013,M,PS,ISCO88_1,2013,SL_EMP_EARN,
2014,M,PS,ISCO88_1,2014,SL_EMP_EARN,
2015,M,PS,ISCO88_1,2015,SL_EMP_EARN,
2016,M,PS,ISCO88_1,2016,SL_EMP_EARN,
2017,M,PS,ISCO88_1,2017,SL_EMP_EARN,
2018,M,PS,ISCO88_1,2018,SL_EMP_EARN,
2000,F,West Bank,_T,2000,SL_EMP_EARN,
2001,F,West Bank,_T,2001,SL_EMP_EARN,
2002,F,West Bank,_T,2002,SL_EMP_EARN,
2003,F,West Bank,_T,2003,SL_EMP_EARN,
2004,F,West Bank,_T,2004,SL_EMP_EARN,
2005,F,West Bank,_T,2005,SL_EMP_EARN,
2006,F,West Bank,_T,2006,SL_EMP_EARN,
2007,F,West Bank,_T,2007,SL_EMP_EARN,
2008,F,West Bank,_T,2008,SL_EMP_EARN,
2009,F,West Bank,_T,2009,SL_EMP_EARN,
2010,F,West Bank,_T,2010,SL_EMP_EARN,
2011,F,West Bank,_T,2011,SL_EMP_EARN,
2012,F,West Bank,_T,2012,SL_EMP_EARN,
2013,F,West Bank,_T,2013,SL_EMP_EARN,
2014,F,West Bank,_T,2014,SL_EMP_EARN,
2015,F,West Bank,_T,2015,SL_EMP_EARN,
2016,F,West Bank,_T,2016,SL_EMP_EARN,
2017,F,West Bank,_T,2017,SL_EMP_EARN,
2018,F,West Bank,_T,2018,SL_EMP_EARN,
2000,F,West Bank,ISCO08_3,2000,SL_EMP_EARN,
2001,F,West Bank,ISCO08_3,2001,SL_EMP_EARN,
2002,F,West Bank,ISCO08_3,2002,SL_EMP_EARN,
2003,F,West Bank,ISCO08_3,2003,SL_EMP_EARN,
2004,F,West Bank,ISCO08_3,2004,SL_EMP_EARN,
2005,F,West Bank,ISCO08_3,2005,SL_EMP_EARN,
2006,F,West Bank,ISCO08_3,2006,SL_EMP_EARN,
2007,F,West Bank,ISCO08_3,2007,SL_EMP_EARN,
2008,F,West Bank,ISCO08_3,2008,SL_EMP_EARN,
2009,F,West Bank,ISCO08_3,2009,SL_EMP_EARN,
2010,F,West Bank,ISCO08_3,2010,SL_EMP_EARN,
2011,F,West Bank,ISCO08_3,2011,SL_EMP_EARN,
2012,F,West Bank,ISCO08_3,2012,SL_EMP_EARN,
2013,F,West Bank,ISCO08_3,2013,SL_EMP_EARN,
2014,F,West Bank,ISCO08_3,2014,SL_EMP_EARN,
2015,F,West Bank,ISCO08_3,2015,SL_EMP_EARN,
2016,F,West Bank,ISCO08_3,2016,SL_EMP_EARN,
2017,F,West Bank,ISCO08_3,2017,SL_EMP_EARN,
2018,F,West Bank,ISCO08_3,2018,SL_EMP_EARN,
2000,F,West Bank,ISCO08_5,2000,SL_EMP_EARN,
2001,F,West Bank,ISCO08_5,2001,SL_EMP_EARN,
2002,F,West Bank,ISCO08_5,2002,SL_EMP_EARN,
2003,F,West Bank,ISCO08_5,2003,SL_EMP_EARN,
2004,F,West Bank,ISCO08_5,2004,SL_EMP_EARN,
2005,F,West Bank,ISCO08_5,2005,SL_EMP_EARN,
2006,F,West Bank,ISCO08_5,2006,SL_EMP_EARN,
2007,F,West Bank,ISCO08_5,2007,SL_EMP_EARN,
2008,F,West Bank,ISCO08_5,2008,SL_EMP_EARN,
2009,F,West Bank,ISCO08_5,2009,SL_EMP_EARN,
2010,F,West Bank,ISCO08_5,2010,SL_EMP_EARN,
2011,F,West Bank,ISCO08_5,2011,SL_EMP_EARN,
2012,F,West Bank,ISCO08_5,2012,SL_EMP_EARN,
2013,F,West Bank,ISCO08_5,2013,SL_EMP_EARN,
2014,F,West Bank,ISCO08_5,2014,SL_EMP_EARN,
2015,F,West Bank,ISCO08_5,2015,SL_EMP_EARN,
2016,F,West Bank,ISCO08_5,2016,SL_EMP_EARN,
2017,F,West Bank,ISCO08_5,2017,SL_EMP_EARN,
2018,F,West Bank,ISCO08_5,2018,SL_EMP_EARN,
2000,F,West Bank,ISCO08_6,2000,SL_EMP_EARN,
2001,F,West Bank,ISCO08_6,2001,SL_EMP_EARN,
2002,F,West Bank,ISCO08_6,2002,SL_EMP_EARN,
2003,F,West Bank,ISCO08_6,2003,SL_EMP_EARN,
2004,F,West Bank,ISCO08_6,2004,SL_EMP_EARN,
2005,F,West Bank,ISCO08_6,2005,SL_EMP_EARN,
2006,F,West Bank,ISCO08_6,2006,SL_EMP_EARN,
2007,F,West Bank,ISCO08_6,2007,SL_EMP_EARN,
2008,F,West Bank,ISCO08_6,2008,SL_EMP_EARN,
2009,F,West Bank,ISCO08_6,2009,SL_EMP_EARN,
2010,F,West Bank,ISCO08_6,2010,SL_EMP_EARN,
2011,F,West Bank,ISCO08_6,2011,SL_EMP_EARN,
2012,F,West Bank,ISCO08_6,2012,SL_EMP_EARN,
2013,F,West Bank,ISCO08_6,2013,SL_EMP_EARN,
2014,F,West Bank,ISCO08_6,2014,SL_EMP_EARN,
2015,F,West Bank,ISCO08_6,2015,SL_EMP_EARN,
2016,F,West Bank,ISCO08_6,2016,SL_EMP_EARN,
2017,F,West Bank,ISCO08_6,2017,SL_EMP_EARN,
2018,F,West Bank,ISCO08_6,2018,SL_EMP_EARN,
2000,F,West Bank,ISCO08_7,2000,SL_EMP_EARN,
2001,F,West Bank,ISCO08_7,2001,SL_EMP_EARN,
2002,F,West Bank,ISCO08_7,2002,SL_EMP_EARN,
2003,F,West Bank,ISCO08_7,2003,SL_EMP_EARN,
2004,F,West Bank,ISCO08_7,2004,SL_EMP_EARN,
2005,F,West Bank,ISCO08_7,2005,SL_EMP_EARN,
2006,F,West Bank,ISCO08_7,2006,SL_EMP_EARN,
2007,F,West Bank,ISCO08_7,2007,SL_EMP_EARN,
2008,F,West Bank,ISCO08_7,2008,SL_EMP_EARN,
2009,F,West Bank,ISCO08_7,2009,SL_EMP_EARN,
2010,F,West Bank,ISCO08_7,2010,SL_EMP_EARN,
2011,F,West Bank,ISCO08_7,2011,SL_EMP_EARN,
2012,F,West Bank,ISCO08_7,2012,SL_EMP_EARN,
2013,F,West Bank,ISCO08_7,2013,SL_EMP_EARN,
2014,F,West Bank,ISCO08_7,2014,SL_EMP_EARN,
2015,F,West Bank,ISCO08_7,2015,SL_EMP_EARN,
2016,F,West Bank,ISCO08_7,2016,SL_EMP_EARN,
2017,F,West Bank,ISCO08_7,2017,SL_EMP_EARN,
2018,F,West Bank,ISCO08_7,2018,SL_EMP_EARN,
2000,F,West Bank,ISCO88_8,2000,SL_EMP_EARN,
2001,F,West Bank,ISCO88_8,2001,SL_EMP_EARN,
2002,F,West Bank,ISCO88_8,2002,SL_EMP_EARN,
2003,F,West Bank,ISCO88_8,2003,SL_EMP_EARN,
2004,F,West Bank,ISCO88_8,2004,SL_EMP_EARN,
2005,F,West Bank,ISCO88_8,2005,SL_EMP_EARN,
2006,F,West Bank,ISCO88_8,2006,SL_EMP_EARN,
2007,F,West Bank,ISCO88_8,2007,SL_EMP_EARN,
2008,F,West Bank,ISCO88_8,2008,SL_EMP_EARN,
2009,F,West Bank,ISCO88_8,2009,SL_EMP_EARN,
2010,F,West Bank,ISCO88_8,2010,SL_EMP_EARN,
2011,F,West Bank,ISCO88_8,2011,SL_EMP_EARN,
2012,F,West Bank,ISCO88_8,2012,SL_EMP_EARN,
2013,F,West Bank,ISCO88_8,2013,SL_EMP_EARN,
2014,F,West Bank,ISCO88_8,2014,SL_EMP_EARN,
2015,F,West Bank,ISCO88_8,2015,SL_EMP_EARN,
2016,F,West Bank,ISCO88_8,2016,SL_EMP_EARN,
2017,F,West Bank,ISCO88_8,2017,SL_EMP_EARN,
2018,F,West Bank,ISCO88_8,2018,SL_EMP_EARN,
2000,F,West Bank,ISCO08_9,2000,SL_EMP_EARN,
2001,F,West Bank,ISCO08_9,2001,SL_EMP_EARN,
2002,F,West Bank,ISCO08_9,2002,SL_EMP_EARN,
2003,F,West Bank,ISCO08_9,2003,SL_EMP_EARN,
2004,F,West Bank,ISCO08_9,2004,SL_EMP_EARN,
2005,F,West Bank,ISCO08_9,2005,SL_EMP_EARN,
2006,F,West Bank,ISCO08_9,2006,SL_EMP_EARN,
2007,F,West Bank,ISCO08_9,2007,SL_EMP_EARN,
2008,F,West Bank,ISCO08_9,2008,SL_EMP_EARN,
2009,F,West Bank,ISCO08_9,2009,SL_EMP_EARN,
2010,F,West Bank,ISCO08_9,2010,SL_EMP_EARN,
2011,F,West Bank,ISCO08_9,2011,SL_EMP_EARN,
2012,F,West Bank,ISCO08_9,2012,SL_EMP_EARN,
2013,F,West Bank,ISCO08_9,2013,SL_EMP_EARN,
2014,F,West Bank,ISCO08_9,2014,SL_EMP_EARN,
2015,F,West Bank,ISCO08_9,2015,SL_EMP_EARN,
2016,F,West Bank,ISCO08_9,2016,SL_EMP_EARN,
2017,F,West Bank,ISCO08_9,2017,SL_EMP_EARN,
2018,F,West Bank,ISCO08_9,2018,SL_EMP_EARN,
2000,F,West Bank,ISCO88_1,2000,SL_EMP_EARN,
2001,F,West Bank,ISCO88_1,2001,SL_EMP_EARN,
2002,F,West Bank,ISCO88_1,2002,SL_EMP_EARN,
2003,F,West Bank,ISCO88_1,2003,SL_EMP_EARN,
2004,F,West Bank,ISCO88_1,2004,SL_EMP_EARN,
2005,F,West Bank,ISCO88_1,2005,SL_EMP_EARN,
2006,F,West Bank,ISCO88_1,2006,SL_EMP_EARN,
2007,F,West Bank,ISCO88_1,2007,SL_EMP_EARN,
2008,F,West Bank,ISCO88_1,2008,SL_EMP_EARN,
2009,F,West Bank,ISCO88_1,2009,SL_EMP_EARN,
2010,F,West Bank,ISCO88_1,2010,SL_EMP_EARN,
2011,F,West Bank,ISCO88_1,2011,SL_EMP_EARN,
2012,F,West Bank,ISCO88_1,2012,SL_EMP_EARN,
2013,F,West Bank,ISCO88_1,2013,SL_EMP_EARN,
2014,F,West Bank,ISCO88_1,2014,SL_EMP_EARN,
2015,F,West Bank,ISCO88_1,2015,SL_EMP_EARN,
2016,F,West Bank,ISCO88_1,2016,SL_EMP_EARN,
2017,F,West Bank,ISCO88_1,2017,SL_EMP_EARN,
2018,F,West Bank,ISCO88_1,2018,SL_EMP_EARN,
2000,F,Gaza Strip,_T,2000,SL_EMP_EARN,
2001,F,Gaza Strip,_T,2001,SL_EMP_EARN,
2002,F,Gaza Strip,_T,2002,SL_EMP_EARN,
2003,F,Gaza Strip,_T,2003,SL_EMP_EARN,
2004,F,Gaza Strip,_T,2004,SL_EMP_EARN,
2005,F,Gaza Strip,_T,2005,SL_EMP_EARN,
2006,F,Gaza Strip,_T,2006,SL_EMP_EARN,
2007,F,Gaza Strip,_T,2007,SL_EMP_EARN,
2008,F,Gaza Strip,_T,2008,SL_EMP_EARN,
2009,F,Gaza Strip,_T,2009,SL_EMP_EARN,
2010,F,Gaza Strip,_T,2010,SL_EMP_EARN,
2011,F,Gaza Strip,_T,2011,SL_EMP_EARN,
2012,F,Gaza Strip,_T,2012,SL_EMP_EARN,
2013,F,Gaza Strip,_T,2013,SL_EMP_EARN,
2014,F,Gaza Strip,_T,2014,SL_EMP_EARN,
2015,F,Gaza Strip,_T,2015,SL_EMP_EARN,
2016,F,Gaza Strip,_T,2016,SL_EMP_EARN,
2017,F,Gaza Strip,_T,2017,SL_EMP_EARN,
2018,F,Gaza Strip,_T,2018,SL_EMP_EARN,
2000,F,Gaza Strip,ISCO08_3,2000,SL_EMP_EARN,
2001,F,Gaza Strip,ISCO08_3,2001,SL_EMP_EARN,
2002,F,Gaza Strip,ISCO08_3,2002,SL_EMP_EARN,
2003,F,Gaza Strip,ISCO08_3,2003,SL_EMP_EARN,
2004,F,Gaza Strip,ISCO08_3,2004,SL_EMP_EARN,
2005,F,Gaza Strip,ISCO08_3,2005,SL_EMP_EARN,
2006,F,Gaza Strip,ISCO08_3,2006,SL_EMP_EARN,
2007,F,Gaza Strip,ISCO08_3,2007,SL_EMP_EARN,
2008,F,Gaza Strip,ISCO08_3,2008,SL_EMP_EARN,
2009,F,Gaza Strip,ISCO08_3,2009,SL_EMP_EARN,
2010,F,Gaza Strip,ISCO08_3,2010,SL_EMP_EARN,
2011,F,Gaza Strip,ISCO08_3,2011,SL_EMP_EARN,
2012,F,Gaza Strip,ISCO08_3,2012,SL_EMP_EARN,
2013,F,Gaza Strip,ISCO08_3,2013,SL_EMP_EARN,
2014,F,Gaza Strip,ISCO08_3,2014,SL_EMP_EARN,
2015,F,Gaza Strip,ISCO08_3,2015,SL_EMP_EARN,
2016,F,Gaza Strip,ISCO08_3,2016,SL_EMP_EARN,
2017,F,Gaza Strip,ISCO08_3,2017,SL_EMP_EARN,
2018,F,Gaza Strip,ISCO08_3,2018,SL_EMP_EARN,
2000,F,Gaza Strip,ISCO08_5,2000,SL_EMP_EARN,
2001,F,Gaza Strip,ISCO08_5,2001,SL_EMP_EARN,
2002,F,Gaza Strip,ISCO08_5,2002,SL_EMP_EARN,
2003,F,Gaza Strip,ISCO08_5,2003,SL_EMP_EARN,
2004,F,Gaza Strip,ISCO08_5,2004,SL_EMP_EARN,
2005,F,Gaza Strip,ISCO08_5,2005,SL_EMP_EARN,
2006,F,Gaza Strip,ISCO08_5,2006,SL_EMP_EARN,
2007,F,Gaza Strip,ISCO08_5,2007,SL_EMP_EARN,
2008,F,Gaza Strip,ISCO08_5,2008,SL_EMP_EARN,
2009,F,Gaza Strip,ISCO08_5,2009,SL_EMP_EARN,
2010,F,Gaza Strip,ISCO08_5,2010,SL_EMP_EARN,
2011,F,Gaza Strip,ISCO08_5,2011,SL_EMP_EARN,
2012,F,Gaza Strip,ISCO08_5,2012,SL_EMP_EARN,
2013,F,Gaza Strip,ISCO08_5,2013,SL_EMP_EARN,
2014,F,Gaza Strip,ISCO08_5,2014,SL_EMP_EARN,
2015,F,Gaza Strip,ISCO08_5,2015,SL_EMP_EARN,
2016,F,Gaza Strip,ISCO08_5,2016,SL_EMP_EARN,
2017,F,Gaza Strip,ISCO08_5,2017,SL_EMP_EARN,
2018,F,Gaza Strip,ISCO08_5,2018,SL_EMP_EARN,
2000,F,Gaza Strip,ISCO08_6,2000,SL_EMP_EARN,
2001,F,Gaza Strip,ISCO08_6,2001,SL_EMP_EARN,
2002,F,Gaza Strip,ISCO08_6,2002,SL_EMP_EARN,
2003,F,Gaza Strip,ISCO08_6,2003,SL_EMP_EARN,
2004,F,Gaza Strip,ISCO08_6,2004,SL_EMP_EARN,
2005,F,Gaza Strip,ISCO08_6,2005,SL_EMP_EARN,
2006,F,Gaza Strip,ISCO08_6,2006,SL_EMP_EARN,
2007,F,Gaza Strip,ISCO08_6,2007,SL_EMP_EARN,
2008,F,Gaza Strip,ISCO08_6,2008,SL_EMP_EARN,
2009,F,Gaza Strip,ISCO08_6,2009,SL_EMP_EARN,
2010,F,Gaza Strip,ISCO08_6,2010,SL_EMP_EARN,
2011,F,Gaza Strip,ISCO08_6,2011,SL_EMP_EARN,
2012,F,Gaza Strip,ISCO08_6,2012,SL_EMP_EARN,
2013,F,Gaza Strip,ISCO08_6,2013,SL_EMP_EARN,
2014,F,Gaza Strip,ISCO08_6,2014,SL_EMP_EARN,
2015,F,Gaza Strip,ISCO08_6,2015,SL_EMP_EARN,
2016,F,Gaza Strip,ISCO08_6,2016,SL_EMP_EARN,
2017,F,Gaza Strip,ISCO08_6,2017,SL_EMP_EARN,
2018,F,Gaza Strip,ISCO08_6,2018,SL_EMP_EARN,
2000,F,Gaza Strip,ISCO08_7,2000,SL_EMP_EARN,
2001,F,Gaza Strip,ISCO08_7,2001,SL_EMP_EARN,
2002,F,Gaza Strip,ISCO08_7,2002,SL_EMP_EARN,
2003,F,Gaza Strip,ISCO08_7,2003,SL_EMP_EARN,
2004,F,Gaza Strip,ISCO08_7,2004,SL_EMP_EARN,
2005,F,Gaza Strip,ISCO08_7,2005,SL_EMP_EARN,
2006,F,Gaza Strip,ISCO08_7,2006,SL_EMP_EARN,
2007,F,Gaza Strip,ISCO08_7,2007,SL_EMP_EARN,
2008,F,Gaza Strip,ISCO08_7,2008,SL_EMP_EARN,
2009,F,Gaza Strip,ISCO08_7,2009,SL_EMP_EARN,
2010,F,Gaza Strip,ISCO08_7,2010,SL_EMP_EARN,
2011,F,Gaza Strip,ISCO08_7,2011,SL_EMP_EARN,
2012,F,Gaza Strip,ISCO08_7,2012,SL_EMP_EARN,
2013,F,Gaza Strip,ISCO08_7,2013,SL_EMP_EARN,
2014,F,Gaza Strip,ISCO08_7,2014,SL_EMP_EARN,
2015,F,Gaza Strip,ISCO08_7,2015,SL_EMP_EARN,
2016,F,Gaza Strip,ISCO08_7,2016,SL_EMP_EARN,
2017,F,Gaza Strip,ISCO08_7,2017,SL_EMP_EARN,
2018,F,Gaza Strip,ISCO08_7,2018,SL_EMP_EARN,
2000,F,Gaza Strip,ISCO88_8,2000,SL_EMP_EARN,
2001,F,Gaza Strip,ISCO88_8,2001,SL_EMP_EARN,
2002,F,Gaza Strip,ISCO88_8,2002,SL_EMP_EARN,
2003,F,Gaza Strip,ISCO88_8,2003,SL_EMP_EARN,
2004,F,Gaza Strip,ISCO88_8,2004,SL_EMP_EARN,
2005,F,Gaza Strip,ISCO88_8,2005,SL_EMP_EARN,
2006,F,Gaza Strip,ISCO88_8,2006,SL_EMP_EARN,
2007,F,Gaza Strip,ISCO88_8,2007,SL_EMP_EARN,
2008,F,Gaza Strip,ISCO88_8,2008,SL_EMP_EARN,
2009,F,Gaza Strip,ISCO88_8,2009,SL_EMP_EARN,
2010,F,Gaza Strip,ISCO88_8,2010,SL_EMP_EARN,
2011,F,Gaza Strip,ISCO88_8,2011,SL_EMP_EARN,
2012,F,Gaza Strip,ISCO88_8,2012,SL_EMP_EARN,
2013,F,Gaza Strip,ISCO88_8,2013,SL_EMP_EARN,
2014,F,Gaza Strip,ISCO88_8,2014,SL_EMP_EARN,
2015,F,Gaza Strip,ISCO88_8,2015,SL_EMP_EARN,
2016,F,Gaza Strip,ISCO88_8,2016,SL_EMP_EARN,
2017,F,Gaza Strip,ISCO88_8,2017,SL_EMP_EARN,
2018,F,Gaza Strip,ISCO88_8,2018,SL_EMP_EARN,
2000,F,Gaza Strip,ISCO08_9,2000,SL_EMP_EARN,
2001,F,Gaza Strip,ISCO08_9,2001,SL_EMP_EARN,
2002,F,Gaza Strip,ISCO08_9,2002,SL_EMP_EARN,
2003,F,Gaza Strip,ISCO08_9,2003,SL_EMP_EARN,
2004,F,Gaza Strip,ISCO08_9,2004,SL_EMP_EARN,
2005,F,Gaza Strip,ISCO08_9,2005,SL_EMP_EARN,
2006,F,Gaza Strip,ISCO08_9,2006,SL_EMP_EARN,
2007,F,Gaza Strip,ISCO08_9,2007,SL_EMP_EARN,
2008,F,Gaza Strip,ISCO08_9,2008,SL_EMP_EARN,
2009,F,Gaza Strip,ISCO08_9,2009,SL_EMP_EARN,
2010,F,Gaza Strip,ISCO08_9,2010,SL_EMP_EARN,
2011,F,Gaza Strip,ISCO08_9,2011,SL_EMP_EARN,
2012,F,Gaza Strip,ISCO08_9,2012,SL_EMP_EARN,
2013,F,Gaza Strip,ISCO08_9,2013,SL_EMP_EARN,
2014,F,Gaza Strip,ISCO08_9,2014,SL_EMP_EARN,
2015,F,Gaza Strip,ISCO08_9,2015,SL_EMP_EARN,
2016,F,Gaza Strip,ISCO08_9,2016,SL_EMP_EARN,
2017,F,Gaza Strip,ISCO08_9,2017,SL_EMP_EARN,
2018,F,Gaza Strip,ISCO08_9,2018,SL_EMP_EARN,
2000,F,Gaza Strip,ISCO88_1,2000,SL_EMP_EARN,
2001,F,Gaza Strip,ISCO88_1,2001,SL_EMP_EARN,
2002,F,Gaza Strip,ISCO88_1,2002,SL_EMP_EARN,
2003,F,Gaza Strip,ISCO88_1,2003,SL_EMP_EARN,
2004,F,Gaza Strip,ISCO88_1,2004,SL_EMP_EARN,
2005,F,Gaza Strip,ISCO88_1,2005,SL_EMP_EARN,
2006,F,Gaza Strip,ISCO88_1,2006,SL_EMP_EARN,
2007,F,Gaza Strip,ISCO88_1,2007,SL_EMP_EARN,
2008,F,Gaza Strip,ISCO88_1,2008,SL_EMP_EARN,
2009,F,Gaza Strip,ISCO88_1,2009,SL_EMP_EARN,
2010,F,Gaza Strip,ISCO88_1,2010,SL_EMP_EARN,
2011,F,Gaza Strip,ISCO88_1,2011,SL_EMP_EARN,
2012,F,Gaza Strip,ISCO88_1,2012,SL_EMP_EARN,
2013,F,Gaza Strip,ISCO88_1,2013,SL_EMP_EARN,
2014,F,Gaza Strip,ISCO88_1,2014,SL_EMP_EARN,
2015,F,Gaza Strip,ISCO88_1,2015,SL_EMP_EARN,
2016,F,Gaza Strip,ISCO88_1,2016,SL_EMP_EARN,
2017,F,Gaza Strip,ISCO88_1,2017,SL_EMP_EARN,
2018,F,Gaza Strip,ISCO88_1,2018,SL_EMP_EARN,
2000,F,PS,_T,2000,SL_EMP_EARN,55.1
2001,F,PS,_T,2001,SL_EMP_EARN,56.3
2002,F,PS,_T,2002,SL_EMP_EARN,61.3
2003,F,PS,_T,2003,SL_EMP_EARN,61.9
2004,F,PS,_T,2004,SL_EMP_EARN,63.8
2005,F,PS,_T,2005,SL_EMP_EARN,66.9
2006,F,PS,_T,2006,SL_EMP_EARN,70.6
2007,F,PS,_T,2007,SL_EMP_EARN,70.1
2008,F,PS,_T,2008,SL_EMP_EARN,74.6
2009,F,PS,_T,2009,SL_EMP_EARN,77.0
2010,F,PS,_T,2010,SL_EMP_EARN,77.4
2011,F,PS,_T,2011,SL_EMP_EARN,79.3
2012,F,PS,_T,2012,SL_EMP_EARN,82.5
2013,F,PS,_T,2013,SL_EMP_EARN,81.5
2014,F,PS,_T,2014,SL_EMP_EARN,81.1
2015,F,PS,_T,2015,SL_EMP_EARN,82.3
2016,F,PS,_T,2016,SL_EMP_EARN,83.4
2017,F,PS,_T,2017,SL_EMP_EARN,84.6
2018,F,PS,_T,2018,SL_EMP_EARN,92.5
2000,F,PS,ISCO08_3,2000,SL_EMP_EARN,
2001,F,PS,ISCO08_3,2001,SL_EMP_EARN,
2002,F,PS,ISCO08_3,2002,SL_EMP_EARN,
2003,F,PS,ISCO08_3,2003,SL_EMP_EARN,
2004,F,PS,ISCO08_3,2004,SL_EMP_EARN,
2005,F,PS,ISCO08_3,2005,SL_EMP_EARN,
2006,F,PS,ISCO08_3,2006,SL_EMP_EARN,
2007,F,PS,ISCO08_3,2007,SL_EMP_EARN,
2008,F,PS,ISCO08_3,2008,SL_EMP_EARN,
2009,F,PS,ISCO08_3,2009,SL_EMP_EARN,
2010,F,PS,ISCO08_3,2010,SL_EMP_EARN,
2011,F,PS,ISCO08_3,2011,SL_EMP_EARN,
2012,F,PS,ISCO08_3,2012,SL_EMP_EARN,
2013,F,PS,ISCO08_3,2013,SL_EMP_EARN,
2014,F,PS,ISCO08_3,2014,SL_EMP_EARN,
2015,F,PS,ISCO08_3,2015,SL_EMP_EARN,
2016,F,PS,ISCO08_3,2016,SL_EMP_EARN,
2017,F,PS,ISCO08_3,2017,SL_EMP_EARN,
2018,F,PS,ISCO08_3,2018,SL_EMP_EARN,
2000,F,PS,ISCO08_5,2000,SL_EMP_EARN,
2001,F,PS,ISCO08_5,2001,SL_EMP_EARN,
2002,F,PS,ISCO08_5,2002,SL_EMP_EARN,
2003,F,PS,ISCO08_5,2003,SL_EMP_EARN,
2004,F,PS,ISCO08_5,2004,SL_EMP_EARN,
2005,F,PS,ISCO08_5,2005,SL_EMP_EARN,
2006,F,PS,ISCO08_5,2006,SL_EMP_EARN,
2007,F,PS,ISCO08_5,2007,SL_EMP_EARN,
2008,F,PS,ISCO08_5,2008,SL_EMP_EARN,
2009,F,PS,ISCO08_5,2009,SL_EMP_EARN,
2010,F,PS,ISCO08_5,2010,SL_EMP_EARN,
2011,F,PS,ISCO08_5,2011,SL_EMP_EARN,
2012,F,PS,ISCO08_5,2012,SL_EMP_EARN,
2013,F,PS,ISCO08_5,2013,SL_EMP_EARN,
2014,F,PS,ISCO08_5,2014,SL_EMP_EARN,
2015,F,PS,ISCO08_5,2015,SL_EMP_EARN,
2016,F,PS,ISCO08_5,2016,SL_EMP_EARN,
2017,F,PS,ISCO08_5,2017,SL_EMP_EARN,
2018,F,PS,ISCO08_5,2018,SL_EMP_EARN,
2000,F,PS,ISCO08_6,2000,SL_EMP_EARN,
2001,F,PS,ISCO08_6,2001,SL_EMP_EARN,
2002,F,PS,ISCO08_6,2002,SL_EMP_EARN,
2003,F,PS,ISCO08_6,2003,SL_EMP_EARN,
2004,F,PS,ISCO08_6,2004,SL_EMP_EARN,
2005,F,PS,ISCO08_6,2005,SL_EMP_EARN,
2006,F,PS,ISCO08_6,2006,SL_EMP_EARN,
2007,F,PS,ISCO08_6,2007,SL_EMP_EARN,
2008,F,PS,ISCO08_6,2008,SL_EMP_EARN,
2009,F,PS,ISCO08_6,2009,SL_EMP_EARN,
2010,F,PS,ISCO08_6,2010,SL_EMP_EARN,
2011,F,PS,ISCO08_6,2011,SL_EMP_EARN,
2012,F,PS,ISCO08_6,2012,SL_EMP_EARN,
2013,F,PS,ISCO08_6,2013,SL_EMP_EARN,
2014,F,PS,ISCO08_6,2014,SL_EMP_EARN,
2015,F,PS,ISCO08_6,2015,SL_EMP_EARN,
2016,F,PS,ISCO08_6,2016,SL_EMP_EARN,
2017,F,PS,ISCO08_6,2017,SL_EMP_EARN,
2018,F,PS,ISCO08_6,2018,SL_EMP_EARN,
2000,F,PS,ISCO08_7,2000,SL_EMP_EARN,
2001,F,PS,ISCO08_7,2001,SL_EMP_EARN,
2002,F,PS,ISCO08_7,2002,SL_EMP_EARN,
2003,F,PS,ISCO08_7,2003,SL_EMP_EARN,
2004,F,PS,ISCO08_7,2004,SL_EMP_EARN,
2005,F,PS,ISCO08_7,2005,SL_EMP_EARN,
2006,F,PS,ISCO08_7,2006,SL_EMP_EARN,
2007,F,PS,ISCO08_7,2007,SL_EMP_EARN,
2008,F,PS,ISCO08_7,2008,SL_EMP_EARN,
2009,F,PS,ISCO08_7,2009,SL_EMP_EARN,
2010,F,PS,ISCO08_7,2010,SL_EMP_EARN,
2011,F,PS,ISCO08_7,2011,SL_EMP_EARN,
2012,F,PS,ISCO08_7,2012,SL_EMP_EARN,
2013,F,PS,ISCO08_7,2013,SL_EMP_EARN,
2014,F,PS,ISCO08_7,2014,SL_EMP_EARN,
2015,F,PS,ISCO08_7,2015,SL_EMP_EARN,
2016,F,PS,ISCO08_7,2016,SL_EMP_EARN,
2017,F,PS,ISCO08_7,2017,SL_EMP_EARN,
2018,F,PS,ISCO08_7,2018,SL_EMP_EARN,
2000,F,PS,ISCO88_8,2000,SL_EMP_EARN,
2001,F,PS,ISCO88_8,2001,SL_EMP_EARN,
2002,F,PS,ISCO88_8,2002,SL_EMP_EARN,
2003,F,PS,ISCO88_8,2003,SL_EMP_EARN,
2004,F,PS,ISCO88_8,2004,SL_EMP_EARN,
2005,F,PS,ISCO88_8,2005,SL_EMP_EARN,
2006,F,PS,ISCO88_8,2006,SL_EMP_EARN,
2007,F,PS,ISCO88_8,2007,SL_EMP_EARN,
2008,F,PS,ISCO88_8,2008,SL_EMP_EARN,
2009,F,PS,ISCO88_8,2009,SL_EMP_EARN,
2010,F,PS,ISCO88_8,2010,SL_EMP_EARN,
2011,F,PS,ISCO88_8,2011,SL_EMP_EARN,
2012,F,PS,ISCO88_8,2012,SL_EMP_EARN,
2013,F,PS,ISCO88_8,2013,SL_EMP_EARN,
2014,F,PS,ISCO88_8,2014,SL_EMP_EARN,
2015,F,PS,ISCO88_8,2015,SL_EMP_EARN,
2016,F,PS,ISCO88_8,2016,SL_EMP_EARN,
2017,F,PS,ISCO88_8,2017,SL_EMP_EARN,
2018,F,PS,ISCO88_8,2018,SL_EMP_EARN,
2000,F,PS,ISCO08_9,2000,SL_EMP_EARN,
2001,F,PS,ISCO08_9,2001,SL_EMP_EARN,
2002,F,PS,ISCO08_9,2002,SL_EMP_EARN,
2003,F,PS,ISCO08_9,2003,SL_EMP_EARN,
2004,F,PS,ISCO08_9,2004,SL_EMP_EARN,
2005,F,PS,ISCO08_9,2005,SL_EMP_EARN,
2006,F,PS,ISCO08_9,2006,SL_EMP_EARN,
2007,F,PS,ISCO08_9,2007,SL_EMP_EARN,
2008,F,PS,ISCO08_9,2008,SL_EMP_EARN,
2009,F,PS,ISCO08_9,2009,SL_EMP_EARN,
2010,F,PS,ISCO08_9,2010,SL_EMP_EARN,
2011,F,PS,ISCO08_9,2011,SL_EMP_EARN,
2012,F,PS,ISCO08_9,2012,SL_EMP_EARN,
2013,F,PS,ISCO08_9,2013,SL_EMP_EARN,
2014,F,PS,ISCO08_9,2014,SL_EMP_EARN,
2015,F,PS,ISCO08_9,2015,SL_EMP_EARN,
2016,F,PS,ISCO08_9,2016,SL_EMP_EARN,
2017,F,PS,ISCO08_9,2017,SL_EMP_EARN,
2018,F,PS,ISCO08_9,2018,SL_EMP_EARN,
2000,F,PS,ISCO88_1,2000,SL_EMP_EARN,
2001,F,PS,ISCO88_1,2001,SL_EMP_EARN,
2002,F,PS,ISCO88_1,2002,SL_EMP_EARN,
2003,F,PS,ISCO88_1,2003,SL_EMP_EARN,
2004,F,PS,ISCO88_1,2004,SL_EMP_EARN,
2005,F,PS,ISCO88_1,2005,SL_EMP_EARN,
2006,F,PS,ISCO88_1,2006,SL_EMP_EARN,
2007,F,PS,ISCO88_1,2007,SL_EMP_EARN,
2008,F,PS,ISCO88_1,2008,SL_EMP_EARN,
2009,F,PS,ISCO88_1,2009,SL_EMP_EARN,
2010,F,PS,ISCO88_1,2010,SL_EMP_EARN,
2011,F,PS,ISCO88_1,2011,SL_EMP_EARN,
2012,F,PS,ISCO88_1,2012,SL_EMP_EARN,
2013,F,PS,ISCO88_1,2013,SL_EMP_EARN,
2014,F,PS,ISCO88_1,2014,SL_EMP_EARN,
2015,F,PS,ISCO88_1,2015,SL_EMP_EARN,
2016,F,PS,ISCO88_1,2016,SL_EMP_EARN,
2017,F,PS,ISCO88_1,2017,SL_EMP_EARN,
2018,F,PS,ISCO88_1,2018,SL_EMP_EARN,
2000,_T,West Bank,_T,2000,SL_EMP_EARN,82.8
2001,_T,West Bank,_T,2001,SL_EMP_EARN,79.3
2002,_T,West Bank,_T,2002,SL_EMP_EARN,80.9
2003,_T,West Bank,_T,2003,SL_EMP_EARN,81.8
2004,_T,West Bank,_T,2004,SL_EMP_EARN,81.6
2005,_T,West Bank,_T,2005,SL_EMP_EARN,84.4
2006,_T,West Bank,_T,2006,SL_EMP_EARN,87.5
2007,_T,West Bank,_T,2007,SL_EMP_EARN,88.4
2008,_T,West Bank,_T,2008,SL_EMP_EARN,95.1
2009,_T,West Bank,_T,2009,SL_EMP_EARN,99.3
2010,_T,West Bank,_T,2010,SL_EMP_EARN,102.3
2011,_T,West Bank,_T,2011,SL_EMP_EARN,102.4
2012,_T,West Bank,_T,2012,SL_EMP_EARN,103.9
2013,_T,West Bank,_T,2013,SL_EMP_EARN,110.2
2014,_T,West Bank,_T,2014,SL_EMP_EARN,113.5
2015,_T,West Bank,_T,2015,SL_EMP_EARN,120.6
2016,_T,West Bank,_T,2016,SL_EMP_EARN,128.4
2017,_T,West Bank,_T,2017,SL_EMP_EARN,134.8
2018,_T,West Bank,_T,2018,SL_EMP_EARN,143.6
2000,_T,West Bank,ISCO08_3,2000,SL_EMP_EARN,
2001,_T,West Bank,ISCO08_3,2001,SL_EMP_EARN,
2002,_T,West Bank,ISCO08_3,2002,SL_EMP_EARN,
2003,_T,West Bank,ISCO08_3,2003,SL_EMP_EARN,
2004,_T,West Bank,ISCO08_3,2004,SL_EMP_EARN,
2005,_T,West Bank,ISCO08_3,2005,SL_EMP_EARN,
2006,_T,West Bank,ISCO08_3,2006,SL_EMP_EARN,
2007,_T,West Bank,ISCO08_3,2007,SL_EMP_EARN,
2008,_T,West Bank,ISCO08_3,2008,SL_EMP_EARN,
2009,_T,West Bank,ISCO08_3,2009,SL_EMP_EARN,
2010,_T,West Bank,ISCO08_3,2010,SL_EMP_EARN,
2011,_T,West Bank,ISCO08_3,2011,SL_EMP_EARN,
2012,_T,West Bank,ISCO08_3,2012,SL_EMP_EARN,
2013,_T,West Bank,ISCO08_3,2013,SL_EMP_EARN,
2014,_T,West Bank,ISCO08_3,2014,SL_EMP_EARN,
2015,_T,West Bank,ISCO08_3,2015,SL_EMP_EARN,
2016,_T,West Bank,ISCO08_3,2016,SL_EMP_EARN,
2017,_T,West Bank,ISCO08_3,2017,SL_EMP_EARN,
2018,_T,West Bank,ISCO08_3,2018,SL_EMP_EARN,
2000,_T,West Bank,ISCO08_5,2000,SL_EMP_EARN,
2001,_T,West Bank,ISCO08_5,2001,SL_EMP_EARN,
2002,_T,West Bank,ISCO08_5,2002,SL_EMP_EARN,
2003,_T,West Bank,ISCO08_5,2003,SL_EMP_EARN,
2004,_T,West Bank,ISCO08_5,2004,SL_EMP_EARN,
2005,_T,West Bank,ISCO08_5,2005,SL_EMP_EARN,
2006,_T,West Bank,ISCO08_5,2006,SL_EMP_EARN,
2007,_T,West Bank,ISCO08_5,2007,SL_EMP_EARN,
2008,_T,West Bank,ISCO08_5,2008,SL_EMP_EARN,
2009,_T,West Bank,ISCO08_5,2009,SL_EMP_EARN,
2010,_T,West Bank,ISCO08_5,2010,SL_EMP_EARN,
2011,_T,West Bank,ISCO08_5,2011,SL_EMP_EARN,
2012,_T,West Bank,ISCO08_5,2012,SL_EMP_EARN,
2013,_T,West Bank,ISCO08_5,2013,SL_EMP_EARN,
2014,_T,West Bank,ISCO08_5,2014,SL_EMP_EARN,
2015,_T,West Bank,ISCO08_5,2015,SL_EMP_EARN,
2016,_T,West Bank,ISCO08_5,2016,SL_EMP_EARN,
2017,_T,West Bank,ISCO08_5,2017,SL_EMP_EARN,
2018,_T,West Bank,ISCO08_5,2018,SL_EMP_EARN,
2000,_T,West Bank,ISCO08_6,2000,SL_EMP_EARN,
2001,_T,West Bank,ISCO08_6,2001,SL_EMP_EARN,
2002,_T,West Bank,ISCO08_6,2002,SL_EMP_EARN,
2003,_T,West Bank,ISCO08_6,2003,SL_EMP_EARN,
2004,_T,West Bank,ISCO08_6,2004,SL_EMP_EARN,
2005,_T,West Bank,ISCO08_6,2005,SL_EMP_EARN,
2006,_T,West Bank,ISCO08_6,2006,SL_EMP_EARN,
2007,_T,West Bank,ISCO08_6,2007,SL_EMP_EARN,
2008,_T,West Bank,ISCO08_6,2008,SL_EMP_EARN,
2009,_T,West Bank,ISCO08_6,2009,SL_EMP_EARN,
2010,_T,West Bank,ISCO08_6,2010,SL_EMP_EARN,
2011,_T,West Bank,ISCO08_6,2011,SL_EMP_EARN,
2012,_T,West Bank,ISCO08_6,2012,SL_EMP_EARN,
2013,_T,West Bank,ISCO08_6,2013,SL_EMP_EARN,
2014,_T,West Bank,ISCO08_6,2014,SL_EMP_EARN,
2015,_T,West Bank,ISCO08_6,2015,SL_EMP_EARN,
2016,_T,West Bank,ISCO08_6,2016,SL_EMP_EARN,
2017,_T,West Bank,ISCO08_6,2017,SL_EMP_EARN,
2018,_T,West Bank,ISCO08_6,2018,SL_EMP_EARN,
2000,_T,West Bank,ISCO08_7,2000,SL_EMP_EARN,
2001,_T,West Bank,ISCO08_7,2001,SL_EMP_EARN,
2002,_T,West Bank,ISCO08_7,2002,SL_EMP_EARN,
2003,_T,West Bank,ISCO08_7,2003,SL_EMP_EARN,
2004,_T,West Bank,ISCO08_7,2004,SL_EMP_EARN,
2005,_T,West Bank,ISCO08_7,2005,SL_EMP_EARN,
2006,_T,West Bank,ISCO08_7,2006,SL_EMP_EARN,
2007,_T,West Bank,ISCO08_7,2007,SL_EMP_EARN,
2008,_T,West Bank,ISCO08_7,2008,SL_EMP_EARN,
2009,_T,West Bank,ISCO08_7,2009,SL_EMP_EARN,
2010,_T,West Bank,ISCO08_7,2010,SL_EMP_EARN,
2011,_T,West Bank,ISCO08_7,2011,SL_EMP_EARN,
2012,_T,West Bank,ISCO08_7,2012,SL_EMP_EARN,
2013,_T,West Bank,ISCO08_7,2013,SL_EMP_EARN,
2014,_T,West Bank,ISCO08_7,2014,SL_EMP_EARN,
2015,_T,West Bank,ISCO08_7,2015,SL_EMP_EARN,
2016,_T,West Bank,ISCO08_7,2016,SL_EMP_EARN,
2017,_T,West Bank,ISCO08_7,2017,SL_EMP_EARN,
2018,_T,West Bank,ISCO08_7,2018,SL_EMP_EARN,
2000,_T,West Bank,ISCO88_8,2000,SL_EMP_EARN,
2001,_T,West Bank,ISCO88_8,2001,SL_EMP_EARN,
2002,_T,West Bank,ISCO88_8,2002,SL_EMP_EARN,
2003,_T,West Bank,ISCO88_8,2003,SL_EMP_EARN,
2004,_T,West Bank,ISCO88_8,2004,SL_EMP_EARN,
2005,_T,West Bank,ISCO88_8,2005,SL_EMP_EARN,
2006,_T,West Bank,ISCO88_8,2006,SL_EMP_EARN,
2007,_T,West Bank,ISCO88_8,2007,SL_EMP_EARN,
2008,_T,West Bank,ISCO88_8,2008,SL_EMP_EARN,
2009,_T,West Bank,ISCO88_8,2009,SL_EMP_EARN,
2010,_T,West Bank,ISCO88_8,2010,SL_EMP_EARN,
2011,_T,West Bank,ISCO88_8,2011,SL_EMP_EARN,
2012,_T,West Bank,ISCO88_8,2012,SL_EMP_EARN,
2013,_T,West Bank,ISCO88_8,2013,SL_EMP_EARN,
2014,_T,West Bank,ISCO88_8,2014,SL_EMP_EARN,
2015,_T,West Bank,ISCO88_8,2015,SL_EMP_EARN,
2016,_T,West Bank,ISCO88_8,2016,SL_EMP_EARN,
2017,_T,West Bank,ISCO88_8,2017,SL_EMP_EARN,
2018,_T,West Bank,ISCO88_8,2018,SL_EMP_EARN,
2000,_T,West Bank,ISCO08_9,2000,SL_EMP_EARN,
2001,_T,West Bank,ISCO08_9,2001,SL_EMP_EARN,
2002,_T,West Bank,ISCO08_9,2002,SL_EMP_EARN,
2003,_T,West Bank,ISCO08_9,2003,SL_EMP_EARN,
2004,_T,West Bank,ISCO08_9,2004,SL_EMP_EARN,
2005,_T,West Bank,ISCO08_9,2005,SL_EMP_EARN,
2006,_T,West Bank,ISCO08_9,2006,SL_EMP_EARN,
2007,_T,West Bank,ISCO08_9,2007,SL_EMP_EARN,
2008,_T,West Bank,ISCO08_9,2008,SL_EMP_EARN,
2009,_T,West Bank,ISCO08_9,2009,SL_EMP_EARN,
2010,_T,West Bank,ISCO08_9,2010,SL_EMP_EARN,
2011,_T,West Bank,ISCO08_9,2011,SL_EMP_EARN,
2012,_T,West Bank,ISCO08_9,2012,SL_EMP_EARN,
2013,_T,West Bank,ISCO08_9,2013,SL_EMP_EARN,
2014,_T,West Bank,ISCO08_9,2014,SL_EMP_EARN,
2015,_T,West Bank,ISCO08_9,2015,SL_EMP_EARN,
2016,_T,West Bank,ISCO08_9,2016,SL_EMP_EARN,
2017,_T,West Bank,ISCO08_9,2017,SL_EMP_EARN,
2018,_T,West Bank,ISCO08_9,2018,SL_EMP_EARN,
2000,_T,West Bank,ISCO88_1,2000,SL_EMP_EARN,
2001,_T,West Bank,ISCO88_1,2001,SL_EMP_EARN,
2002,_T,West Bank,ISCO88_1,2002,SL_EMP_EARN,
2003,_T,West Bank,ISCO88_1,2003,SL_EMP_EARN,
2004,_T,West Bank,ISCO88_1,2004,SL_EMP_EARN,
2005,_T,West Bank,ISCO88_1,2005,SL_EMP_EARN,
2006,_T,West Bank,ISCO88_1,2006,SL_EMP_EARN,
2007,_T,West Bank,ISCO88_1,2007,SL_EMP_EARN,
2008,_T,West Bank,ISCO88_1,2008,SL_EMP_EARN,
2009,_T,West Bank,ISCO88_1,2009,SL_EMP_EARN,
2010,_T,West Bank,ISCO88_1,2010,SL_EMP_EARN,
2011,_T,West Bank,ISCO88_1,2011,SL_EMP_EARN,
2012,_T,West Bank,ISCO88_1,2012,SL_EMP_EARN,
2013,_T,West Bank,ISCO88_1,2013,SL_EMP_EARN,
2014,_T,West Bank,ISCO88_1,2014,SL_EMP_EARN,
2015,_T,West Bank,ISCO88_1,2015,SL_EMP_EARN,
2016,_T,West Bank,ISCO88_1,2016,SL_EMP_EARN,
2017,_T,West Bank,ISCO88_1,2017,SL_EMP_EARN,
2018,_T,West Bank,ISCO88_1,2018,SL_EMP_EARN,
2000,_T,Gaza Strip,_T,2000,SL_EMP_EARN,64.1
2001,_T,Gaza Strip,_T,2001,SL_EMP_EARN,54.4
2002,_T,Gaza Strip,_T,2002,SL_EMP_EARN,56.6
2003,_T,Gaza Strip,_T,2003,SL_EMP_EARN,55.7
2004,_T,Gaza Strip,_T,2004,SL_EMP_EARN,59.2
2005,_T,Gaza Strip,_T,2005,SL_EMP_EARN,62.3
2006,_T,Gaza Strip,_T,2006,SL_EMP_EARN,69.1
2007,_T,Gaza Strip,_T,2007,SL_EMP_EARN,65.1
2008,_T,Gaza Strip,_T,2008,SL_EMP_EARN,60.4
2009,_T,Gaza Strip,_T,2009,SL_EMP_EARN,62.7
2010,_T,Gaza Strip,_T,2010,SL_EMP_EARN,58.5
2011,_T,Gaza Strip,_T,2011,SL_EMP_EARN,61.8
2012,_T,Gaza Strip,_T,2012,SL_EMP_EARN,64.5
2013,_T,Gaza Strip,_T,2013,SL_EMP_EARN,63.5
2014,_T,Gaza Strip,_T,2014,SL_EMP_EARN,64.2
2015,_T,Gaza Strip,_T,2015,SL_EMP_EARN,62.3
2016,_T,Gaza Strip,_T,2016,SL_EMP_EARN,61.9
2017,_T,Gaza Strip,_T,2017,SL_EMP_EARN,59.5
2018,_T,Gaza Strip,_T,2018,SL_EMP_EARN,63.1
2000,_T,Gaza Strip,ISCO08_3,2000,SL_EMP_EARN,
2001,_T,Gaza Strip,ISCO08_3,2001,SL_EMP_EARN,
2002,_T,Gaza Strip,ISCO08_3,2002,SL_EMP_EARN,
2003,_T,Gaza Strip,ISCO08_3,2003,SL_EMP_EARN,
2004,_T,Gaza Strip,ISCO08_3,2004,SL_EMP_EARN,
2005,_T,Gaza Strip,ISCO08_3,2005,SL_EMP_EARN,
2006,_T,Gaza Strip,ISCO08_3,2006,SL_EMP_EARN,
2007,_T,Gaza Strip,ISCO08_3,2007,SL_EMP_EARN,
2008,_T,Gaza Strip,ISCO08_3,2008,SL_EMP_EARN,
2009,_T,Gaza Strip,ISCO08_3,2009,SL_EMP_EARN,
2010,_T,Gaza Strip,ISCO08_3,2010,SL_EMP_EARN,
2011,_T,Gaza Strip,ISCO08_3,2011,SL_EMP_EARN,
2012,_T,Gaza Strip,ISCO08_3,2012,SL_EMP_EARN,
2013,_T,Gaza Strip,ISCO08_3,2013,SL_EMP_EARN,
2014,_T,Gaza Strip,ISCO08_3,2014,SL_EMP_EARN,
2015,_T,Gaza Strip,ISCO08_3,2015,SL_EMP_EARN,
2016,_T,Gaza Strip,ISCO08_3,2016,SL_EMP_EARN,
2017,_T,Gaza Strip,ISCO08_3,2017,SL_EMP_EARN,
2018,_T,Gaza Strip,ISCO08_3,2018,SL_EMP_EARN,
2000,_T,Gaza Strip,ISCO08_5,2000,SL_EMP_EARN,
2001,_T,Gaza Strip,ISCO08_5,2001,SL_EMP_EARN,
2002,_T,Gaza Strip,ISCO08_5,2002,SL_EMP_EARN,
2003,_T,Gaza Strip,ISCO08_5,2003,SL_EMP_EARN,
2004,_T,Gaza Strip,ISCO08_5,2004,SL_EMP_EARN,
2005,_T,Gaza Strip,ISCO08_5,2005,SL_EMP_EARN,
2006,_T,Gaza Strip,ISCO08_5,2006,SL_EMP_EARN,
2007,_T,Gaza Strip,ISCO08_5,2007,SL_EMP_EARN,
2008,_T,Gaza Strip,ISCO08_5,2008,SL_EMP_EARN,
2009,_T,Gaza Strip,ISCO08_5,2009,SL_EMP_EARN,
2010,_T,Gaza Strip,ISCO08_5,2010,SL_EMP_EARN,
2011,_T,Gaza Strip,ISCO08_5,2011,SL_EMP_EARN,
2012,_T,Gaza Strip,ISCO08_5,2012,SL_EMP_EARN,
2013,_T,Gaza Strip,ISCO08_5,2013,SL_EMP_EARN,
2014,_T,Gaza Strip,ISCO08_5,2014,SL_EMP_EARN,
2015,_T,Gaza Strip,ISCO08_5,2015,SL_EMP_EARN,
2016,_T,Gaza Strip,ISCO08_5,2016,SL_EMP_EARN,
2017,_T,Gaza Strip,ISCO08_5,2017,SL_EMP_EARN,
2018,_T,Gaza Strip,ISCO08_5,2018,SL_EMP_EARN,
2000,_T,Gaza Strip,ISCO08_6,2000,SL_EMP_EARN,
2001,_T,Gaza Strip,ISCO08_6,2001,SL_EMP_EARN,
2002,_T,Gaza Strip,ISCO08_6,2002,SL_EMP_EARN,
2003,_T,Gaza Strip,ISCO08_6,2003,SL_EMP_EARN,
2004,_T,Gaza Strip,ISCO08_6,2004,SL_EMP_EARN,
2005,_T,Gaza Strip,ISCO08_6,2005,SL_EMP_EARN,
2006,_T,Gaza Strip,ISCO08_6,2006,SL_EMP_EARN,
2007,_T,Gaza Strip,ISCO08_6,2007,SL_EMP_EARN,
2008,_T,Gaza Strip,ISCO08_6,2008,SL_EMP_EARN,
2009,_T,Gaza Strip,ISCO08_6,2009,SL_EMP_EARN,
2010,_T,Gaza Strip,ISCO08_6,2010,SL_EMP_EARN,
2011,_T,Gaza Strip,ISCO08_6,2011,SL_EMP_EARN,
2012,_T,Gaza Strip,ISCO08_6,2012,SL_EMP_EARN,
2013,_T,Gaza Strip,ISCO08_6,2013,SL_EMP_EARN,
2014,_T,Gaza Strip,ISCO08_6,2014,SL_EMP_EARN,
2015,_T,Gaza Strip,ISCO08_6,2015,SL_EMP_EARN,
2016,_T,Gaza Strip,ISCO08_6,2016,SL_EMP_EARN,
2017,_T,Gaza Strip,ISCO08_6,2017,SL_EMP_EARN,
2018,_T,Gaza Strip,ISCO08_6,2018,SL_EMP_EARN,
2000,_T,Gaza Strip,ISCO08_7,2000,SL_EMP_EARN,
2001,_T,Gaza Strip,ISCO08_7,2001,SL_EMP_EARN,
2002,_T,Gaza Strip,ISCO08_7,2002,SL_EMP_EARN,
2003,_T,Gaza Strip,ISCO08_7,2003,SL_EMP_EARN,
2004,_T,Gaza Strip,ISCO08_7,2004,SL_EMP_EARN,
2005,_T,Gaza Strip,ISCO08_7,2005,SL_EMP_EARN,
2006,_T,Gaza Strip,ISCO08_7,2006,SL_EMP_EARN,
2007,_T,Gaza Strip,ISCO08_7,2007,SL_EMP_EARN,
2008,_T,Gaza Strip,ISCO08_7,2008,SL_EMP_EARN,
2009,_T,Gaza Strip,ISCO08_7,2009,SL_EMP_EARN,
2010,_T,Gaza Strip,ISCO08_7,2010,SL_EMP_EARN,
2011,_T,Gaza Strip,ISCO08_7,2011,SL_EMP_EARN,
2012,_T,Gaza Strip,ISCO08_7,2012,SL_EMP_EARN,
2013,_T,Gaza Strip,ISCO08_7,2013,SL_EMP_EARN,
2014,_T,Gaza Strip,ISCO08_7,2014,SL_EMP_EARN,
2015,_T,Gaza Strip,ISCO08_7,2015,SL_EMP_EARN,
2016,_T,Gaza Strip,ISCO08_7,2016,SL_EMP_EARN,
2017,_T,Gaza Strip,ISCO08_7,2017,SL_EMP_EARN,
2018,_T,Gaza Strip,ISCO08_7,2018,SL_EMP_EARN,
2000,_T,Gaza Strip,ISCO88_8,2000,SL_EMP_EARN,
2001,_T,Gaza Strip,ISCO88_8,2001,SL_EMP_EARN,
2002,_T,Gaza Strip,ISCO88_8,2002,SL_EMP_EARN,
2003,_T,Gaza Strip,ISCO88_8,2003,SL_EMP_EARN,
2004,_T,Gaza Strip,ISCO88_8,2004,SL_EMP_EARN,
2005,_T,Gaza Strip,ISCO88_8,2005,SL_EMP_EARN,
2006,_T,Gaza Strip,ISCO88_8,2006,SL_EMP_EARN,
2007,_T,Gaza Strip,ISCO88_8,2007,SL_EMP_EARN,
2008,_T,Gaza Strip,ISCO88_8,2008,SL_EMP_EARN,
2009,_T,Gaza Strip,ISCO88_8,2009,SL_EMP_EARN,
2010,_T,Gaza Strip,ISCO88_8,2010,SL_EMP_EARN,
2011,_T,Gaza Strip,ISCO88_8,2011,SL_EMP_EARN,
2012,_T,Gaza Strip,ISCO88_8,2012,SL_EMP_EARN,
2013,_T,Gaza Strip,ISCO88_8,2013,SL_EMP_EARN,
2014,_T,Gaza Strip,ISCO88_8,2014,SL_EMP_EARN,
2015,_T,Gaza Strip,ISCO88_8,2015,SL_EMP_EARN,
2016,_T,Gaza Strip,ISCO88_8,2016,SL_EMP_EARN,
2017,_T,Gaza Strip,ISCO88_8,2017,SL_EMP_EARN,
2018,_T,Gaza Strip,ISCO88_8,2018,SL_EMP_EARN,
2000,_T,Gaza Strip,ISCO08_9,2000,SL_EMP_EARN,
2001,_T,Gaza Strip,ISCO08_9,2001,SL_EMP_EARN,
2002,_T,Gaza Strip,ISCO08_9,2002,SL_EMP_EARN,
2003,_T,Gaza Strip,ISCO08_9,2003,SL_EMP_EARN,
2004,_T,Gaza Strip,ISCO08_9,2004,SL_EMP_EARN,
2005,_T,Gaza Strip,ISCO08_9,2005,SL_EMP_EARN,
2006,_T,Gaza Strip,ISCO08_9,2006,SL_EMP_EARN,
2007,_T,Gaza Strip,ISCO08_9,2007,SL_EMP_EARN,
2008,_T,Gaza Strip,ISCO08_9,2008,SL_EMP_EARN,
2009,_T,Gaza Strip,ISCO08_9,2009,SL_EMP_EARN,
2010,_T,Gaza Strip,ISCO08_9,2010,SL_EMP_EARN,
2011,_T,Gaza Strip,ISCO08_9,2011,SL_EMP_EARN,
2012,_T,Gaza Strip,ISCO08_9,2012,SL_EMP_EARN,
2013,_T,Gaza Strip,ISCO08_9,2013,SL_EMP_EARN,
2014,_T,Gaza Strip,ISCO08_9,2014,SL_EMP_EARN,
2015,_T,Gaza Strip,ISCO08_9,2015,SL_EMP_EARN,
2016,_T,Gaza Strip,ISCO08_9,2016,SL_EMP_EARN,
2017,_T,Gaza Strip,ISCO08_9,2017,SL_EMP_EARN,
2018,_T,Gaza Strip,ISCO08_9,2018,SL_EMP_EARN,
2000,_T,Gaza Strip,ISCO88_1,2000,SL_EMP_EARN,
2001,_T,Gaza Strip,ISCO88_1,2001,SL_EMP_EARN,
2002,_T,Gaza Strip,ISCO88_1,2002,SL_EMP_EARN,
2003,_T,Gaza Strip,ISCO88_1,2003,SL_EMP_EARN,
2004,_T,Gaza Strip,ISCO88_1,2004,SL_EMP_EARN,
2005,_T,Gaza Strip,ISCO88_1,2005,SL_EMP_EARN,
2006,_T,Gaza Strip,ISCO88_1,2006,SL_EMP_EARN,
2007,_T,Gaza Strip,ISCO88_1,2007,SL_EMP_EARN,
2008,_T,Gaza Strip,ISCO88_1,2008,SL_EMP_EARN,
2009,_T,Gaza Strip,ISCO88_1,2009,SL_EMP_EARN,
2010,_T,Gaza Strip,ISCO88_1,2010,SL_EMP_EARN,
2011,_T,Gaza Strip,ISCO88_1,2011,SL_EMP_EARN,
2012,_T,Gaza Strip,ISCO88_1,2012,SL_EMP_EARN,
2013,_T,Gaza Strip,ISCO88_1,2013,SL_EMP_EARN,
2014,_T,Gaza Strip,ISCO88_1,2014,SL_EMP_EARN,
2015,_T,Gaza Strip,ISCO88_1,2015,SL_EMP_EARN,
2016,_T,Gaza Strip,ISCO88_1,2016,SL_EMP_EARN,
2017,_T,Gaza Strip,ISCO88_1,2017,SL_EMP_EARN,
2018,_T,Gaza Strip,ISCO88_1,2018,SL_EMP_EARN,
2000,_T,PS,_T,2000,SL_EMP_EARN,76.6
2001,_T,PS,_T,2001,SL_EMP_EARN,71.9
2002,_T,PS,_T,2002,SL_EMP_EARN,72.6
2003,_T,PS,_T,2003,SL_EMP_EARN,72.2
2004,_T,PS,_T,2004,SL_EMP_EARN,73.8
2005,_T,PS,_T,2005,SL_EMP_EARN,77.0
2006,_T,PS,_T,2006,SL_EMP_EARN,81.5
2007,_T,PS,_T,2007,SL_EMP_EARN,81.9
2008,_T,PS,_T,2008,SL_EMP_EARN,87.6
2009,_T,PS,_T,2009,SL_EMP_EARN,91.1
2010,_T,PS,_T,2010,SL_EMP_EARN,91.8
2011,_T,PS,_T,2011,SL_EMP_EARN,91.7
2012,_T,PS,_T,2012,SL_EMP_EARN,92.9
2013,_T,PS,_T,2013,SL_EMP_EARN,97.2
2014,_T,PS,_T,2014,SL_EMP_EARN,101.8
2015,_T,PS,_T,2015,SL_EMP_EARN,103.7
2016,_T,PS,_T,2016,SL_EMP_EARN,109.0
2017,_T,PS,_T,2017,SL_EMP_EARN,113.7
2018,_T,PS,_T,2018,SL_EMP_EARN,123.0
2000,_T,PS,ISCO08_3,2000,SL_EMP_EARN,71.9
2001,_T,PS,ISCO08_3,2001,SL_EMP_EARN,72.2
2002,_T,PS,ISCO08_3,2002,SL_EMP_EARN,73.4
2003,_T,PS,ISCO08_3,2003,SL_EMP_EARN,74.8
2004,_T,PS,ISCO08_3,2004,SL_EMP_EARN,78.5
2005,_T,PS,ISCO08_3,2005,SL_EMP_EARN,82.5
2006,_T,PS,ISCO08_3,2006,SL_EMP_EARN,90.3
2007,_T,PS,ISCO08_3,2007,SL_EMP_EARN,88.4
2008,_T,PS,ISCO08_3,2008,SL_EMP_EARN,89.63
2009,_T,PS,ISCO08_3,2009,SL_EMP_EARN,94.54
2010,_T,PS,ISCO08_3,2010,SL_EMP_EARN,95.15
2011,_T,PS,ISCO08_3,2011,SL_EMP_EARN,98.21
2012,_T,PS,ISCO08_3,2012,SL_EMP_EARN,98.56
2013,_T,PS,ISCO08_3,2013,SL_EMP_EARN,98.2
2014,_T,PS,ISCO08_3,2014,SL_EMP_EARN,98.97
2015,_T,PS,ISCO08_3,2015,SL_EMP_EARN,102.66
2016,_T,PS,ISCO08_3,2016,SL_EMP_EARN,104.57
2017,_T,PS,ISCO08_3,2017,SL_EMP_EARN,107.71
2018,_T,PS,ISCO08_3,2018,SL_EMP_EARN,112.78
2000,_T,PS,ISCO08_5,2000,SL_EMP_EARN,57.9
2001,_T,PS,ISCO08_5,2001,SL_EMP_EARN,54.4
2002,_T,PS,ISCO08_5,2002,SL_EMP_EARN,54.6
2003,_T,PS,ISCO08_5,2003,SL_EMP_EARN,55.0
2004,_T,PS,ISCO08_5,2004,SL_EMP_EARN,54.8
2005,_T,PS,ISCO08_5,2005,SL_EMP_EARN,59.5
2006,_T,PS,ISCO08_5,2006,SL_EMP_EARN,66.9
2007,_T,PS,ISCO08_5,2007,SL_EMP_EARN,66.1
2008,_T,PS,ISCO08_5,2008,SL_EMP_EARN,70.72
2009,_T,PS,ISCO08_5,2009,SL_EMP_EARN,68.97
2010,_T,PS,ISCO08_5,2010,SL_EMP_EARN,71.88
2011,_T,PS,ISCO08_5,2011,SL_EMP_EARN,68.73
2012,_T,PS,ISCO08_5,2012,SL_EMP_EARN,67.3
2013,_T,PS,ISCO08_5,2013,SL_EMP_EARN,69.59
2014,_T,PS,ISCO08_5,2014,SL_EMP_EARN,69.55
2015,_T,PS,ISCO08_5,2015,SL_EMP_EARN,69.06
2016,_T,PS,ISCO08_5,2016,SL_EMP_EARN,71.23
2017,_T,PS,ISCO08_5,2017,SL_EMP_EARN,74.65
2018,_T,PS,ISCO08_5,2018,SL_EMP_EARN,79.2
2000,_T,PS,ISCO08_6,2000,SL_EMP_EARN,68.1
2001,_T,PS,ISCO08_6,2001,SL_EMP_EARN,55.0
2002,_T,PS,ISCO08_6,2002,SL_EMP_EARN,58.5
2003,_T,PS,ISCO08_6,2003,SL_EMP_EARN,45.3
2004,_T,PS,ISCO08_6,2004,SL_EMP_EARN,48.0
2005,_T,PS,ISCO08_6,2005,SL_EMP_EARN,50.1
2006,_T,PS,ISCO08_6,2006,SL_EMP_EARN,50.8
2007,_T,PS,ISCO08_6,2007,SL_EMP_EARN,54.7
2008,_T,PS,ISCO08_6,2008,SL_EMP_EARN,54.54
2009,_T,PS,ISCO08_6,2009,SL_EMP_EARN,65.17
2010,_T,PS,ISCO08_6,2010,SL_EMP_EARN,64.2
2011,_T,PS,ISCO08_6,2011,SL_EMP_EARN,68.7
2012,_T,PS,ISCO08_6,2012,SL_EMP_EARN,70.4
2013,_T,PS,ISCO08_6,2013,SL_EMP_EARN,99.88
2014,_T,PS,ISCO08_6,2014,SL_EMP_EARN,82.36
2015,_T,PS,ISCO08_6,2015,SL_EMP_EARN,116.24
2016,_T,PS,ISCO08_6,2016,SL_EMP_EARN,99.06
2017,_T,PS,ISCO08_6,2017,SL_EMP_EARN,92.87
2018,_T,PS,ISCO08_6,2018,SL_EMP_EARN,81.47
2000,_T,PS,ISCO08_7,2000,SL_EMP_EARN,89.8
2001,_T,PS,ISCO08_7,2001,SL_EMP_EARN,82.4
2002,_T,PS,ISCO08_7,2002,SL_EMP_EARN,85.1
2003,_T,PS,ISCO08_7,2003,SL_EMP_EARN,83.5
2004,_T,PS,ISCO08_7,2004,SL_EMP_EARN,80.4
2005,_T,PS,ISCO08_7,2005,SL_EMP_EARN,87.5
2006,_T,PS,ISCO08_7,2006,SL_EMP_EARN,91.7
2007,_T,PS,ISCO08_7,2007,SL_EMP_EARN,90.3
2008,_T,PS,ISCO08_7,2008,SL_EMP_EARN,103.19
2009,_T,PS,ISCO08_7,2009,SL_EMP_EARN,103.2
2010,_T,PS,ISCO08_7,2010,SL_EMP_EARN,105.59
2011,_T,PS,ISCO08_7,2011,SL_EMP_EARN,104.75
2012,_T,PS,ISCO08_7,2012,SL_EMP_EARN,111.25
2013,_T,PS,ISCO08_7,2013,SL_EMP_EARN,130.49
2014,_T,PS,ISCO08_7,2014,SL_EMP_EARN,141.95
2015,_T,PS,ISCO08_7,2015,SL_EMP_EARN,144.27
2016,_T,PS,ISCO08_7,2016,SL_EMP_EARN,156.63
2017,_T,PS,ISCO08_7,2017,SL_EMP_EARN,167.9
2018,_T,PS,ISCO08_7,2018,SL_EMP_EARN,182.24
2000,_T,PS,ISCO88_8,2000,SL_EMP_EARN,77.4
2001,_T,PS,ISCO88_8,2001,SL_EMP_EARN,70.7
2002,_T,PS,ISCO88_8,2002,SL_EMP_EARN,72.4
2003,_T,PS,ISCO88_8,2003,SL_EMP_EARN,70.4
2004,_T,PS,ISCO88_8,2004,SL_EMP_EARN,74.5
2005,_T,PS,ISCO88_8,2005,SL_EMP_EARN,78.2
2006,_T,PS,ISCO88_8,2006,SL_EMP_EARN,77.8
2007,_T,PS,ISCO88_8,2007,SL_EMP_EARN,75.4
2008,_T,PS,ISCO88_8,2008,SL_EMP_EARN,82.97
2009,_T,PS,ISCO88_8,2009,SL_EMP_EARN,88.51
2010,_T,PS,ISCO88_8,2010,SL_EMP_EARN,91.96
2011,_T,PS,ISCO88_8,2011,SL_EMP_EARN,94.74
2012,_T,PS,ISCO88_8,2012,SL_EMP_EARN,85.18
2013,_T,PS,ISCO88_8,2013,SL_EMP_EARN,85.78
2014,_T,PS,ISCO88_8,2014,SL_EMP_EARN,85.99
2015,_T,PS,ISCO88_8,2015,SL_EMP_EARN,82.61
2016,_T,PS,ISCO88_8,2016,SL_EMP_EARN,86.91
2017,_T,PS,ISCO88_8,2017,SL_EMP_EARN,94.76
2018,_T,PS,ISCO88_8,2018,SL_EMP_EARN,102.11
2000,_T,PS,ISCO08_9,2000,SL_EMP_EARN,76.1
2001,_T,PS,ISCO08_9,2001,SL_EMP_EARN,70.4
2002,_T,PS,ISCO08_9,2002,SL_EMP_EARN,66.3
2003,_T,PS,ISCO08_9,2003,SL_EMP_EARN,62.3
2004,_T,PS,ISCO08_9,2004,SL_EMP_EARN,64.7
2005,_T,PS,ISCO08_9,2005,SL_EMP_EARN,66.7
2006,_T,PS,ISCO08_9,2006,SL_EMP_EARN,68.8
2007,_T,PS,ISCO08_9,2007,SL_EMP_EARN,73.3
2008,_T,PS,ISCO08_9,2008,SL_EMP_EARN,79.96
2009,_T,PS,ISCO08_9,2009,SL_EMP_EARN,84.68
2010,_T,PS,ISCO08_9,2010,SL_EMP_EARN,82.58
2011,_T,PS,ISCO08_9,2011,SL_EMP_EARN,81.34
2012,_T,PS,ISCO08_9,2012,SL_EMP_EARN,80.53
2013,_T,PS,ISCO08_9,2013,SL_EMP_EARN,81.7
2014,_T,PS,ISCO08_9,2014,SL_EMP_EARN,90.9
2015,_T,PS,ISCO08_9,2015,SL_EMP_EARN,93.01
2016,_T,PS,ISCO08_9,2016,SL_EMP_EARN,98.16
2017,_T,PS,ISCO08_9,2017,SL_EMP_EARN,101.49
2018,_T,PS,ISCO08_9,2018,SL_EMP_EARN,114.66
2000,_T,PS,ISCO88_1,2000,SL_EMP_EARN,119.4
2001,_T,PS,ISCO88_1,2001,SL_EMP_EARN,112.4
2002,_T,PS,ISCO88_1,2002,SL_EMP_EARN,126.7
2003,_T,PS,ISCO88_1,2003,SL_EMP_EARN,127.3
2004,_T,PS,ISCO88_1,2004,SL_EMP_EARN,134.7
2005,_T,PS,ISCO88_1,2005,SL_EMP_EARN,132.5
2006,_T,PS,ISCO88_1,2006,SL_EMP_EARN,134.1
2007,_T,PS,ISCO88_1,2007,SL_EMP_EARN,140.1
2008,_T,PS,ISCO88_1,2008,SL_EMP_EARN,149.01
2009,_T,PS,ISCO88_1,2009,SL_EMP_EARN,150.07
2010,_T,PS,ISCO88_1,2010,SL_EMP_EARN,157.3
2011,_T,PS,ISCO88_1,2011,SL_EMP_EARN,157.71
2012,_T,PS,ISCO88_1,2012,SL_EMP_EARN,160.12
2013,_T,PS,ISCO88_1,2013,SL_EMP_EARN,158.07
2014,_T,PS,ISCO88_1,2014,SL_EMP_EARN,179.2
2015,_T,PS,ISCO88_1,2015,SL_EMP_EARN,176.56
2016,_T,PS,ISCO88_1,2016,SL_EMP_EARN,177.7
2017,_T,PS,ISCO88_1,2017,SL_EMP_EARN,181.45
2018,_T,PS,ISCO88_1,2018,SL_EMP_EARN,185.95
