Year,SEX,AREA,OCCUPATION,Value
2000,Male,West Bank,Total or no breakdown by Occupation,
2001,Male,West Bank,Total or no breakdown by Occupation,
2002,Male,West Bank,Total or no breakdown by Occupation,
2003,Male,West Bank,Total or no breakdown by Occupation,
2004,Male,West Bank,Total or no breakdown by Occupation,
2005,Male,West Bank,Total or no breakdown by Occupation,
2006,Male,West Bank,Total or no breakdown by Occupation,
2007,Male,West Bank,Total or no breakdown by Occupation,
2008,Male,West Bank,Total or no breakdown by Occupation,
2009,Male,West Bank,Total or no breakdown by Occupation,
2010,Male,West Bank,Total or no breakdown by Occupation,
2011,Male,West Bank,Total or no breakdown by Occupation,
2012,Male,West Bank,Total or no breakdown by Occupation,
2013,Male,West Bank,Total or no breakdown by Occupation,
2014,Male,West Bank,Total or no breakdown by Occupation,
2015,Male,West Bank,Total or no breakdown by Occupation,
2016,Male,West Bank,Total or no breakdown by Occupation,
2017,Male,West Bank,Total or no breakdown by Occupation,
2018,Male,West Bank,Total or no breakdown by Occupation,
2000,Male,West Bank,Technicians and associate professionals,
2001,Male,West Bank,Technicians and associate professionals,
2002,Male,West Bank,Technicians and associate professionals,
2003,Male,West Bank,Technicians and associate professionals,
2004,Male,West Bank,Technicians and associate professionals,
2005,Male,West Bank,Technicians and associate professionals,
2006,Male,West Bank,Technicians and associate professionals,
2007,Male,West Bank,Technicians and associate professionals,
2008,Male,West Bank,Technicians and associate professionals,
2009,Male,West Bank,Technicians and associate professionals,
2010,Male,West Bank,Technicians and associate professionals,
2011,Male,West Bank,Technicians and associate professionals,
2012,Male,West Bank,Technicians and associate professionals,
2013,Male,West Bank,Technicians and associate professionals,
2014,Male,West Bank,Technicians and associate professionals,
2015,Male,West Bank,Technicians and associate professionals,
2016,Male,West Bank,Technicians and associate professionals,
2017,Male,West Bank,Technicians and associate professionals,
2018,Male,West Bank,Technicians and associate professionals,
2000,Male,West Bank,Service and sales workers,
2001,Male,West Bank,Service and sales workers,
2002,Male,West Bank,Service and sales workers,
2003,Male,West Bank,Service and sales workers,
2004,Male,West Bank,Service and sales workers,
2005,Male,West Bank,Service and sales workers,
2006,Male,West Bank,Service and sales workers,
2007,Male,West Bank,Service and sales workers,
2008,Male,West Bank,Service and sales workers,
2009,Male,West Bank,Service and sales workers,
2010,Male,West Bank,Service and sales workers,
2011,Male,West Bank,Service and sales workers,
2012,Male,West Bank,Service and sales workers,
2013,Male,West Bank,Service and sales workers,
2014,Male,West Bank,Service and sales workers,
2015,Male,West Bank,Service and sales workers,
2016,Male,West Bank,Service and sales workers,
2017,Male,West Bank,Service and sales workers,
2018,Male,West Bank,Service and sales workers,
2000,Male,West Bank,"Skilled agricultural, forestry and fishery workers",
2001,Male,West Bank,"Skilled agricultural, forestry and fishery workers",
2002,Male,West Bank,"Skilled agricultural, forestry and fishery workers",
2003,Male,West Bank,"Skilled agricultural, forestry and fishery workers",
2004,Male,West Bank,"Skilled agricultural, forestry and fishery workers",
2005,Male,West Bank,"Skilled agricultural, forestry and fishery workers",
2006,Male,West Bank,"Skilled agricultural, forestry and fishery workers",
2007,Male,West Bank,"Skilled agricultural, forestry and fishery workers",
2008,Male,West Bank,"Skilled agricultural, forestry and fishery workers",
2009,Male,West Bank,"Skilled agricultural, forestry and fishery workers",
2010,Male,West Bank,"Skilled agricultural, forestry and fishery workers",
2011,Male,West Bank,"Skilled agricultural, forestry and fishery workers",
2012,Male,West Bank,"Skilled agricultural, forestry and fishery workers",
2013,Male,West Bank,"Skilled agricultural, forestry and fishery workers",
2014,Male,West Bank,"Skilled agricultural, forestry and fishery workers",
2015,Male,West Bank,"Skilled agricultural, forestry and fishery workers",
2016,Male,West Bank,"Skilled agricultural, forestry and fishery workers",
2017,Male,West Bank,"Skilled agricultural, forestry and fishery workers",
2018,Male,West Bank,"Skilled agricultural, forestry and fishery workers",
2000,Male,West Bank,Craft and related trades workers,
2001,Male,West Bank,Craft and related trades workers,
2002,Male,West Bank,Craft and related trades workers,
2003,Male,West Bank,Craft and related trades workers,
2004,Male,West Bank,Craft and related trades workers,
2005,Male,West Bank,Craft and related trades workers,
2006,Male,West Bank,Craft and related trades workers,
2007,Male,West Bank,Craft and related trades workers,
2008,Male,West Bank,Craft and related trades workers,
2009,Male,West Bank,Craft and related trades workers,
2010,Male,West Bank,Craft and related trades workers,
2011,Male,West Bank,Craft and related trades workers,
2012,Male,West Bank,Craft and related trades workers,
2013,Male,West Bank,Craft and related trades workers,
2014,Male,West Bank,Craft and related trades workers,
2015,Male,West Bank,Craft and related trades workers,
2016,Male,West Bank,Craft and related trades workers,
2017,Male,West Bank,Craft and related trades workers,
2018,Male,West Bank,Craft and related trades workers,
2000,Male,West Bank,"Plant and machine operators, and assemblers",
2001,Male,West Bank,"Plant and machine operators, and assemblers",
2002,Male,West Bank,"Plant and machine operators, and assemblers",
2003,Male,West Bank,"Plant and machine operators, and assemblers",
2004,Male,West Bank,"Plant and machine operators, and assemblers",
2005,Male,West Bank,"Plant and machine operators, and assemblers",
2006,Male,West Bank,"Plant and machine operators, and assemblers",
2007,Male,West Bank,"Plant and machine operators, and assemblers",
2008,Male,West Bank,"Plant and machine operators, and assemblers",
2009,Male,West Bank,"Plant and machine operators, and assemblers",
2010,Male,West Bank,"Plant and machine operators, and assemblers",
2011,Male,West Bank,"Plant and machine operators, and assemblers",
2012,Male,West Bank,"Plant and machine operators, and assemblers",
2013,Male,West Bank,"Plant and machine operators, and assemblers",
2014,Male,West Bank,"Plant and machine operators, and assemblers",
2015,Male,West Bank,"Plant and machine operators, and assemblers",
2016,Male,West Bank,"Plant and machine operators, and assemblers",
2017,Male,West Bank,"Plant and machine operators, and assemblers",
2018,Male,West Bank,"Plant and machine operators, and assemblers",
2000,Male,West Bank,Elementary occupations,
2001,Male,West Bank,Elementary occupations,
2002,Male,West Bank,Elementary occupations,
2003,Male,West Bank,Elementary occupations,
2004,Male,West Bank,Elementary occupations,
2005,Male,West Bank,Elementary occupations,
2006,Male,West Bank,Elementary occupations,
2007,Male,West Bank,Elementary occupations,
2008,Male,West Bank,Elementary occupations,
2009,Male,West Bank,Elementary occupations,
2010,Male,West Bank,Elementary occupations,
2011,Male,West Bank,Elementary occupations,
2012,Male,West Bank,Elementary occupations,
2013,Male,West Bank,Elementary occupations,
2014,Male,West Bank,Elementary occupations,
2015,Male,West Bank,Elementary occupations,
2016,Male,West Bank,Elementary occupations,
2017,Male,West Bank,Elementary occupations,
2018,Male,West Bank,Elementary occupations,
2000,Male,West Bank,"Legislators, senior officials and managers",
2001,Male,West Bank,"Legislators, senior officials and managers",
2002,Male,West Bank,"Legislators, senior officials and managers",
2003,Male,West Bank,"Legislators, senior officials and managers",
2004,Male,West Bank,"Legislators, senior officials and managers",
2005,Male,West Bank,"Legislators, senior officials and managers",
2006,Male,West Bank,"Legislators, senior officials and managers",
2007,Male,West Bank,"Legislators, senior officials and managers",
2008,Male,West Bank,"Legislators, senior officials and managers",
2009,Male,West Bank,"Legislators, senior officials and managers",
2010,Male,West Bank,"Legislators, senior officials and managers",
2011,Male,West Bank,"Legislators, senior officials and managers",
2012,Male,West Bank,"Legislators, senior officials and managers",
2013,Male,West Bank,"Legislators, senior officials and managers",
2014,Male,West Bank,"Legislators, senior officials and managers",
2015,Male,West Bank,"Legislators, senior officials and managers",
2016,Male,West Bank,"Legislators, senior officials and managers",
2017,Male,West Bank,"Legislators, senior officials and managers",
2018,Male,West Bank,"Legislators, senior officials and managers",
2000,Male,Gaza Strip,Total or no breakdown by Occupation,
2001,Male,Gaza Strip,Total or no breakdown by Occupation,
2002,Male,Gaza Strip,Total or no breakdown by Occupation,
2003,Male,Gaza Strip,Total or no breakdown by Occupation,
2004,Male,Gaza Strip,Total or no breakdown by Occupation,
2005,Male,Gaza Strip,Total or no breakdown by Occupation,
2006,Male,Gaza Strip,Total or no breakdown by Occupation,
2007,Male,Gaza Strip,Total or no breakdown by Occupation,
2008,Male,Gaza Strip,Total or no breakdown by Occupation,
2009,Male,Gaza Strip,Total or no breakdown by Occupation,
2010,Male,Gaza Strip,Total or no breakdown by Occupation,
2011,Male,Gaza Strip,Total or no breakdown by Occupation,
2012,Male,Gaza Strip,Total or no breakdown by Occupation,
2013,Male,Gaza Strip,Total or no breakdown by Occupation,
2014,Male,Gaza Strip,Total or no breakdown by Occupation,
2015,Male,Gaza Strip,Total or no breakdown by Occupation,
2016,Male,Gaza Strip,Total or no breakdown by Occupation,
2017,Male,Gaza Strip,Total or no breakdown by Occupation,
2018,Male,Gaza Strip,Total or no breakdown by Occupation,
2000,Male,Gaza Strip,Technicians and associate professionals,
2001,Male,Gaza Strip,Technicians and associate professionals,
2002,Male,Gaza Strip,Technicians and associate professionals,
2003,Male,Gaza Strip,Technicians and associate professionals,
2004,Male,Gaza Strip,Technicians and associate professionals,
2005,Male,Gaza Strip,Technicians and associate professionals,
2006,Male,Gaza Strip,Technicians and associate professionals,
2007,Male,Gaza Strip,Technicians and associate professionals,
2008,Male,Gaza Strip,Technicians and associate professionals,
2009,Male,Gaza Strip,Technicians and associate professionals,
2010,Male,Gaza Strip,Technicians and associate professionals,
2011,Male,Gaza Strip,Technicians and associate professionals,
2012,Male,Gaza Strip,Technicians and associate professionals,
2013,Male,Gaza Strip,Technicians and associate professionals,
2014,Male,Gaza Strip,Technicians and associate professionals,
2015,Male,Gaza Strip,Technicians and associate professionals,
2016,Male,Gaza Strip,Technicians and associate professionals,
2017,Male,Gaza Strip,Technicians and associate professionals,
2018,Male,Gaza Strip,Technicians and associate professionals,
2000,Male,Gaza Strip,Service and sales workers,
2001,Male,Gaza Strip,Service and sales workers,
2002,Male,Gaza Strip,Service and sales workers,
2003,Male,Gaza Strip,Service and sales workers,
2004,Male,Gaza Strip,Service and sales workers,
2005,Male,Gaza Strip,Service and sales workers,
2006,Male,Gaza Strip,Service and sales workers,
2007,Male,Gaza Strip,Service and sales workers,
2008,Male,Gaza Strip,Service and sales workers,
2009,Male,Gaza Strip,Service and sales workers,
2010,Male,Gaza Strip,Service and sales workers,
2011,Male,Gaza Strip,Service and sales workers,
2012,Male,Gaza Strip,Service and sales workers,
2013,Male,Gaza Strip,Service and sales workers,
2014,Male,Gaza Strip,Service and sales workers,
2015,Male,Gaza Strip,Service and sales workers,
2016,Male,Gaza Strip,Service and sales workers,
2017,Male,Gaza Strip,Service and sales workers,
2018,Male,Gaza Strip,Service and sales workers,
2000,Male,Gaza Strip,"Skilled agricultural, forestry and fishery workers",
2001,Male,Gaza Strip,"Skilled agricultural, forestry and fishery workers",
2002,Male,Gaza Strip,"Skilled agricultural, forestry and fishery workers",
2003,Male,Gaza Strip,"Skilled agricultural, forestry and fishery workers",
2004,Male,Gaza Strip,"Skilled agricultural, forestry and fishery workers",
2005,Male,Gaza Strip,"Skilled agricultural, forestry and fishery workers",
2006,Male,Gaza Strip,"Skilled agricultural, forestry and fishery workers",
2007,Male,Gaza Strip,"Skilled agricultural, forestry and fishery workers",
2008,Male,Gaza Strip,"Skilled agricultural, forestry and fishery workers",
2009,Male,Gaza Strip,"Skilled agricultural, forestry and fishery workers",
2010,Male,Gaza Strip,"Skilled agricultural, forestry and fishery workers",
2011,Male,Gaza Strip,"Skilled agricultural, forestry and fishery workers",
2012,Male,Gaza Strip,"Skilled agricultural, forestry and fishery workers",
2013,Male,Gaza Strip,"Skilled agricultural, forestry and fishery workers",
2014,Male,Gaza Strip,"Skilled agricultural, forestry and fishery workers",
2015,Male,Gaza Strip,"Skilled agricultural, forestry and fishery workers",
2016,Male,Gaza Strip,"Skilled agricultural, forestry and fishery workers",
2017,Male,Gaza Strip,"Skilled agricultural, forestry and fishery workers",
2018,Male,Gaza Strip,"Skilled agricultural, forestry and fishery workers",
2000,Male,Gaza Strip,Craft and related trades workers,
2001,Male,Gaza Strip,Craft and related trades workers,
2002,Male,Gaza Strip,Craft and related trades workers,
2003,Male,Gaza Strip,Craft and related trades workers,
2004,Male,Gaza Strip,Craft and related trades workers,
2005,Male,Gaza Strip,Craft and related trades workers,
2006,Male,Gaza Strip,Craft and related trades workers,
2007,Male,Gaza Strip,Craft and related trades workers,
2008,Male,Gaza Strip,Craft and related trades workers,
2009,Male,Gaza Strip,Craft and related trades workers,
2010,Male,Gaza Strip,Craft and related trades workers,
2011,Male,Gaza Strip,Craft and related trades workers,
2012,Male,Gaza Strip,Craft and related trades workers,
2013,Male,Gaza Strip,Craft and related trades workers,
2014,Male,Gaza Strip,Craft and related trades workers,
2015,Male,Gaza Strip,Craft and related trades workers,
2016,Male,Gaza Strip,Craft and related trades workers,
2017,Male,Gaza Strip,Craft and related trades workers,
2018,Male,Gaza Strip,Craft and related trades workers,
2000,Male,Gaza Strip,"Plant and machine operators, and assemblers",
2001,Male,Gaza Strip,"Plant and machine operators, and assemblers",
2002,Male,Gaza Strip,"Plant and machine operators, and assemblers",
2003,Male,Gaza Strip,"Plant and machine operators, and assemblers",
2004,Male,Gaza Strip,"Plant and machine operators, and assemblers",
2005,Male,Gaza Strip,"Plant and machine operators, and assemblers",
2006,Male,Gaza Strip,"Plant and machine operators, and assemblers",
2007,Male,Gaza Strip,"Plant and machine operators, and assemblers",
2008,Male,Gaza Strip,"Plant and machine operators, and assemblers",
2009,Male,Gaza Strip,"Plant and machine operators, and assemblers",
2010,Male,Gaza Strip,"Plant and machine operators, and assemblers",
2011,Male,Gaza Strip,"Plant and machine operators, and assemblers",
2012,Male,Gaza Strip,"Plant and machine operators, and assemblers",
2013,Male,Gaza Strip,"Plant and machine operators, and assemblers",
2014,Male,Gaza Strip,"Plant and machine operators, and assemblers",
2015,Male,Gaza Strip,"Plant and machine operators, and assemblers",
2016,Male,Gaza Strip,"Plant and machine operators, and assemblers",
2017,Male,Gaza Strip,"Plant and machine operators, and assemblers",
2018,Male,Gaza Strip,"Plant and machine operators, and assemblers",
2000,Male,Gaza Strip,Elementary occupations,
2001,Male,Gaza Strip,Elementary occupations,
2002,Male,Gaza Strip,Elementary occupations,
2003,Male,Gaza Strip,Elementary occupations,
2004,Male,Gaza Strip,Elementary occupations,
2005,Male,Gaza Strip,Elementary occupations,
2006,Male,Gaza Strip,Elementary occupations,
2007,Male,Gaza Strip,Elementary occupations,
2008,Male,Gaza Strip,Elementary occupations,
2009,Male,Gaza Strip,Elementary occupations,
2010,Male,Gaza Strip,Elementary occupations,
2011,Male,Gaza Strip,Elementary occupations,
2012,Male,Gaza Strip,Elementary occupations,
2013,Male,Gaza Strip,Elementary occupations,
2014,Male,Gaza Strip,Elementary occupations,
2015,Male,Gaza Strip,Elementary occupations,
2016,Male,Gaza Strip,Elementary occupations,
2017,Male,Gaza Strip,Elementary occupations,
2018,Male,Gaza Strip,Elementary occupations,
2000,Male,Gaza Strip,"Legislators, senior officials and managers",
2001,Male,Gaza Strip,"Legislators, senior officials and managers",
2002,Male,Gaza Strip,"Legislators, senior officials and managers",
2003,Male,Gaza Strip,"Legislators, senior officials and managers",
2004,Male,Gaza Strip,"Legislators, senior officials and managers",
2005,Male,Gaza Strip,"Legislators, senior officials and managers",
2006,Male,Gaza Strip,"Legislators, senior officials and managers",
2007,Male,Gaza Strip,"Legislators, senior officials and managers",
2008,Male,Gaza Strip,"Legislators, senior officials and managers",
2009,Male,Gaza Strip,"Legislators, senior officials and managers",
2010,Male,Gaza Strip,"Legislators, senior officials and managers",
2011,Male,Gaza Strip,"Legislators, senior officials and managers",
2012,Male,Gaza Strip,"Legislators, senior officials and managers",
2013,Male,Gaza Strip,"Legislators, senior officials and managers",
2014,Male,Gaza Strip,"Legislators, senior officials and managers",
2015,Male,Gaza Strip,"Legislators, senior officials and managers",
2016,Male,Gaza Strip,"Legislators, senior officials and managers",
2017,Male,Gaza Strip,"Legislators, senior officials and managers",
2018,Male,Gaza Strip,"Legislators, senior officials and managers",
2000,Male,Palestine,Total or no breakdown by Occupation,79.6
2001,Male,Palestine,Total or no breakdown by Occupation,74.6
2002,Male,Palestine,Total or no breakdown by Occupation,74.8
2003,Male,Palestine,Total or no breakdown by Occupation,74.2
2004,Male,Palestine,Total or no breakdown by Occupation,75.9
2005,Male,Palestine,Total or no breakdown by Occupation,78.7
2006,Male,Palestine,Total or no breakdown by Occupation,83.4
2007,Male,Palestine,Total or no breakdown by Occupation,84.1
2008,Male,Palestine,Total or no breakdown by Occupation,90.6
2009,Male,Palestine,Total or no breakdown by Occupation,94.2
2010,Male,Palestine,Total or no breakdown by Occupation,94.6
2011,Male,Palestine,Total or no breakdown by Occupation,94.2
2012,Male,Palestine,Total or no breakdown by Occupation,94.8
2013,Male,Palestine,Total or no breakdown by Occupation,100.1
2014,Male,Palestine,Total or no breakdown by Occupation,105.7
2015,Male,Palestine,Total or no breakdown by Occupation,107.8
2016,Male,Palestine,Total or no breakdown by Occupation,113.7
2017,Male,Palestine,Total or no breakdown by Occupation,119.0
2018,Male,Palestine,Total or no breakdown by Occupation,128.6
2000,Male,Palestine,Technicians and associate professionals,
2001,Male,Palestine,Technicians and associate professionals,
2002,Male,Palestine,Technicians and associate professionals,
2003,Male,Palestine,Technicians and associate professionals,
2004,Male,Palestine,Technicians and associate professionals,
2005,Male,Palestine,Technicians and associate professionals,
2006,Male,Palestine,Technicians and associate professionals,
2007,Male,Palestine,Technicians and associate professionals,
2008,Male,Palestine,Technicians and associate professionals,
2009,Male,Palestine,Technicians and associate professionals,
2010,Male,Palestine,Technicians and associate professionals,
2011,Male,Palestine,Technicians and associate professionals,
2012,Male,Palestine,Technicians and associate professionals,
2013,Male,Palestine,Technicians and associate professionals,
2014,Male,Palestine,Technicians and associate professionals,
2015,Male,Palestine,Technicians and associate professionals,
2016,Male,Palestine,Technicians and associate professionals,
2017,Male,Palestine,Technicians and associate professionals,
2018,Male,Palestine,Technicians and associate professionals,
2000,Male,Palestine,Service and sales workers,
2001,Male,Palestine,Service and sales workers,
2002,Male,Palestine,Service and sales workers,
2003,Male,Palestine,Service and sales workers,
2004,Male,Palestine,Service and sales workers,
2005,Male,Palestine,Service and sales workers,
2006,Male,Palestine,Service and sales workers,
2007,Male,Palestine,Service and sales workers,
2008,Male,Palestine,Service and sales workers,
2009,Male,Palestine,Service and sales workers,
2010,Male,Palestine,Service and sales workers,
2011,Male,Palestine,Service and sales workers,
2012,Male,Palestine,Service and sales workers,
2013,Male,Palestine,Service and sales workers,
2014,Male,Palestine,Service and sales workers,
2015,Male,Palestine,Service and sales workers,
2016,Male,Palestine,Service and sales workers,
2017,Male,Palestine,Service and sales workers,
2018,Male,Palestine,Service and sales workers,
2000,Male,Palestine,"Skilled agricultural, forestry and fishery workers",
2001,Male,Palestine,"Skilled agricultural, forestry and fishery workers",
2002,Male,Palestine,"Skilled agricultural, forestry and fishery workers",
2003,Male,Palestine,"Skilled agricultural, forestry and fishery workers",
2004,Male,Palestine,"Skilled agricultural, forestry and fishery workers",
2005,Male,Palestine,"Skilled agricultural, forestry and fishery workers",
2006,Male,Palestine,"Skilled agricultural, forestry and fishery workers",
2007,Male,Palestine,"Skilled agricultural, forestry and fishery workers",
2008,Male,Palestine,"Skilled agricultural, forestry and fishery workers",
2009,Male,Palestine,"Skilled agricultural, forestry and fishery workers",
2010,Male,Palestine,"Skilled agricultural, forestry and fishery workers",
2011,Male,Palestine,"Skilled agricultural, forestry and fishery workers",
2012,Male,Palestine,"Skilled agricultural, forestry and fishery workers",
2013,Male,Palestine,"Skilled agricultural, forestry and fishery workers",
2014,Male,Palestine,"Skilled agricultural, forestry and fishery workers",
2015,Male,Palestine,"Skilled agricultural, forestry and fishery workers",
2016,Male,Palestine,"Skilled agricultural, forestry and fishery workers",
2017,Male,Palestine,"Skilled agricultural, forestry and fishery workers",
2018,Male,Palestine,"Skilled agricultural, forestry and fishery workers",
2000,Male,Palestine,Craft and related trades workers,
2001,Male,Palestine,Craft and related trades workers,
2002,Male,Palestine,Craft and related trades workers,
2003,Male,Palestine,Craft and related trades workers,
2004,Male,Palestine,Craft and related trades workers,
2005,Male,Palestine,Craft and related trades workers,
2006,Male,Palestine,Craft and related trades workers,
2007,Male,Palestine,Craft and related trades workers,
2008,Male,Palestine,Craft and related trades workers,
2009,Male,Palestine,Craft and related trades workers,
2010,Male,Palestine,Craft and related trades workers,
2011,Male,Palestine,Craft and related trades workers,
2012,Male,Palestine,Craft and related trades workers,
2013,Male,Palestine,Craft and related trades workers,
2014,Male,Palestine,Craft and related trades workers,
2015,Male,Palestine,Craft and related trades workers,
2016,Male,Palestine,Craft and related trades workers,
2017,Male,Palestine,Craft and related trades workers,
2018,Male,Palestine,Craft and related trades workers,
2000,Male,Palestine,"Plant and machine operators, and assemblers",
2001,Male,Palestine,"Plant and machine operators, and assemblers",
2002,Male,Palestine,"Plant and machine operators, and assemblers",
2003,Male,Palestine,"Plant and machine operators, and assemblers",
2004,Male,Palestine,"Plant and machine operators, and assemblers",
2005,Male,Palestine,"Plant and machine operators, and assemblers",
2006,Male,Palestine,"Plant and machine operators, and assemblers",
2007,Male,Palestine,"Plant and machine operators, and assemblers",
2008,Male,Palestine,"Plant and machine operators, and assemblers",
2009,Male,Palestine,"Plant and machine operators, and assemblers",
2010,Male,Palestine,"Plant and machine operators, and assemblers",
2011,Male,Palestine,"Plant and machine operators, and assemblers",
2012,Male,Palestine,"Plant and machine operators, and assemblers",
2013,Male,Palestine,"Plant and machine operators, and assemblers",
2014,Male,Palestine,"Plant and machine operators, and assemblers",
2015,Male,Palestine,"Plant and machine operators, and assemblers",
2016,Male,Palestine,"Plant and machine operators, and assemblers",
2017,Male,Palestine,"Plant and machine operators, and assemblers",
2018,Male,Palestine,"Plant and machine operators, and assemblers",
2000,Male,Palestine,Elementary occupations,
2001,Male,Palestine,Elementary occupations,
2002,Male,Palestine,Elementary occupations,
2003,Male,Palestine,Elementary occupations,
2004,Male,Palestine,Elementary occupations,
2005,Male,Palestine,Elementary occupations,
2006,Male,Palestine,Elementary occupations,
2007,Male,Palestine,Elementary occupations,
2008,Male,Palestine,Elementary occupations,
2009,Male,Palestine,Elementary occupations,
2010,Male,Palestine,Elementary occupations,
2011,Male,Palestine,Elementary occupations,
2012,Male,Palestine,Elementary occupations,
2013,Male,Palestine,Elementary occupations,
2014,Male,Palestine,Elementary occupations,
2015,Male,Palestine,Elementary occupations,
2016,Male,Palestine,Elementary occupations,
2017,Male,Palestine,Elementary occupations,
2018,Male,Palestine,Elementary occupations,
2000,Male,Palestine,"Legislators, senior officials and managers",
2001,Male,Palestine,"Legislators, senior officials and managers",
2002,Male,Palestine,"Legislators, senior officials and managers",
2003,Male,Palestine,"Legislators, senior officials and managers",
2004,Male,Palestine,"Legislators, senior officials and managers",
2005,Male,Palestine,"Legislators, senior officials and managers",
2006,Male,Palestine,"Legislators, senior officials and managers",
2007,Male,Palestine,"Legislators, senior officials and managers",
2008,Male,Palestine,"Legislators, senior officials and managers",
2009,Male,Palestine,"Legislators, senior officials and managers",
2010,Male,Palestine,"Legislators, senior officials and managers",
2011,Male,Palestine,"Legislators, senior officials and managers",
2012,Male,Palestine,"Legislators, senior officials and managers",
2013,Male,Palestine,"Legislators, senior officials and managers",
2014,Male,Palestine,"Legislators, senior officials and managers",
2015,Male,Palestine,"Legislators, senior officials and managers",
2016,Male,Palestine,"Legislators, senior officials and managers",
2017,Male,Palestine,"Legislators, senior officials and managers",
2018,Male,Palestine,"Legislators, senior officials and managers",
2000,Female,West Bank,Total or no breakdown by Occupation,
2001,Female,West Bank,Total or no breakdown by Occupation,
2002,Female,West Bank,Total or no breakdown by Occupation,
2003,Female,West Bank,Total or no breakdown by Occupation,
2004,Female,West Bank,Total or no breakdown by Occupation,
2005,Female,West Bank,Total or no breakdown by Occupation,
2006,Female,West Bank,Total or no breakdown by Occupation,
2007,Female,West Bank,Total or no breakdown by Occupation,
2008,Female,West Bank,Total or no breakdown by Occupation,
2009,Female,West Bank,Total or no breakdown by Occupation,
2010,Female,West Bank,Total or no breakdown by Occupation,
2011,Female,West Bank,Total or no breakdown by Occupation,
2012,Female,West Bank,Total or no breakdown by Occupation,
2013,Female,West Bank,Total or no breakdown by Occupation,
2014,Female,West Bank,Total or no breakdown by Occupation,
2015,Female,West Bank,Total or no breakdown by Occupation,
2016,Female,West Bank,Total or no breakdown by Occupation,
2017,Female,West Bank,Total or no breakdown by Occupation,
2018,Female,West Bank,Total or no breakdown by Occupation,
2000,Female,West Bank,Technicians and associate professionals,
2001,Female,West Bank,Technicians and associate professionals,
2002,Female,West Bank,Technicians and associate professionals,
2003,Female,West Bank,Technicians and associate professionals,
2004,Female,West Bank,Technicians and associate professionals,
2005,Female,West Bank,Technicians and associate professionals,
2006,Female,West Bank,Technicians and associate professionals,
2007,Female,West Bank,Technicians and associate professionals,
2008,Female,West Bank,Technicians and associate professionals,
2009,Female,West Bank,Technicians and associate professionals,
2010,Female,West Bank,Technicians and associate professionals,
2011,Female,West Bank,Technicians and associate professionals,
2012,Female,West Bank,Technicians and associate professionals,
2013,Female,West Bank,Technicians and associate professionals,
2014,Female,West Bank,Technicians and associate professionals,
2015,Female,West Bank,Technicians and associate professionals,
2016,Female,West Bank,Technicians and associate professionals,
2017,Female,West Bank,Technicians and associate professionals,
2018,Female,West Bank,Technicians and associate professionals,
2000,Female,West Bank,Service and sales workers,
2001,Female,West Bank,Service and sales workers,
2002,Female,West Bank,Service and sales workers,
2003,Female,West Bank,Service and sales workers,
2004,Female,West Bank,Service and sales workers,
2005,Female,West Bank,Service and sales workers,
2006,Female,West Bank,Service and sales workers,
2007,Female,West Bank,Service and sales workers,
2008,Female,West Bank,Service and sales workers,
2009,Female,West Bank,Service and sales workers,
2010,Female,West Bank,Service and sales workers,
2011,Female,West Bank,Service and sales workers,
2012,Female,West Bank,Service and sales workers,
2013,Female,West Bank,Service and sales workers,
2014,Female,West Bank,Service and sales workers,
2015,Female,West Bank,Service and sales workers,
2016,Female,West Bank,Service and sales workers,
2017,Female,West Bank,Service and sales workers,
2018,Female,West Bank,Service and sales workers,
2000,Female,West Bank,"Skilled agricultural, forestry and fishery workers",
2001,Female,West Bank,"Skilled agricultural, forestry and fishery workers",
2002,Female,West Bank,"Skilled agricultural, forestry and fishery workers",
2003,Female,West Bank,"Skilled agricultural, forestry and fishery workers",
2004,Female,West Bank,"Skilled agricultural, forestry and fishery workers",
2005,Female,West Bank,"Skilled agricultural, forestry and fishery workers",
2006,Female,West Bank,"Skilled agricultural, forestry and fishery workers",
2007,Female,West Bank,"Skilled agricultural, forestry and fishery workers",
2008,Female,West Bank,"Skilled agricultural, forestry and fishery workers",
2009,Female,West Bank,"Skilled agricultural, forestry and fishery workers",
2010,Female,West Bank,"Skilled agricultural, forestry and fishery workers",
2011,Female,West Bank,"Skilled agricultural, forestry and fishery workers",
2012,Female,West Bank,"Skilled agricultural, forestry and fishery workers",
2013,Female,West Bank,"Skilled agricultural, forestry and fishery workers",
2014,Female,West Bank,"Skilled agricultural, forestry and fishery workers",
2015,Female,West Bank,"Skilled agricultural, forestry and fishery workers",
2016,Female,West Bank,"Skilled agricultural, forestry and fishery workers",
2017,Female,West Bank,"Skilled agricultural, forestry and fishery workers",
2018,Female,West Bank,"Skilled agricultural, forestry and fishery workers",
2000,Female,West Bank,Craft and related trades workers,
2001,Female,West Bank,Craft and related trades workers,
2002,Female,West Bank,Craft and related trades workers,
2003,Female,West Bank,Craft and related trades workers,
2004,Female,West Bank,Craft and related trades workers,
2005,Female,West Bank,Craft and related trades workers,
2006,Female,West Bank,Craft and related trades workers,
2007,Female,West Bank,Craft and related trades workers,
2008,Female,West Bank,Craft and related trades workers,
2009,Female,West Bank,Craft and related trades workers,
2010,Female,West Bank,Craft and related trades workers,
2011,Female,West Bank,Craft and related trades workers,
2012,Female,West Bank,Craft and related trades workers,
2013,Female,West Bank,Craft and related trades workers,
2014,Female,West Bank,Craft and related trades workers,
2015,Female,West Bank,Craft and related trades workers,
2016,Female,West Bank,Craft and related trades workers,
2017,Female,West Bank,Craft and related trades workers,
2018,Female,West Bank,Craft and related trades workers,
2000,Female,West Bank,"Plant and machine operators, and assemblers",
2001,Female,West Bank,"Plant and machine operators, and assemblers",
2002,Female,West Bank,"Plant and machine operators, and assemblers",
2003,Female,West Bank,"Plant and machine operators, and assemblers",
2004,Female,West Bank,"Plant and machine operators, and assemblers",
2005,Female,West Bank,"Plant and machine operators, and assemblers",
2006,Female,West Bank,"Plant and machine operators, and assemblers",
2007,Female,West Bank,"Plant and machine operators, and assemblers",
2008,Female,West Bank,"Plant and machine operators, and assemblers",
2009,Female,West Bank,"Plant and machine operators, and assemblers",
2010,Female,West Bank,"Plant and machine operators, and assemblers",
2011,Female,West Bank,"Plant and machine operators, and assemblers",
2012,Female,West Bank,"Plant and machine operators, and assemblers",
2013,Female,West Bank,"Plant and machine operators, and assemblers",
2014,Female,West Bank,"Plant and machine operators, and assemblers",
2015,Female,West Bank,"Plant and machine operators, and assemblers",
2016,Female,West Bank,"Plant and machine operators, and assemblers",
2017,Female,West Bank,"Plant and machine operators, and assemblers",
2018,Female,West Bank,"Plant and machine operators, and assemblers",
2000,Female,West Bank,Elementary occupations,
2001,Female,West Bank,Elementary occupations,
2002,Female,West Bank,Elementary occupations,
2003,Female,West Bank,Elementary occupations,
2004,Female,West Bank,Elementary occupations,
2005,Female,West Bank,Elementary occupations,
2006,Female,West Bank,Elementary occupations,
2007,Female,West Bank,Elementary occupations,
2008,Female,West Bank,Elementary occupations,
2009,Female,West Bank,Elementary occupations,
2010,Female,West Bank,Elementary occupations,
2011,Female,West Bank,Elementary occupations,
2012,Female,West Bank,Elementary occupations,
2013,Female,West Bank,Elementary occupations,
2014,Female,West Bank,Elementary occupations,
2015,Female,West Bank,Elementary occupations,
2016,Female,West Bank,Elementary occupations,
2017,Female,West Bank,Elementary occupations,
2018,Female,West Bank,Elementary occupations,
2000,Female,West Bank,"Legislators, senior officials and managers",
2001,Female,West Bank,"Legislators, senior officials and managers",
2002,Female,West Bank,"Legislators, senior officials and managers",
2003,Female,West Bank,"Legislators, senior officials and managers",
2004,Female,West Bank,"Legislators, senior officials and managers",
2005,Female,West Bank,"Legislators, senior officials and managers",
2006,Female,West Bank,"Legislators, senior officials and managers",
2007,Female,West Bank,"Legislators, senior officials and managers",
2008,Female,West Bank,"Legislators, senior officials and managers",
2009,Female,West Bank,"Legislators, senior officials and managers",
2010,Female,West Bank,"Legislators, senior officials and managers",
2011,Female,West Bank,"Legislators, senior officials and managers",
2012,Female,West Bank,"Legislators, senior officials and managers",
2013,Female,West Bank,"Legislators, senior officials and managers",
2014,Female,West Bank,"Legislators, senior officials and managers",
2015,Female,West Bank,"Legislators, senior officials and managers",
2016,Female,West Bank,"Legislators, senior officials and managers",
2017,Female,West Bank,"Legislators, senior officials and managers",
2018,Female,West Bank,"Legislators, senior officials and managers",
2000,Female,Gaza Strip,Total or no breakdown by Occupation,
2001,Female,Gaza Strip,Total or no breakdown by Occupation,
2002,Female,Gaza Strip,Total or no breakdown by Occupation,
2003,Female,Gaza Strip,Total or no breakdown by Occupation,
2004,Female,Gaza Strip,Total or no breakdown by Occupation,
2005,Female,Gaza Strip,Total or no breakdown by Occupation,
2006,Female,Gaza Strip,Total or no breakdown by Occupation,
2007,Female,Gaza Strip,Total or no breakdown by Occupation,
2008,Female,Gaza Strip,Total or no breakdown by Occupation,
2009,Female,Gaza Strip,Total or no breakdown by Occupation,
2010,Female,Gaza Strip,Total or no breakdown by Occupation,
2011,Female,Gaza Strip,Total or no breakdown by Occupation,
2012,Female,Gaza Strip,Total or no breakdown by Occupation,
2013,Female,Gaza Strip,Total or no breakdown by Occupation,
2014,Female,Gaza Strip,Total or no breakdown by Occupation,
2015,Female,Gaza Strip,Total or no breakdown by Occupation,
2016,Female,Gaza Strip,Total or no breakdown by Occupation,
2017,Female,Gaza Strip,Total or no breakdown by Occupation,
2018,Female,Gaza Strip,Total or no breakdown by Occupation,
2000,Female,Gaza Strip,Technicians and associate professionals,
2001,Female,Gaza Strip,Technicians and associate professionals,
2002,Female,Gaza Strip,Technicians and associate professionals,
2003,Female,Gaza Strip,Technicians and associate professionals,
2004,Female,Gaza Strip,Technicians and associate professionals,
2005,Female,Gaza Strip,Technicians and associate professionals,
2006,Female,Gaza Strip,Technicians and associate professionals,
2007,Female,Gaza Strip,Technicians and associate professionals,
2008,Female,Gaza Strip,Technicians and associate professionals,
2009,Female,Gaza Strip,Technicians and associate professionals,
2010,Female,Gaza Strip,Technicians and associate professionals,
2011,Female,Gaza Strip,Technicians and associate professionals,
2012,Female,Gaza Strip,Technicians and associate professionals,
2013,Female,Gaza Strip,Technicians and associate professionals,
2014,Female,Gaza Strip,Technicians and associate professionals,
2015,Female,Gaza Strip,Technicians and associate professionals,
2016,Female,Gaza Strip,Technicians and associate professionals,
2017,Female,Gaza Strip,Technicians and associate professionals,
2018,Female,Gaza Strip,Technicians and associate professionals,
2000,Female,Gaza Strip,Service and sales workers,
2001,Female,Gaza Strip,Service and sales workers,
2002,Female,Gaza Strip,Service and sales workers,
2003,Female,Gaza Strip,Service and sales workers,
2004,Female,Gaza Strip,Service and sales workers,
2005,Female,Gaza Strip,Service and sales workers,
2006,Female,Gaza Strip,Service and sales workers,
2007,Female,Gaza Strip,Service and sales workers,
2008,Female,Gaza Strip,Service and sales workers,
2009,Female,Gaza Strip,Service and sales workers,
2010,Female,Gaza Strip,Service and sales workers,
2011,Female,Gaza Strip,Service and sales workers,
2012,Female,Gaza Strip,Service and sales workers,
2013,Female,Gaza Strip,Service and sales workers,
2014,Female,Gaza Strip,Service and sales workers,
2015,Female,Gaza Strip,Service and sales workers,
2016,Female,Gaza Strip,Service and sales workers,
2017,Female,Gaza Strip,Service and sales workers,
2018,Female,Gaza Strip,Service and sales workers,
2000,Female,Gaza Strip,"Skilled agricultural, forestry and fishery workers",
2001,Female,Gaza Strip,"Skilled agricultural, forestry and fishery workers",
2002,Female,Gaza Strip,"Skilled agricultural, forestry and fishery workers",
2003,Female,Gaza Strip,"Skilled agricultural, forestry and fishery workers",
2004,Female,Gaza Strip,"Skilled agricultural, forestry and fishery workers",
2005,Female,Gaza Strip,"Skilled agricultural, forestry and fishery workers",
2006,Female,Gaza Strip,"Skilled agricultural, forestry and fishery workers",
2007,Female,Gaza Strip,"Skilled agricultural, forestry and fishery workers",
2008,Female,Gaza Strip,"Skilled agricultural, forestry and fishery workers",
2009,Female,Gaza Strip,"Skilled agricultural, forestry and fishery workers",
2010,Female,Gaza Strip,"Skilled agricultural, forestry and fishery workers",
2011,Female,Gaza Strip,"Skilled agricultural, forestry and fishery workers",
2012,Female,Gaza Strip,"Skilled agricultural, forestry and fishery workers",
2013,Female,Gaza Strip,"Skilled agricultural, forestry and fishery workers",
2014,Female,Gaza Strip,"Skilled agricultural, forestry and fishery workers",
2015,Female,Gaza Strip,"Skilled agricultural, forestry and fishery workers",
2016,Female,Gaza Strip,"Skilled agricultural, forestry and fishery workers",
2017,Female,Gaza Strip,"Skilled agricultural, forestry and fishery workers",
2018,Female,Gaza Strip,"Skilled agricultural, forestry and fishery workers",
2000,Female,Gaza Strip,Craft and related trades workers,
2001,Female,Gaza Strip,Craft and related trades workers,
2002,Female,Gaza Strip,Craft and related trades workers,
2003,Female,Gaza Strip,Craft and related trades workers,
2004,Female,Gaza Strip,Craft and related trades workers,
2005,Female,Gaza Strip,Craft and related trades workers,
2006,Female,Gaza Strip,Craft and related trades workers,
2007,Female,Gaza Strip,Craft and related trades workers,
2008,Female,Gaza Strip,Craft and related trades workers,
2009,Female,Gaza Strip,Craft and related trades workers,
2010,Female,Gaza Strip,Craft and related trades workers,
2011,Female,Gaza Strip,Craft and related trades workers,
2012,Female,Gaza Strip,Craft and related trades workers,
2013,Female,Gaza Strip,Craft and related trades workers,
2014,Female,Gaza Strip,Craft and related trades workers,
2015,Female,Gaza Strip,Craft and related trades workers,
2016,Female,Gaza Strip,Craft and related trades workers,
2017,Female,Gaza Strip,Craft and related trades workers,
2018,Female,Gaza Strip,Craft and related trades workers,
2000,Female,Gaza Strip,"Plant and machine operators, and assemblers",
2001,Female,Gaza Strip,"Plant and machine operators, and assemblers",
2002,Female,Gaza Strip,"Plant and machine operators, and assemblers",
2003,Female,Gaza Strip,"Plant and machine operators, and assemblers",
2004,Female,Gaza Strip,"Plant and machine operators, and assemblers",
2005,Female,Gaza Strip,"Plant and machine operators, and assemblers",
2006,Female,Gaza Strip,"Plant and machine operators, and assemblers",
2007,Female,Gaza Strip,"Plant and machine operators, and assemblers",
2008,Female,Gaza Strip,"Plant and machine operators, and assemblers",
2009,Female,Gaza Strip,"Plant and machine operators, and assemblers",
2010,Female,Gaza Strip,"Plant and machine operators, and assemblers",
2011,Female,Gaza Strip,"Plant and machine operators, and assemblers",
2012,Female,Gaza Strip,"Plant and machine operators, and assemblers",
2013,Female,Gaza Strip,"Plant and machine operators, and assemblers",
2014,Female,Gaza Strip,"Plant and machine operators, and assemblers",
2015,Female,Gaza Strip,"Plant and machine operators, and assemblers",
2016,Female,Gaza Strip,"Plant and machine operators, and assemblers",
2017,Female,Gaza Strip,"Plant and machine operators, and assemblers",
2018,Female,Gaza Strip,"Plant and machine operators, and assemblers",
2000,Female,Gaza Strip,Elementary occupations,
2001,Female,Gaza Strip,Elementary occupations,
2002,Female,Gaza Strip,Elementary occupations,
2003,Female,Gaza Strip,Elementary occupations,
2004,Female,Gaza Strip,Elementary occupations,
2005,Female,Gaza Strip,Elementary occupations,
2006,Female,Gaza Strip,Elementary occupations,
2007,Female,Gaza Strip,Elementary occupations,
2008,Female,Gaza Strip,Elementary occupations,
2009,Female,Gaza Strip,Elementary occupations,
2010,Female,Gaza Strip,Elementary occupations,
2011,Female,Gaza Strip,Elementary occupations,
2012,Female,Gaza Strip,Elementary occupations,
2013,Female,Gaza Strip,Elementary occupations,
2014,Female,Gaza Strip,Elementary occupations,
2015,Female,Gaza Strip,Elementary occupations,
2016,Female,Gaza Strip,Elementary occupations,
2017,Female,Gaza Strip,Elementary occupations,
2018,Female,Gaza Strip,Elementary occupations,
2000,Female,Gaza Strip,"Legislators, senior officials and managers",
2001,Female,Gaza Strip,"Legislators, senior officials and managers",
2002,Female,Gaza Strip,"Legislators, senior officials and managers",
2003,Female,Gaza Strip,"Legislators, senior officials and managers",
2004,Female,Gaza Strip,"Legislators, senior officials and managers",
2005,Female,Gaza Strip,"Legislators, senior officials and managers",
2006,Female,Gaza Strip,"Legislators, senior officials and managers",
2007,Female,Gaza Strip,"Legislators, senior officials and managers",
2008,Female,Gaza Strip,"Legislators, senior officials and managers",
2009,Female,Gaza Strip,"Legislators, senior officials and managers",
2010,Female,Gaza Strip,"Legislators, senior officials and managers",
2011,Female,Gaza Strip,"Legislators, senior officials and managers",
2012,Female,Gaza Strip,"Legislators, senior officials and managers",
2013,Female,Gaza Strip,"Legislators, senior officials and managers",
2014,Female,Gaza Strip,"Legislators, senior officials and managers",
2015,Female,Gaza Strip,"Legislators, senior officials and managers",
2016,Female,Gaza Strip,"Legislators, senior officials and managers",
2017,Female,Gaza Strip,"Legislators, senior officials and managers",
2018,Female,Gaza Strip,"Legislators, senior officials and managers",
2000,Female,Palestine,Total or no breakdown by Occupation,55.1
2001,Female,Palestine,Total or no breakdown by Occupation,56.3
2002,Female,Palestine,Total or no breakdown by Occupation,61.3
2003,Female,Palestine,Total or no breakdown by Occupation,61.9
2004,Female,Palestine,Total or no breakdown by Occupation,63.8
2005,Female,Palestine,Total or no breakdown by Occupation,66.9
2006,Female,Palestine,Total or no breakdown by Occupation,70.6
2007,Female,Palestine,Total or no breakdown by Occupation,70.1
2008,Female,Palestine,Total or no breakdown by Occupation,74.6
2009,Female,Palestine,Total or no breakdown by Occupation,77.0
2010,Female,Palestine,Total or no breakdown by Occupation,77.4
2011,Female,Palestine,Total or no breakdown by Occupation,79.3
2012,Female,Palestine,Total or no breakdown by Occupation,82.5
2013,Female,Palestine,Total or no breakdown by Occupation,81.5
2014,Female,Palestine,Total or no breakdown by Occupation,81.1
2015,Female,Palestine,Total or no breakdown by Occupation,82.3
2016,Female,Palestine,Total or no breakdown by Occupation,83.4
2017,Female,Palestine,Total or no breakdown by Occupation,84.6
2018,Female,Palestine,Total or no breakdown by Occupation,92.5
2000,Female,Palestine,Technicians and associate professionals,
2001,Female,Palestine,Technicians and associate professionals,
2002,Female,Palestine,Technicians and associate professionals,
2003,Female,Palestine,Technicians and associate professionals,
2004,Female,Palestine,Technicians and associate professionals,
2005,Female,Palestine,Technicians and associate professionals,
2006,Female,Palestine,Technicians and associate professionals,
2007,Female,Palestine,Technicians and associate professionals,
2008,Female,Palestine,Technicians and associate professionals,
2009,Female,Palestine,Technicians and associate professionals,
2010,Female,Palestine,Technicians and associate professionals,
2011,Female,Palestine,Technicians and associate professionals,
2012,Female,Palestine,Technicians and associate professionals,
2013,Female,Palestine,Technicians and associate professionals,
2014,Female,Palestine,Technicians and associate professionals,
2015,Female,Palestine,Technicians and associate professionals,
2016,Female,Palestine,Technicians and associate professionals,
2017,Female,Palestine,Technicians and associate professionals,
2018,Female,Palestine,Technicians and associate professionals,
2000,Female,Palestine,Service and sales workers,
2001,Female,Palestine,Service and sales workers,
2002,Female,Palestine,Service and sales workers,
2003,Female,Palestine,Service and sales workers,
2004,Female,Palestine,Service and sales workers,
2005,Female,Palestine,Service and sales workers,
2006,Female,Palestine,Service and sales workers,
2007,Female,Palestine,Service and sales workers,
2008,Female,Palestine,Service and sales workers,
2009,Female,Palestine,Service and sales workers,
2010,Female,Palestine,Service and sales workers,
2011,Female,Palestine,Service and sales workers,
2012,Female,Palestine,Service and sales workers,
2013,Female,Palestine,Service and sales workers,
2014,Female,Palestine,Service and sales workers,
2015,Female,Palestine,Service and sales workers,
2016,Female,Palestine,Service and sales workers,
2017,Female,Palestine,Service and sales workers,
2018,Female,Palestine,Service and sales workers,
2000,Female,Palestine,"Skilled agricultural, forestry and fishery workers",
2001,Female,Palestine,"Skilled agricultural, forestry and fishery workers",
2002,Female,Palestine,"Skilled agricultural, forestry and fishery workers",
2003,Female,Palestine,"Skilled agricultural, forestry and fishery workers",
2004,Female,Palestine,"Skilled agricultural, forestry and fishery workers",
2005,Female,Palestine,"Skilled agricultural, forestry and fishery workers",
2006,Female,Palestine,"Skilled agricultural, forestry and fishery workers",
2007,Female,Palestine,"Skilled agricultural, forestry and fishery workers",
2008,Female,Palestine,"Skilled agricultural, forestry and fishery workers",
2009,Female,Palestine,"Skilled agricultural, forestry and fishery workers",
2010,Female,Palestine,"Skilled agricultural, forestry and fishery workers",
2011,Female,Palestine,"Skilled agricultural, forestry and fishery workers",
2012,Female,Palestine,"Skilled agricultural, forestry and fishery workers",
2013,Female,Palestine,"Skilled agricultural, forestry and fishery workers",
2014,Female,Palestine,"Skilled agricultural, forestry and fishery workers",
2015,Female,Palestine,"Skilled agricultural, forestry and fishery workers",
2016,Female,Palestine,"Skilled agricultural, forestry and fishery workers",
2017,Female,Palestine,"Skilled agricultural, forestry and fishery workers",
2018,Female,Palestine,"Skilled agricultural, forestry and fishery workers",
2000,Female,Palestine,Craft and related trades workers,
2001,Female,Palestine,Craft and related trades workers,
2002,Female,Palestine,Craft and related trades workers,
2003,Female,Palestine,Craft and related trades workers,
2004,Female,Palestine,Craft and related trades workers,
2005,Female,Palestine,Craft and related trades workers,
2006,Female,Palestine,Craft and related trades workers,
2007,Female,Palestine,Craft and related trades workers,
2008,Female,Palestine,Craft and related trades workers,
2009,Female,Palestine,Craft and related trades workers,
2010,Female,Palestine,Craft and related trades workers,
2011,Female,Palestine,Craft and related trades workers,
2012,Female,Palestine,Craft and related trades workers,
2013,Female,Palestine,Craft and related trades workers,
2014,Female,Palestine,Craft and related trades workers,
2015,Female,Palestine,Craft and related trades workers,
2016,Female,Palestine,Craft and related trades workers,
2017,Female,Palestine,Craft and related trades workers,
2018,Female,Palestine,Craft and related trades workers,
2000,Female,Palestine,"Plant and machine operators, and assemblers",
2001,Female,Palestine,"Plant and machine operators, and assemblers",
2002,Female,Palestine,"Plant and machine operators, and assemblers",
2003,Female,Palestine,"Plant and machine operators, and assemblers",
2004,Female,Palestine,"Plant and machine operators, and assemblers",
2005,Female,Palestine,"Plant and machine operators, and assemblers",
2006,Female,Palestine,"Plant and machine operators, and assemblers",
2007,Female,Palestine,"Plant and machine operators, and assemblers",
2008,Female,Palestine,"Plant and machine operators, and assemblers",
2009,Female,Palestine,"Plant and machine operators, and assemblers",
2010,Female,Palestine,"Plant and machine operators, and assemblers",
2011,Female,Palestine,"Plant and machine operators, and assemblers",
2012,Female,Palestine,"Plant and machine operators, and assemblers",
2013,Female,Palestine,"Plant and machine operators, and assemblers",
2014,Female,Palestine,"Plant and machine operators, and assemblers",
2015,Female,Palestine,"Plant and machine operators, and assemblers",
2016,Female,Palestine,"Plant and machine operators, and assemblers",
2017,Female,Palestine,"Plant and machine operators, and assemblers",
2018,Female,Palestine,"Plant and machine operators, and assemblers",
2000,Female,Palestine,Elementary occupations,
2001,Female,Palestine,Elementary occupations,
2002,Female,Palestine,Elementary occupations,
2003,Female,Palestine,Elementary occupations,
2004,Female,Palestine,Elementary occupations,
2005,Female,Palestine,Elementary occupations,
2006,Female,Palestine,Elementary occupations,
2007,Female,Palestine,Elementary occupations,
2008,Female,Palestine,Elementary occupations,
2009,Female,Palestine,Elementary occupations,
2010,Female,Palestine,Elementary occupations,
2011,Female,Palestine,Elementary occupations,
2012,Female,Palestine,Elementary occupations,
2013,Female,Palestine,Elementary occupations,
2014,Female,Palestine,Elementary occupations,
2015,Female,Palestine,Elementary occupations,
2016,Female,Palestine,Elementary occupations,
2017,Female,Palestine,Elementary occupations,
2018,Female,Palestine,Elementary occupations,
2000,Female,Palestine,"Legislators, senior officials and managers",
2001,Female,Palestine,"Legislators, senior officials and managers",
2002,Female,Palestine,"Legislators, senior officials and managers",
2003,Female,Palestine,"Legislators, senior officials and managers",
2004,Female,Palestine,"Legislators, senior officials and managers",
2005,Female,Palestine,"Legislators, senior officials and managers",
2006,Female,Palestine,"Legislators, senior officials and managers",
2007,Female,Palestine,"Legislators, senior officials and managers",
2008,Female,Palestine,"Legislators, senior officials and managers",
2009,Female,Palestine,"Legislators, senior officials and managers",
2010,Female,Palestine,"Legislators, senior officials and managers",
2011,Female,Palestine,"Legislators, senior officials and managers",
2012,Female,Palestine,"Legislators, senior officials and managers",
2013,Female,Palestine,"Legislators, senior officials and managers",
2014,Female,Palestine,"Legislators, senior officials and managers",
2015,Female,Palestine,"Legislators, senior officials and managers",
2016,Female,Palestine,"Legislators, senior officials and managers",
2017,Female,Palestine,"Legislators, senior officials and managers",
2018,Female,Palestine,"Legislators, senior officials and managers",
2000,Both sexes or no breakdown by sex,West Bank,Total or no breakdown by Occupation,82.8
2001,Both sexes or no breakdown by sex,West Bank,Total or no breakdown by Occupation,79.3
2002,Both sexes or no breakdown by sex,West Bank,Total or no breakdown by Occupation,80.9
2003,Both sexes or no breakdown by sex,West Bank,Total or no breakdown by Occupation,81.8
2004,Both sexes or no breakdown by sex,West Bank,Total or no breakdown by Occupation,81.6
2005,Both sexes or no breakdown by sex,West Bank,Total or no breakdown by Occupation,84.4
2006,Both sexes or no breakdown by sex,West Bank,Total or no breakdown by Occupation,87.5
2007,Both sexes or no breakdown by sex,West Bank,Total or no breakdown by Occupation,88.4
2008,Both sexes or no breakdown by sex,West Bank,Total or no breakdown by Occupation,95.1
2009,Both sexes or no breakdown by sex,West Bank,Total or no breakdown by Occupation,99.3
2010,Both sexes or no breakdown by sex,West Bank,Total or no breakdown by Occupation,102.3
2011,Both sexes or no breakdown by sex,West Bank,Total or no breakdown by Occupation,102.4
2012,Both sexes or no breakdown by sex,West Bank,Total or no breakdown by Occupation,103.9
2013,Both sexes or no breakdown by sex,West Bank,Total or no breakdown by Occupation,110.2
2014,Both sexes or no breakdown by sex,West Bank,Total or no breakdown by Occupation,113.5
2015,Both sexes or no breakdown by sex,West Bank,Total or no breakdown by Occupation,120.6
2016,Both sexes or no breakdown by sex,West Bank,Total or no breakdown by Occupation,128.4
2017,Both sexes or no breakdown by sex,West Bank,Total or no breakdown by Occupation,134.8
2018,Both sexes or no breakdown by sex,West Bank,Total or no breakdown by Occupation,143.6
2000,Both sexes or no breakdown by sex,West Bank,Technicians and associate professionals,
2001,Both sexes or no breakdown by sex,West Bank,Technicians and associate professionals,
2002,Both sexes or no breakdown by sex,West Bank,Technicians and associate professionals,
2003,Both sexes or no breakdown by sex,West Bank,Technicians and associate professionals,
2004,Both sexes or no breakdown by sex,West Bank,Technicians and associate professionals,
2005,Both sexes or no breakdown by sex,West Bank,Technicians and associate professionals,
2006,Both sexes or no breakdown by sex,West Bank,Technicians and associate professionals,
2007,Both sexes or no breakdown by sex,West Bank,Technicians and associate professionals,
2008,Both sexes or no breakdown by sex,West Bank,Technicians and associate professionals,
2009,Both sexes or no breakdown by sex,West Bank,Technicians and associate professionals,
2010,Both sexes or no breakdown by sex,West Bank,Technicians and associate professionals,
2011,Both sexes or no breakdown by sex,West Bank,Technicians and associate professionals,
2012,Both sexes or no breakdown by sex,West Bank,Technicians and associate professionals,
2013,Both sexes or no breakdown by sex,West Bank,Technicians and associate professionals,
2014,Both sexes or no breakdown by sex,West Bank,Technicians and associate professionals,
2015,Both sexes or no breakdown by sex,West Bank,Technicians and associate professionals,
2016,Both sexes or no breakdown by sex,West Bank,Technicians and associate professionals,
2017,Both sexes or no breakdown by sex,West Bank,Technicians and associate professionals,
2018,Both sexes or no breakdown by sex,West Bank,Technicians and associate professionals,
2000,Both sexes or no breakdown by sex,West Bank,Service and sales workers,
2001,Both sexes or no breakdown by sex,West Bank,Service and sales workers,
2002,Both sexes or no breakdown by sex,West Bank,Service and sales workers,
2003,Both sexes or no breakdown by sex,West Bank,Service and sales workers,
2004,Both sexes or no breakdown by sex,West Bank,Service and sales workers,
2005,Both sexes or no breakdown by sex,West Bank,Service and sales workers,
2006,Both sexes or no breakdown by sex,West Bank,Service and sales workers,
2007,Both sexes or no breakdown by sex,West Bank,Service and sales workers,
2008,Both sexes or no breakdown by sex,West Bank,Service and sales workers,
2009,Both sexes or no breakdown by sex,West Bank,Service and sales workers,
2010,Both sexes or no breakdown by sex,West Bank,Service and sales workers,
2011,Both sexes or no breakdown by sex,West Bank,Service and sales workers,
2012,Both sexes or no breakdown by sex,West Bank,Service and sales workers,
2013,Both sexes or no breakdown by sex,West Bank,Service and sales workers,
2014,Both sexes or no breakdown by sex,West Bank,Service and sales workers,
2015,Both sexes or no breakdown by sex,West Bank,Service and sales workers,
2016,Both sexes or no breakdown by sex,West Bank,Service and sales workers,
2017,Both sexes or no breakdown by sex,West Bank,Service and sales workers,
2018,Both sexes or no breakdown by sex,West Bank,Service and sales workers,
2000,Both sexes or no breakdown by sex,West Bank,"Skilled agricultural, forestry and fishery workers",
2001,Both sexes or no breakdown by sex,West Bank,"Skilled agricultural, forestry and fishery workers",
2002,Both sexes or no breakdown by sex,West Bank,"Skilled agricultural, forestry and fishery workers",
2003,Both sexes or no breakdown by sex,West Bank,"Skilled agricultural, forestry and fishery workers",
2004,Both sexes or no breakdown by sex,West Bank,"Skilled agricultural, forestry and fishery workers",
2005,Both sexes or no breakdown by sex,West Bank,"Skilled agricultural, forestry and fishery workers",
2006,Both sexes or no breakdown by sex,West Bank,"Skilled agricultural, forestry and fishery workers",
2007,Both sexes or no breakdown by sex,West Bank,"Skilled agricultural, forestry and fishery workers",
2008,Both sexes or no breakdown by sex,West Bank,"Skilled agricultural, forestry and fishery workers",
2009,Both sexes or no breakdown by sex,West Bank,"Skilled agricultural, forestry and fishery workers",
2010,Both sexes or no breakdown by sex,West Bank,"Skilled agricultural, forestry and fishery workers",
2011,Both sexes or no breakdown by sex,West Bank,"Skilled agricultural, forestry and fishery workers",
2012,Both sexes or no breakdown by sex,West Bank,"Skilled agricultural, forestry and fishery workers",
2013,Both sexes or no breakdown by sex,West Bank,"Skilled agricultural, forestry and fishery workers",
2014,Both sexes or no breakdown by sex,West Bank,"Skilled agricultural, forestry and fishery workers",
2015,Both sexes or no breakdown by sex,West Bank,"Skilled agricultural, forestry and fishery workers",
2016,Both sexes or no breakdown by sex,West Bank,"Skilled agricultural, forestry and fishery workers",
2017,Both sexes or no breakdown by sex,West Bank,"Skilled agricultural, forestry and fishery workers",
2018,Both sexes or no breakdown by sex,West Bank,"Skilled agricultural, forestry and fishery workers",
2000,Both sexes or no breakdown by sex,West Bank,Craft and related trades workers,
2001,Both sexes or no breakdown by sex,West Bank,Craft and related trades workers,
2002,Both sexes or no breakdown by sex,West Bank,Craft and related trades workers,
2003,Both sexes or no breakdown by sex,West Bank,Craft and related trades workers,
2004,Both sexes or no breakdown by sex,West Bank,Craft and related trades workers,
2005,Both sexes or no breakdown by sex,West Bank,Craft and related trades workers,
2006,Both sexes or no breakdown by sex,West Bank,Craft and related trades workers,
2007,Both sexes or no breakdown by sex,West Bank,Craft and related trades workers,
2008,Both sexes or no breakdown by sex,West Bank,Craft and related trades workers,
2009,Both sexes or no breakdown by sex,West Bank,Craft and related trades workers,
2010,Both sexes or no breakdown by sex,West Bank,Craft and related trades workers,
2011,Both sexes or no breakdown by sex,West Bank,Craft and related trades workers,
2012,Both sexes or no breakdown by sex,West Bank,Craft and related trades workers,
2013,Both sexes or no breakdown by sex,West Bank,Craft and related trades workers,
2014,Both sexes or no breakdown by sex,West Bank,Craft and related trades workers,
2015,Both sexes or no breakdown by sex,West Bank,Craft and related trades workers,
2016,Both sexes or no breakdown by sex,West Bank,Craft and related trades workers,
2017,Both sexes or no breakdown by sex,West Bank,Craft and related trades workers,
2018,Both sexes or no breakdown by sex,West Bank,Craft and related trades workers,
2000,Both sexes or no breakdown by sex,West Bank,"Plant and machine operators, and assemblers",
2001,Both sexes or no breakdown by sex,West Bank,"Plant and machine operators, and assemblers",
2002,Both sexes or no breakdown by sex,West Bank,"Plant and machine operators, and assemblers",
2003,Both sexes or no breakdown by sex,West Bank,"Plant and machine operators, and assemblers",
2004,Both sexes or no breakdown by sex,West Bank,"Plant and machine operators, and assemblers",
2005,Both sexes or no breakdown by sex,West Bank,"Plant and machine operators, and assemblers",
2006,Both sexes or no breakdown by sex,West Bank,"Plant and machine operators, and assemblers",
2007,Both sexes or no breakdown by sex,West Bank,"Plant and machine operators, and assemblers",
2008,Both sexes or no breakdown by sex,West Bank,"Plant and machine operators, and assemblers",
2009,Both sexes or no breakdown by sex,West Bank,"Plant and machine operators, and assemblers",
2010,Both sexes or no breakdown by sex,West Bank,"Plant and machine operators, and assemblers",
2011,Both sexes or no breakdown by sex,West Bank,"Plant and machine operators, and assemblers",
2012,Both sexes or no breakdown by sex,West Bank,"Plant and machine operators, and assemblers",
2013,Both sexes or no breakdown by sex,West Bank,"Plant and machine operators, and assemblers",
2014,Both sexes or no breakdown by sex,West Bank,"Plant and machine operators, and assemblers",
2015,Both sexes or no breakdown by sex,West Bank,"Plant and machine operators, and assemblers",
2016,Both sexes or no breakdown by sex,West Bank,"Plant and machine operators, and assemblers",
2017,Both sexes or no breakdown by sex,West Bank,"Plant and machine operators, and assemblers",
2018,Both sexes or no breakdown by sex,West Bank,"Plant and machine operators, and assemblers",
2000,Both sexes or no breakdown by sex,West Bank,Elementary occupations,
2001,Both sexes or no breakdown by sex,West Bank,Elementary occupations,
2002,Both sexes or no breakdown by sex,West Bank,Elementary occupations,
2003,Both sexes or no breakdown by sex,West Bank,Elementary occupations,
2004,Both sexes or no breakdown by sex,West Bank,Elementary occupations,
2005,Both sexes or no breakdown by sex,West Bank,Elementary occupations,
2006,Both sexes or no breakdown by sex,West Bank,Elementary occupations,
2007,Both sexes or no breakdown by sex,West Bank,Elementary occupations,
2008,Both sexes or no breakdown by sex,West Bank,Elementary occupations,
2009,Both sexes or no breakdown by sex,West Bank,Elementary occupations,
2010,Both sexes or no breakdown by sex,West Bank,Elementary occupations,
2011,Both sexes or no breakdown by sex,West Bank,Elementary occupations,
2012,Both sexes or no breakdown by sex,West Bank,Elementary occupations,
2013,Both sexes or no breakdown by sex,West Bank,Elementary occupations,
2014,Both sexes or no breakdown by sex,West Bank,Elementary occupations,
2015,Both sexes or no breakdown by sex,West Bank,Elementary occupations,
2016,Both sexes or no breakdown by sex,West Bank,Elementary occupations,
2017,Both sexes or no breakdown by sex,West Bank,Elementary occupations,
2018,Both sexes or no breakdown by sex,West Bank,Elementary occupations,
2000,Both sexes or no breakdown by sex,West Bank,"Legislators, senior officials and managers",
2001,Both sexes or no breakdown by sex,West Bank,"Legislators, senior officials and managers",
2002,Both sexes or no breakdown by sex,West Bank,"Legislators, senior officials and managers",
2003,Both sexes or no breakdown by sex,West Bank,"Legislators, senior officials and managers",
2004,Both sexes or no breakdown by sex,West Bank,"Legislators, senior officials and managers",
2005,Both sexes or no breakdown by sex,West Bank,"Legislators, senior officials and managers",
2006,Both sexes or no breakdown by sex,West Bank,"Legislators, senior officials and managers",
2007,Both sexes or no breakdown by sex,West Bank,"Legislators, senior officials and managers",
2008,Both sexes or no breakdown by sex,West Bank,"Legislators, senior officials and managers",
2009,Both sexes or no breakdown by sex,West Bank,"Legislators, senior officials and managers",
2010,Both sexes or no breakdown by sex,West Bank,"Legislators, senior officials and managers",
2011,Both sexes or no breakdown by sex,West Bank,"Legislators, senior officials and managers",
2012,Both sexes or no breakdown by sex,West Bank,"Legislators, senior officials and managers",
2013,Both sexes or no breakdown by sex,West Bank,"Legislators, senior officials and managers",
2014,Both sexes or no breakdown by sex,West Bank,"Legislators, senior officials and managers",
2015,Both sexes or no breakdown by sex,West Bank,"Legislators, senior officials and managers",
2016,Both sexes or no breakdown by sex,West Bank,"Legislators, senior officials and managers",
2017,Both sexes or no breakdown by sex,West Bank,"Legislators, senior officials and managers",
2018,Both sexes or no breakdown by sex,West Bank,"Legislators, senior officials and managers",
2000,Both sexes or no breakdown by sex,Gaza Strip,Total or no breakdown by Occupation,64.1
2001,Both sexes or no breakdown by sex,Gaza Strip,Total or no breakdown by Occupation,54.4
2002,Both sexes or no breakdown by sex,Gaza Strip,Total or no breakdown by Occupation,56.6
2003,Both sexes or no breakdown by sex,Gaza Strip,Total or no breakdown by Occupation,55.7
2004,Both sexes or no breakdown by sex,Gaza Strip,Total or no breakdown by Occupation,59.2
2005,Both sexes or no breakdown by sex,Gaza Strip,Total or no breakdown by Occupation,62.3
2006,Both sexes or no breakdown by sex,Gaza Strip,Total or no breakdown by Occupation,69.1
2007,Both sexes or no breakdown by sex,Gaza Strip,Total or no breakdown by Occupation,65.1
2008,Both sexes or no breakdown by sex,Gaza Strip,Total or no breakdown by Occupation,60.4
2009,Both sexes or no breakdown by sex,Gaza Strip,Total or no breakdown by Occupation,62.7
2010,Both sexes or no breakdown by sex,Gaza Strip,Total or no breakdown by Occupation,58.5
2011,Both sexes or no breakdown by sex,Gaza Strip,Total or no breakdown by Occupation,61.8
2012,Both sexes or no breakdown by sex,Gaza Strip,Total or no breakdown by Occupation,64.5
2013,Both sexes or no breakdown by sex,Gaza Strip,Total or no breakdown by Occupation,63.5
2014,Both sexes or no breakdown by sex,Gaza Strip,Total or no breakdown by Occupation,64.2
2015,Both sexes or no breakdown by sex,Gaza Strip,Total or no breakdown by Occupation,62.3
2016,Both sexes or no breakdown by sex,Gaza Strip,Total or no breakdown by Occupation,61.9
2017,Both sexes or no breakdown by sex,Gaza Strip,Total or no breakdown by Occupation,59.5
2018,Both sexes or no breakdown by sex,Gaza Strip,Total or no breakdown by Occupation,63.1
2000,Both sexes or no breakdown by sex,Gaza Strip,Technicians and associate professionals,
2001,Both sexes or no breakdown by sex,Gaza Strip,Technicians and associate professionals,
2002,Both sexes or no breakdown by sex,Gaza Strip,Technicians and associate professionals,
2003,Both sexes or no breakdown by sex,Gaza Strip,Technicians and associate professionals,
2004,Both sexes or no breakdown by sex,Gaza Strip,Technicians and associate professionals,
2005,Both sexes or no breakdown by sex,Gaza Strip,Technicians and associate professionals,
2006,Both sexes or no breakdown by sex,Gaza Strip,Technicians and associate professionals,
2007,Both sexes or no breakdown by sex,Gaza Strip,Technicians and associate professionals,
2008,Both sexes or no breakdown by sex,Gaza Strip,Technicians and associate professionals,
2009,Both sexes or no breakdown by sex,Gaza Strip,Technicians and associate professionals,
2010,Both sexes or no breakdown by sex,Gaza Strip,Technicians and associate professionals,
2011,Both sexes or no breakdown by sex,Gaza Strip,Technicians and associate professionals,
2012,Both sexes or no breakdown by sex,Gaza Strip,Technicians and associate professionals,
2013,Both sexes or no breakdown by sex,Gaza Strip,Technicians and associate professionals,
2014,Both sexes or no breakdown by sex,Gaza Strip,Technicians and associate professionals,
2015,Both sexes or no breakdown by sex,Gaza Strip,Technicians and associate professionals,
2016,Both sexes or no breakdown by sex,Gaza Strip,Technicians and associate professionals,
2017,Both sexes or no breakdown by sex,Gaza Strip,Technicians and associate professionals,
2018,Both sexes or no breakdown by sex,Gaza Strip,Technicians and associate professionals,
2000,Both sexes or no breakdown by sex,Gaza Strip,Service and sales workers,
2001,Both sexes or no breakdown by sex,Gaza Strip,Service and sales workers,
2002,Both sexes or no breakdown by sex,Gaza Strip,Service and sales workers,
2003,Both sexes or no breakdown by sex,Gaza Strip,Service and sales workers,
2004,Both sexes or no breakdown by sex,Gaza Strip,Service and sales workers,
2005,Both sexes or no breakdown by sex,Gaza Strip,Service and sales workers,
2006,Both sexes or no breakdown by sex,Gaza Strip,Service and sales workers,
2007,Both sexes or no breakdown by sex,Gaza Strip,Service and sales workers,
2008,Both sexes or no breakdown by sex,Gaza Strip,Service and sales workers,
2009,Both sexes or no breakdown by sex,Gaza Strip,Service and sales workers,
2010,Both sexes or no breakdown by sex,Gaza Strip,Service and sales workers,
2011,Both sexes or no breakdown by sex,Gaza Strip,Service and sales workers,
2012,Both sexes or no breakdown by sex,Gaza Strip,Service and sales workers,
2013,Both sexes or no breakdown by sex,Gaza Strip,Service and sales workers,
2014,Both sexes or no breakdown by sex,Gaza Strip,Service and sales workers,
2015,Both sexes or no breakdown by sex,Gaza Strip,Service and sales workers,
2016,Both sexes or no breakdown by sex,Gaza Strip,Service and sales workers,
2017,Both sexes or no breakdown by sex,Gaza Strip,Service and sales workers,
2018,Both sexes or no breakdown by sex,Gaza Strip,Service and sales workers,
2000,Both sexes or no breakdown by sex,Gaza Strip,"Skilled agricultural, forestry and fishery workers",
2001,Both sexes or no breakdown by sex,Gaza Strip,"Skilled agricultural, forestry and fishery workers",
2002,Both sexes or no breakdown by sex,Gaza Strip,"Skilled agricultural, forestry and fishery workers",
2003,Both sexes or no breakdown by sex,Gaza Strip,"Skilled agricultural, forestry and fishery workers",
2004,Both sexes or no breakdown by sex,Gaza Strip,"Skilled agricultural, forestry and fishery workers",
2005,Both sexes or no breakdown by sex,Gaza Strip,"Skilled agricultural, forestry and fishery workers",
2006,Both sexes or no breakdown by sex,Gaza Strip,"Skilled agricultural, forestry and fishery workers",
2007,Both sexes or no breakdown by sex,Gaza Strip,"Skilled agricultural, forestry and fishery workers",
2008,Both sexes or no breakdown by sex,Gaza Strip,"Skilled agricultural, forestry and fishery workers",
2009,Both sexes or no breakdown by sex,Gaza Strip,"Skilled agricultural, forestry and fishery workers",
2010,Both sexes or no breakdown by sex,Gaza Strip,"Skilled agricultural, forestry and fishery workers",
2011,Both sexes or no breakdown by sex,Gaza Strip,"Skilled agricultural, forestry and fishery workers",
2012,Both sexes or no breakdown by sex,Gaza Strip,"Skilled agricultural, forestry and fishery workers",
2013,Both sexes or no breakdown by sex,Gaza Strip,"Skilled agricultural, forestry and fishery workers",
2014,Both sexes or no breakdown by sex,Gaza Strip,"Skilled agricultural, forestry and fishery workers",
2015,Both sexes or no breakdown by sex,Gaza Strip,"Skilled agricultural, forestry and fishery workers",
2016,Both sexes or no breakdown by sex,Gaza Strip,"Skilled agricultural, forestry and fishery workers",
2017,Both sexes or no breakdown by sex,Gaza Strip,"Skilled agricultural, forestry and fishery workers",
2018,Both sexes or no breakdown by sex,Gaza Strip,"Skilled agricultural, forestry and fishery workers",
2000,Both sexes or no breakdown by sex,Gaza Strip,Craft and related trades workers,
2001,Both sexes or no breakdown by sex,Gaza Strip,Craft and related trades workers,
2002,Both sexes or no breakdown by sex,Gaza Strip,Craft and related trades workers,
2003,Both sexes or no breakdown by sex,Gaza Strip,Craft and related trades workers,
2004,Both sexes or no breakdown by sex,Gaza Strip,Craft and related trades workers,
2005,Both sexes or no breakdown by sex,Gaza Strip,Craft and related trades workers,
2006,Both sexes or no breakdown by sex,Gaza Strip,Craft and related trades workers,
2007,Both sexes or no breakdown by sex,Gaza Strip,Craft and related trades workers,
2008,Both sexes or no breakdown by sex,Gaza Strip,Craft and related trades workers,
2009,Both sexes or no breakdown by sex,Gaza Strip,Craft and related trades workers,
2010,Both sexes or no breakdown by sex,Gaza Strip,Craft and related trades workers,
2011,Both sexes or no breakdown by sex,Gaza Strip,Craft and related trades workers,
2012,Both sexes or no breakdown by sex,Gaza Strip,Craft and related trades workers,
2013,Both sexes or no breakdown by sex,Gaza Strip,Craft and related trades workers,
2014,Both sexes or no breakdown by sex,Gaza Strip,Craft and related trades workers,
2015,Both sexes or no breakdown by sex,Gaza Strip,Craft and related trades workers,
2016,Both sexes or no breakdown by sex,Gaza Strip,Craft and related trades workers,
2017,Both sexes or no breakdown by sex,Gaza Strip,Craft and related trades workers,
2018,Both sexes or no breakdown by sex,Gaza Strip,Craft and related trades workers,
2000,Both sexes or no breakdown by sex,Gaza Strip,"Plant and machine operators, and assemblers",
2001,Both sexes or no breakdown by sex,Gaza Strip,"Plant and machine operators, and assemblers",
2002,Both sexes or no breakdown by sex,Gaza Strip,"Plant and machine operators, and assemblers",
2003,Both sexes or no breakdown by sex,Gaza Strip,"Plant and machine operators, and assemblers",
2004,Both sexes or no breakdown by sex,Gaza Strip,"Plant and machine operators, and assemblers",
2005,Both sexes or no breakdown by sex,Gaza Strip,"Plant and machine operators, and assemblers",
2006,Both sexes or no breakdown by sex,Gaza Strip,"Plant and machine operators, and assemblers",
2007,Both sexes or no breakdown by sex,Gaza Strip,"Plant and machine operators, and assemblers",
2008,Both sexes or no breakdown by sex,Gaza Strip,"Plant and machine operators, and assemblers",
2009,Both sexes or no breakdown by sex,Gaza Strip,"Plant and machine operators, and assemblers",
2010,Both sexes or no breakdown by sex,Gaza Strip,"Plant and machine operators, and assemblers",
2011,Both sexes or no breakdown by sex,Gaza Strip,"Plant and machine operators, and assemblers",
2012,Both sexes or no breakdown by sex,Gaza Strip,"Plant and machine operators, and assemblers",
2013,Both sexes or no breakdown by sex,Gaza Strip,"Plant and machine operators, and assemblers",
2014,Both sexes or no breakdown by sex,Gaza Strip,"Plant and machine operators, and assemblers",
2015,Both sexes or no breakdown by sex,Gaza Strip,"Plant and machine operators, and assemblers",
2016,Both sexes or no breakdown by sex,Gaza Strip,"Plant and machine operators, and assemblers",
2017,Both sexes or no breakdown by sex,Gaza Strip,"Plant and machine operators, and assemblers",
2018,Both sexes or no breakdown by sex,Gaza Strip,"Plant and machine operators, and assemblers",
2000,Both sexes or no breakdown by sex,Gaza Strip,Elementary occupations,
2001,Both sexes or no breakdown by sex,Gaza Strip,Elementary occupations,
2002,Both sexes or no breakdown by sex,Gaza Strip,Elementary occupations,
2003,Both sexes or no breakdown by sex,Gaza Strip,Elementary occupations,
2004,Both sexes or no breakdown by sex,Gaza Strip,Elementary occupations,
2005,Both sexes or no breakdown by sex,Gaza Strip,Elementary occupations,
2006,Both sexes or no breakdown by sex,Gaza Strip,Elementary occupations,
2007,Both sexes or no breakdown by sex,Gaza Strip,Elementary occupations,
2008,Both sexes or no breakdown by sex,Gaza Strip,Elementary occupations,
2009,Both sexes or no breakdown by sex,Gaza Strip,Elementary occupations,
2010,Both sexes or no breakdown by sex,Gaza Strip,Elementary occupations,
2011,Both sexes or no breakdown by sex,Gaza Strip,Elementary occupations,
2012,Both sexes or no breakdown by sex,Gaza Strip,Elementary occupations,
2013,Both sexes or no breakdown by sex,Gaza Strip,Elementary occupations,
2014,Both sexes or no breakdown by sex,Gaza Strip,Elementary occupations,
2015,Both sexes or no breakdown by sex,Gaza Strip,Elementary occupations,
2016,Both sexes or no breakdown by sex,Gaza Strip,Elementary occupations,
2017,Both sexes or no breakdown by sex,Gaza Strip,Elementary occupations,
2018,Both sexes or no breakdown by sex,Gaza Strip,Elementary occupations,
2000,Both sexes or no breakdown by sex,Gaza Strip,"Legislators, senior officials and managers",
2001,Both sexes or no breakdown by sex,Gaza Strip,"Legislators, senior officials and managers",
2002,Both sexes or no breakdown by sex,Gaza Strip,"Legislators, senior officials and managers",
2003,Both sexes or no breakdown by sex,Gaza Strip,"Legislators, senior officials and managers",
2004,Both sexes or no breakdown by sex,Gaza Strip,"Legislators, senior officials and managers",
2005,Both sexes or no breakdown by sex,Gaza Strip,"Legislators, senior officials and managers",
2006,Both sexes or no breakdown by sex,Gaza Strip,"Legislators, senior officials and managers",
2007,Both sexes or no breakdown by sex,Gaza Strip,"Legislators, senior officials and managers",
2008,Both sexes or no breakdown by sex,Gaza Strip,"Legislators, senior officials and managers",
2009,Both sexes or no breakdown by sex,Gaza Strip,"Legislators, senior officials and managers",
2010,Both sexes or no breakdown by sex,Gaza Strip,"Legislators, senior officials and managers",
2011,Both sexes or no breakdown by sex,Gaza Strip,"Legislators, senior officials and managers",
2012,Both sexes or no breakdown by sex,Gaza Strip,"Legislators, senior officials and managers",
2013,Both sexes or no breakdown by sex,Gaza Strip,"Legislators, senior officials and managers",
2014,Both sexes or no breakdown by sex,Gaza Strip,"Legislators, senior officials and managers",
2015,Both sexes or no breakdown by sex,Gaza Strip,"Legislators, senior officials and managers",
2016,Both sexes or no breakdown by sex,Gaza Strip,"Legislators, senior officials and managers",
2017,Both sexes or no breakdown by sex,Gaza Strip,"Legislators, senior officials and managers",
2018,Both sexes or no breakdown by sex,Gaza Strip,"Legislators, senior officials and managers",
2000,Both sexes or no breakdown by sex,Palestine,Total or no breakdown by Occupation,76.6
2001,Both sexes or no breakdown by sex,Palestine,Total or no breakdown by Occupation,71.9
2002,Both sexes or no breakdown by sex,Palestine,Total or no breakdown by Occupation,72.6
2003,Both sexes or no breakdown by sex,Palestine,Total or no breakdown by Occupation,72.2
2004,Both sexes or no breakdown by sex,Palestine,Total or no breakdown by Occupation,73.8
2005,Both sexes or no breakdown by sex,Palestine,Total or no breakdown by Occupation,77.0
2006,Both sexes or no breakdown by sex,Palestine,Total or no breakdown by Occupation,81.5
2007,Both sexes or no breakdown by sex,Palestine,Total or no breakdown by Occupation,81.9
2008,Both sexes or no breakdown by sex,Palestine,Total or no breakdown by Occupation,87.6
2009,Both sexes or no breakdown by sex,Palestine,Total or no breakdown by Occupation,91.1
2010,Both sexes or no breakdown by sex,Palestine,Total or no breakdown by Occupation,91.8
2011,Both sexes or no breakdown by sex,Palestine,Total or no breakdown by Occupation,91.7
2012,Both sexes or no breakdown by sex,Palestine,Total or no breakdown by Occupation,92.9
2013,Both sexes or no breakdown by sex,Palestine,Total or no breakdown by Occupation,97.2
2014,Both sexes or no breakdown by sex,Palestine,Total or no breakdown by Occupation,101.8
2015,Both sexes or no breakdown by sex,Palestine,Total or no breakdown by Occupation,103.7
2016,Both sexes or no breakdown by sex,Palestine,Total or no breakdown by Occupation,109.0
2017,Both sexes or no breakdown by sex,Palestine,Total or no breakdown by Occupation,113.7
2018,Both sexes or no breakdown by sex,Palestine,Total or no breakdown by Occupation,123.0
2000,Both sexes or no breakdown by sex,Palestine,Technicians and associate professionals,71.9
2001,Both sexes or no breakdown by sex,Palestine,Technicians and associate professionals,72.2
2002,Both sexes or no breakdown by sex,Palestine,Technicians and associate professionals,73.4
2003,Both sexes or no breakdown by sex,Palestine,Technicians and associate professionals,74.8
2004,Both sexes or no breakdown by sex,Palestine,Technicians and associate professionals,78.5
2005,Both sexes or no breakdown by sex,Palestine,Technicians and associate professionals,82.5
2006,Both sexes or no breakdown by sex,Palestine,Technicians and associate professionals,90.3
2007,Both sexes or no breakdown by sex,Palestine,Technicians and associate professionals,88.4
2008,Both sexes or no breakdown by sex,Palestine,Technicians and associate professionals,89.63
2009,Both sexes or no breakdown by sex,Palestine,Technicians and associate professionals,94.54
2010,Both sexes or no breakdown by sex,Palestine,Technicians and associate professionals,95.15
2011,Both sexes or no breakdown by sex,Palestine,Technicians and associate professionals,98.21
2012,Both sexes or no breakdown by sex,Palestine,Technicians and associate professionals,98.56
2013,Both sexes or no breakdown by sex,Palestine,Technicians and associate professionals,98.2
2014,Both sexes or no breakdown by sex,Palestine,Technicians and associate professionals,98.97
2015,Both sexes or no breakdown by sex,Palestine,Technicians and associate professionals,102.66
2016,Both sexes or no breakdown by sex,Palestine,Technicians and associate professionals,104.57
2017,Both sexes or no breakdown by sex,Palestine,Technicians and associate professionals,107.71
2018,Both sexes or no breakdown by sex,Palestine,Technicians and associate professionals,112.78
2000,Both sexes or no breakdown by sex,Palestine,Service and sales workers,57.9
2001,Both sexes or no breakdown by sex,Palestine,Service and sales workers,54.4
2002,Both sexes or no breakdown by sex,Palestine,Service and sales workers,54.6
2003,Both sexes or no breakdown by sex,Palestine,Service and sales workers,55.0
2004,Both sexes or no breakdown by sex,Palestine,Service and sales workers,54.8
2005,Both sexes or no breakdown by sex,Palestine,Service and sales workers,59.5
2006,Both sexes or no breakdown by sex,Palestine,Service and sales workers,66.9
2007,Both sexes or no breakdown by sex,Palestine,Service and sales workers,66.1
2008,Both sexes or no breakdown by sex,Palestine,Service and sales workers,70.72
2009,Both sexes or no breakdown by sex,Palestine,Service and sales workers,68.97
2010,Both sexes or no breakdown by sex,Palestine,Service and sales workers,71.88
2011,Both sexes or no breakdown by sex,Palestine,Service and sales workers,68.73
2012,Both sexes or no breakdown by sex,Palestine,Service and sales workers,67.3
2013,Both sexes or no breakdown by sex,Palestine,Service and sales workers,69.59
2014,Both sexes or no breakdown by sex,Palestine,Service and sales workers,69.55
2015,Both sexes or no breakdown by sex,Palestine,Service and sales workers,69.06
2016,Both sexes or no breakdown by sex,Palestine,Service and sales workers,71.23
2017,Both sexes or no breakdown by sex,Palestine,Service and sales workers,74.65
2018,Both sexes or no breakdown by sex,Palestine,Service and sales workers,79.2
2000,Both sexes or no breakdown by sex,Palestine,"Skilled agricultural, forestry and fishery workers",68.1
2001,Both sexes or no breakdown by sex,Palestine,"Skilled agricultural, forestry and fishery workers",55.0
2002,Both sexes or no breakdown by sex,Palestine,"Skilled agricultural, forestry and fishery workers",58.5
2003,Both sexes or no breakdown by sex,Palestine,"Skilled agricultural, forestry and fishery workers",45.3
2004,Both sexes or no breakdown by sex,Palestine,"Skilled agricultural, forestry and fishery workers",48.0
2005,Both sexes or no breakdown by sex,Palestine,"Skilled agricultural, forestry and fishery workers",50.1
2006,Both sexes or no breakdown by sex,Palestine,"Skilled agricultural, forestry and fishery workers",50.8
2007,Both sexes or no breakdown by sex,Palestine,"Skilled agricultural, forestry and fishery workers",54.7
2008,Both sexes or no breakdown by sex,Palestine,"Skilled agricultural, forestry and fishery workers",54.54
2009,Both sexes or no breakdown by sex,Palestine,"Skilled agricultural, forestry and fishery workers",65.17
2010,Both sexes or no breakdown by sex,Palestine,"Skilled agricultural, forestry and fishery workers",64.2
2011,Both sexes or no breakdown by sex,Palestine,"Skilled agricultural, forestry and fishery workers",68.7
2012,Both sexes or no breakdown by sex,Palestine,"Skilled agricultural, forestry and fishery workers",70.4
2013,Both sexes or no breakdown by sex,Palestine,"Skilled agricultural, forestry and fishery workers",99.88
2014,Both sexes or no breakdown by sex,Palestine,"Skilled agricultural, forestry and fishery workers",82.36
2015,Both sexes or no breakdown by sex,Palestine,"Skilled agricultural, forestry and fishery workers",116.24
2016,Both sexes or no breakdown by sex,Palestine,"Skilled agricultural, forestry and fishery workers",99.06
2017,Both sexes or no breakdown by sex,Palestine,"Skilled agricultural, forestry and fishery workers",92.87
2018,Both sexes or no breakdown by sex,Palestine,"Skilled agricultural, forestry and fishery workers",81.47
2000,Both sexes or no breakdown by sex,Palestine,Craft and related trades workers,89.8
2001,Both sexes or no breakdown by sex,Palestine,Craft and related trades workers,82.4
2002,Both sexes or no breakdown by sex,Palestine,Craft and related trades workers,85.1
2003,Both sexes or no breakdown by sex,Palestine,Craft and related trades workers,83.5
2004,Both sexes or no breakdown by sex,Palestine,Craft and related trades workers,80.4
2005,Both sexes or no breakdown by sex,Palestine,Craft and related trades workers,87.5
2006,Both sexes or no breakdown by sex,Palestine,Craft and related trades workers,91.7
2007,Both sexes or no breakdown by sex,Palestine,Craft and related trades workers,90.3
2008,Both sexes or no breakdown by sex,Palestine,Craft and related trades workers,103.19
2009,Both sexes or no breakdown by sex,Palestine,Craft and related trades workers,103.2
2010,Both sexes or no breakdown by sex,Palestine,Craft and related trades workers,105.59
2011,Both sexes or no breakdown by sex,Palestine,Craft and related trades workers,104.75
2012,Both sexes or no breakdown by sex,Palestine,Craft and related trades workers,111.25
2013,Both sexes or no breakdown by sex,Palestine,Craft and related trades workers,130.49
2014,Both sexes or no breakdown by sex,Palestine,Craft and related trades workers,141.95
2015,Both sexes or no breakdown by sex,Palestine,Craft and related trades workers,144.27
2016,Both sexes or no breakdown by sex,Palestine,Craft and related trades workers,156.63
2017,Both sexes or no breakdown by sex,Palestine,Craft and related trades workers,167.9
2018,Both sexes or no breakdown by sex,Palestine,Craft and related trades workers,182.24
2000,Both sexes or no breakdown by sex,Palestine,"Plant and machine operators, and assemblers",77.4
2001,Both sexes or no breakdown by sex,Palestine,"Plant and machine operators, and assemblers",70.7
2002,Both sexes or no breakdown by sex,Palestine,"Plant and machine operators, and assemblers",72.4
2003,Both sexes or no breakdown by sex,Palestine,"Plant and machine operators, and assemblers",70.4
2004,Both sexes or no breakdown by sex,Palestine,"Plant and machine operators, and assemblers",74.5
2005,Both sexes or no breakdown by sex,Palestine,"Plant and machine operators, and assemblers",78.2
2006,Both sexes or no breakdown by sex,Palestine,"Plant and machine operators, and assemblers",77.8
2007,Both sexes or no breakdown by sex,Palestine,"Plant and machine operators, and assemblers",75.4
2008,Both sexes or no breakdown by sex,Palestine,"Plant and machine operators, and assemblers",82.97
2009,Both sexes or no breakdown by sex,Palestine,"Plant and machine operators, and assemblers",88.51
2010,Both sexes or no breakdown by sex,Palestine,"Plant and machine operators, and assemblers",91.96
2011,Both sexes or no breakdown by sex,Palestine,"Plant and machine operators, and assemblers",94.74
2012,Both sexes or no breakdown by sex,Palestine,"Plant and machine operators, and assemblers",85.18
2013,Both sexes or no breakdown by sex,Palestine,"Plant and machine operators, and assemblers",85.78
2014,Both sexes or no breakdown by sex,Palestine,"Plant and machine operators, and assemblers",85.99
2015,Both sexes or no breakdown by sex,Palestine,"Plant and machine operators, and assemblers",82.61
2016,Both sexes or no breakdown by sex,Palestine,"Plant and machine operators, and assemblers",86.91
2017,Both sexes or no breakdown by sex,Palestine,"Plant and machine operators, and assemblers",94.76
2018,Both sexes or no breakdown by sex,Palestine,"Plant and machine operators, and assemblers",102.11
2000,Both sexes or no breakdown by sex,Palestine,Elementary occupations,76.1
2001,Both sexes or no breakdown by sex,Palestine,Elementary occupations,70.4
2002,Both sexes or no breakdown by sex,Palestine,Elementary occupations,66.3
2003,Both sexes or no breakdown by sex,Palestine,Elementary occupations,62.3
2004,Both sexes or no breakdown by sex,Palestine,Elementary occupations,64.7
2005,Both sexes or no breakdown by sex,Palestine,Elementary occupations,66.7
2006,Both sexes or no breakdown by sex,Palestine,Elementary occupations,68.8
2007,Both sexes or no breakdown by sex,Palestine,Elementary occupations,73.3
2008,Both sexes or no breakdown by sex,Palestine,Elementary occupations,79.96
2009,Both sexes or no breakdown by sex,Palestine,Elementary occupations,84.68
2010,Both sexes or no breakdown by sex,Palestine,Elementary occupations,82.58
2011,Both sexes or no breakdown by sex,Palestine,Elementary occupations,81.34
2012,Both sexes or no breakdown by sex,Palestine,Elementary occupations,80.53
2013,Both sexes or no breakdown by sex,Palestine,Elementary occupations,81.7
2014,Both sexes or no breakdown by sex,Palestine,Elementary occupations,90.9
2015,Both sexes or no breakdown by sex,Palestine,Elementary occupations,93.01
2016,Both sexes or no breakdown by sex,Palestine,Elementary occupations,98.16
2017,Both sexes or no breakdown by sex,Palestine,Elementary occupations,101.49
2018,Both sexes or no breakdown by sex,Palestine,Elementary occupations,114.66
2000,Both sexes or no breakdown by sex,Palestine,"Legislators, senior officials and managers",119.4
2001,Both sexes or no breakdown by sex,Palestine,"Legislators, senior officials and managers",112.4
2002,Both sexes or no breakdown by sex,Palestine,"Legislators, senior officials and managers",126.7
2003,Both sexes or no breakdown by sex,Palestine,"Legislators, senior officials and managers",127.3
2004,Both sexes or no breakdown by sex,Palestine,"Legislators, senior officials and managers",134.7
2005,Both sexes or no breakdown by sex,Palestine,"Legislators, senior officials and managers",132.5
2006,Both sexes or no breakdown by sex,Palestine,"Legislators, senior officials and managers",134.1
2007,Both sexes or no breakdown by sex,Palestine,"Legislators, senior officials and managers",140.1
2008,Both sexes or no breakdown by sex,Palestine,"Legislators, senior officials and managers",149.01
2009,Both sexes or no breakdown by sex,Palestine,"Legislators, senior officials and managers",150.07
2010,Both sexes or no breakdown by sex,Palestine,"Legislators, senior officials and managers",157.3
2011,Both sexes or no breakdown by sex,Palestine,"Legislators, senior officials and managers",157.71
2012,Both sexes or no breakdown by sex,Palestine,"Legislators, senior officials and managers",160.12
2013,Both sexes or no breakdown by sex,Palestine,"Legislators, senior officials and managers",158.07
2014,Both sexes or no breakdown by sex,Palestine,"Legislators, senior officials and managers",179.2
2015,Both sexes or no breakdown by sex,Palestine,"Legislators, senior officials and managers",176.56
2016,Both sexes or no breakdown by sex,Palestine,"Legislators, senior officials and managers",177.7
2017,Both sexes or no breakdown by sex,Palestine,"Legislators, senior officials and managers",181.45
2018,Both sexes or no breakdown by sex,Palestine,"Legislators, senior officials and managers",185.95
