Year,SEX,REF_AREA,AGE,TIME_DETAIL,SERIES,UNIT_MEASURE,Value
2000,M,West Bank,_T,2000,SL_TLF_CHLDEC,PT,
2001,M,West Bank,_T,2001,SL_TLF_CHLDEC,PT,
2002,M,West Bank,_T,2002,SL_TLF_CHLDEC,PT,
2003,M,West Bank,_T,2003,SL_TLF_CHLDEC,PT,
2004,M,West Bank,_T,2004,SL_TLF_CHLDEC,PT,
2005,M,West Bank,_T,2005,SL_TLF_CHLDEC,PT,
2006,M,West Bank,_T,2006,SL_TLF_CHLDEC,PT,
2007,M,West Bank,_T,2007,SL_TLF_CHLDEC,PT,
2008,M,West Bank,_T,2008,SL_TLF_CHLDEC,PT,
2009,M,West Bank,_T,2009,SL_TLF_CHLDEC,PT,
2010,M,West Bank,_T,2010,SL_TLF_CHLDEC,PT,
2011,M,West Bank,_T,2011,SL_TLF_CHLDEC,PT,
2012,M,West Bank,_T,2012,SL_TLF_CHLDEC,PT,
2013,M,West Bank,_T,2013,SL_TLF_CHLDEC,PT,
2014,M,West Bank,_T,2014,SL_TLF_CHLDEC,PT,
2015,M,West Bank,_T,2015,SL_TLF_CHLDEC,PT,
2016,M,West Bank,_T,2016,SL_TLF_CHLDEC,PT,
2017,M,West Bank,_T,2017,SL_TLF_CHLDEC,PT,
2018,M,West Bank,_T,2018,SL_TLF_CHLDEC,PT,
2000,M,West Bank,Y10T14,2000,SL_TLF_CHLDEC,PT,
2001,M,West Bank,Y10T14,2001,SL_TLF_CHLDEC,PT,
2002,M,West Bank,Y10T14,2002,SL_TLF_CHLDEC,PT,
2003,M,West Bank,Y10T14,2003,SL_TLF_CHLDEC,PT,
2004,M,West Bank,Y10T14,2004,SL_TLF_CHLDEC,PT,
2005,M,West Bank,Y10T14,2005,SL_TLF_CHLDEC,PT,
2006,M,West Bank,Y10T14,2006,SL_TLF_CHLDEC,PT,
2007,M,West Bank,Y10T14,2007,SL_TLF_CHLDEC,PT,
2008,M,West Bank,Y10T14,2008,SL_TLF_CHLDEC,PT,
2009,M,West Bank,Y10T14,2009,SL_TLF_CHLDEC,PT,
2010,M,West Bank,Y10T14,2010,SL_TLF_CHLDEC,PT,
2011,M,West Bank,Y10T14,2011,SL_TLF_CHLDEC,PT,
2012,M,West Bank,Y10T14,2012,SL_TLF_CHLDEC,PT,
2013,M,West Bank,Y10T14,2013,SL_TLF_CHLDEC,PT,
2014,M,West Bank,Y10T14,2014,SL_TLF_CHLDEC,PT,
2015,M,West Bank,Y10T14,2015,SL_TLF_CHLDEC,PT,
2016,M,West Bank,Y10T14,2016,SL_TLF_CHLDEC,PT,
2017,M,West Bank,Y10T14,2017,SL_TLF_CHLDEC,PT,
2018,M,West Bank,Y10T14,2018,SL_TLF_CHLDEC,PT,
2000,M,West Bank,Y10T17,2000,SL_TLF_CHLDEC,PT,
2001,M,West Bank,Y10T17,2001,SL_TLF_CHLDEC,PT,
2002,M,West Bank,Y10T17,2002,SL_TLF_CHLDEC,PT,
2003,M,West Bank,Y10T17,2003,SL_TLF_CHLDEC,PT,
2004,M,West Bank,Y10T17,2004,SL_TLF_CHLDEC,PT,
2005,M,West Bank,Y10T17,2005,SL_TLF_CHLDEC,PT,
2006,M,West Bank,Y10T17,2006,SL_TLF_CHLDEC,PT,
2007,M,West Bank,Y10T17,2007,SL_TLF_CHLDEC,PT,
2008,M,West Bank,Y10T17,2008,SL_TLF_CHLDEC,PT,
2009,M,West Bank,Y10T17,2009,SL_TLF_CHLDEC,PT,
2010,M,West Bank,Y10T17,2010,SL_TLF_CHLDEC,PT,
2011,M,West Bank,Y10T17,2011,SL_TLF_CHLDEC,PT,
2012,M,West Bank,Y10T17,2012,SL_TLF_CHLDEC,PT,
2013,M,West Bank,Y10T17,2013,SL_TLF_CHLDEC,PT,
2014,M,West Bank,Y10T17,2014,SL_TLF_CHLDEC,PT,
2015,M,West Bank,Y10T17,2015,SL_TLF_CHLDEC,PT,
2016,M,West Bank,Y10T17,2016,SL_TLF_CHLDEC,PT,
2017,M,West Bank,Y10T17,2017,SL_TLF_CHLDEC,PT,
2018,M,West Bank,Y10T17,2018,SL_TLF_CHLDEC,PT,
2000,M,West Bank,Y15T17,2000,SL_TLF_CHLDEC,PT,
2001,M,West Bank,Y15T17,2001,SL_TLF_CHLDEC,PT,
2002,M,West Bank,Y15T17,2002,SL_TLF_CHLDEC,PT,
2003,M,West Bank,Y15T17,2003,SL_TLF_CHLDEC,PT,
2004,M,West Bank,Y15T17,2004,SL_TLF_CHLDEC,PT,
2005,M,West Bank,Y15T17,2005,SL_TLF_CHLDEC,PT,
2006,M,West Bank,Y15T17,2006,SL_TLF_CHLDEC,PT,
2007,M,West Bank,Y15T17,2007,SL_TLF_CHLDEC,PT,
2008,M,West Bank,Y15T17,2008,SL_TLF_CHLDEC,PT,
2009,M,West Bank,Y15T17,2009,SL_TLF_CHLDEC,PT,
2010,M,West Bank,Y15T17,2010,SL_TLF_CHLDEC,PT,
2011,M,West Bank,Y15T17,2011,SL_TLF_CHLDEC,PT,
2012,M,West Bank,Y15T17,2012,SL_TLF_CHLDEC,PT,
2013,M,West Bank,Y15T17,2013,SL_TLF_CHLDEC,PT,
2014,M,West Bank,Y15T17,2014,SL_TLF_CHLDEC,PT,
2015,M,West Bank,Y15T17,2015,SL_TLF_CHLDEC,PT,
2016,M,West Bank,Y15T17,2016,SL_TLF_CHLDEC,PT,
2017,M,West Bank,Y15T17,2017,SL_TLF_CHLDEC,PT,
2018,M,West Bank,Y15T17,2018,SL_TLF_CHLDEC,PT,
2000,M,Gaza Strip,_T,2000,SL_TLF_CHLDEC,PT,
2001,M,Gaza Strip,_T,2001,SL_TLF_CHLDEC,PT,
2002,M,Gaza Strip,_T,2002,SL_TLF_CHLDEC,PT,
2003,M,Gaza Strip,_T,2003,SL_TLF_CHLDEC,PT,
2004,M,Gaza Strip,_T,2004,SL_TLF_CHLDEC,PT,
2005,M,Gaza Strip,_T,2005,SL_TLF_CHLDEC,PT,
2006,M,Gaza Strip,_T,2006,SL_TLF_CHLDEC,PT,
2007,M,Gaza Strip,_T,2007,SL_TLF_CHLDEC,PT,
2008,M,Gaza Strip,_T,2008,SL_TLF_CHLDEC,PT,
2009,M,Gaza Strip,_T,2009,SL_TLF_CHLDEC,PT,
2010,M,Gaza Strip,_T,2010,SL_TLF_CHLDEC,PT,
2011,M,Gaza Strip,_T,2011,SL_TLF_CHLDEC,PT,
2012,M,Gaza Strip,_T,2012,SL_TLF_CHLDEC,PT,
2013,M,Gaza Strip,_T,2013,SL_TLF_CHLDEC,PT,
2014,M,Gaza Strip,_T,2014,SL_TLF_CHLDEC,PT,
2015,M,Gaza Strip,_T,2015,SL_TLF_CHLDEC,PT,
2016,M,Gaza Strip,_T,2016,SL_TLF_CHLDEC,PT,
2017,M,Gaza Strip,_T,2017,SL_TLF_CHLDEC,PT,
2018,M,Gaza Strip,_T,2018,SL_TLF_CHLDEC,PT,
2000,M,Gaza Strip,Y10T14,2000,SL_TLF_CHLDEC,PT,
2001,M,Gaza Strip,Y10T14,2001,SL_TLF_CHLDEC,PT,
2002,M,Gaza Strip,Y10T14,2002,SL_TLF_CHLDEC,PT,
2003,M,Gaza Strip,Y10T14,2003,SL_TLF_CHLDEC,PT,
2004,M,Gaza Strip,Y10T14,2004,SL_TLF_CHLDEC,PT,
2005,M,Gaza Strip,Y10T14,2005,SL_TLF_CHLDEC,PT,
2006,M,Gaza Strip,Y10T14,2006,SL_TLF_CHLDEC,PT,
2007,M,Gaza Strip,Y10T14,2007,SL_TLF_CHLDEC,PT,
2008,M,Gaza Strip,Y10T14,2008,SL_TLF_CHLDEC,PT,
2009,M,Gaza Strip,Y10T14,2009,SL_TLF_CHLDEC,PT,
2010,M,Gaza Strip,Y10T14,2010,SL_TLF_CHLDEC,PT,
2011,M,Gaza Strip,Y10T14,2011,SL_TLF_CHLDEC,PT,
2012,M,Gaza Strip,Y10T14,2012,SL_TLF_CHLDEC,PT,
2013,M,Gaza Strip,Y10T14,2013,SL_TLF_CHLDEC,PT,
2014,M,Gaza Strip,Y10T14,2014,SL_TLF_CHLDEC,PT,
2015,M,Gaza Strip,Y10T14,2015,SL_TLF_CHLDEC,PT,
2016,M,Gaza Strip,Y10T14,2016,SL_TLF_CHLDEC,PT,
2017,M,Gaza Strip,Y10T14,2017,SL_TLF_CHLDEC,PT,
2018,M,Gaza Strip,Y10T14,2018,SL_TLF_CHLDEC,PT,
2000,M,Gaza Strip,Y10T17,2000,SL_TLF_CHLDEC,PT,
2001,M,Gaza Strip,Y10T17,2001,SL_TLF_CHLDEC,PT,
2002,M,Gaza Strip,Y10T17,2002,SL_TLF_CHLDEC,PT,
2003,M,Gaza Strip,Y10T17,2003,SL_TLF_CHLDEC,PT,
2004,M,Gaza Strip,Y10T17,2004,SL_TLF_CHLDEC,PT,
2005,M,Gaza Strip,Y10T17,2005,SL_TLF_CHLDEC,PT,
2006,M,Gaza Strip,Y10T17,2006,SL_TLF_CHLDEC,PT,
2007,M,Gaza Strip,Y10T17,2007,SL_TLF_CHLDEC,PT,
2008,M,Gaza Strip,Y10T17,2008,SL_TLF_CHLDEC,PT,
2009,M,Gaza Strip,Y10T17,2009,SL_TLF_CHLDEC,PT,
2010,M,Gaza Strip,Y10T17,2010,SL_TLF_CHLDEC,PT,
2011,M,Gaza Strip,Y10T17,2011,SL_TLF_CHLDEC,PT,
2012,M,Gaza Strip,Y10T17,2012,SL_TLF_CHLDEC,PT,
2013,M,Gaza Strip,Y10T17,2013,SL_TLF_CHLDEC,PT,
2014,M,Gaza Strip,Y10T17,2014,SL_TLF_CHLDEC,PT,
2015,M,Gaza Strip,Y10T17,2015,SL_TLF_CHLDEC,PT,
2016,M,Gaza Strip,Y10T17,2016,SL_TLF_CHLDEC,PT,
2017,M,Gaza Strip,Y10T17,2017,SL_TLF_CHLDEC,PT,
2018,M,Gaza Strip,Y10T17,2018,SL_TLF_CHLDEC,PT,
2000,M,Gaza Strip,Y15T17,2000,SL_TLF_CHLDEC,PT,
2001,M,Gaza Strip,Y15T17,2001,SL_TLF_CHLDEC,PT,
2002,M,Gaza Strip,Y15T17,2002,SL_TLF_CHLDEC,PT,
2003,M,Gaza Strip,Y15T17,2003,SL_TLF_CHLDEC,PT,
2004,M,Gaza Strip,Y15T17,2004,SL_TLF_CHLDEC,PT,
2005,M,Gaza Strip,Y15T17,2005,SL_TLF_CHLDEC,PT,
2006,M,Gaza Strip,Y15T17,2006,SL_TLF_CHLDEC,PT,
2007,M,Gaza Strip,Y15T17,2007,SL_TLF_CHLDEC,PT,
2008,M,Gaza Strip,Y15T17,2008,SL_TLF_CHLDEC,PT,
2009,M,Gaza Strip,Y15T17,2009,SL_TLF_CHLDEC,PT,
2010,M,Gaza Strip,Y15T17,2010,SL_TLF_CHLDEC,PT,
2011,M,Gaza Strip,Y15T17,2011,SL_TLF_CHLDEC,PT,
2012,M,Gaza Strip,Y15T17,2012,SL_TLF_CHLDEC,PT,
2013,M,Gaza Strip,Y15T17,2013,SL_TLF_CHLDEC,PT,
2014,M,Gaza Strip,Y15T17,2014,SL_TLF_CHLDEC,PT,
2015,M,Gaza Strip,Y15T17,2015,SL_TLF_CHLDEC,PT,
2016,M,Gaza Strip,Y15T17,2016,SL_TLF_CHLDEC,PT,
2017,M,Gaza Strip,Y15T17,2017,SL_TLF_CHLDEC,PT,
2018,M,Gaza Strip,Y15T17,2018,SL_TLF_CHLDEC,PT,
2000,M,PS,_T,2000,SL_TLF_CHLDEC,PT,7.9
2001,M,PS,_T,2001,SL_TLF_CHLDEC,PT,4.2
2002,M,PS,_T,2002,SL_TLF_CHLDEC,PT,2.9
2003,M,PS,_T,2003,SL_TLF_CHLDEC,PT,4.7
2004,M,PS,_T,2004,SL_TLF_CHLDEC,PT,4.1
2005,M,PS,_T,2005,SL_TLF_CHLDEC,PT,5.2
2006,M,PS,_T,2006,SL_TLF_CHLDEC,PT,7.4
2007,M,PS,_T,2007,SL_TLF_CHLDEC,PT,7.8
2008,M,PS,_T,2008,SL_TLF_CHLDEC,PT,6.4
2009,M,PS,_T,2009,SL_TLF_CHLDEC,PT,6.4
2010,M,PS,_T,2010,SL_TLF_CHLDEC,PT,6.2
2011,M,PS,_T,2011,SL_TLF_CHLDEC,PT,7.4
2012,M,PS,_T,2012,SL_TLF_CHLDEC,PT,7.4
2013,M,PS,_T,2013,SL_TLF_CHLDEC,PT,6.4
2014,M,PS,_T,2014,SL_TLF_CHLDEC,PT,6.8
2015,M,PS,_T,2015,SL_TLF_CHLDEC,PT,8.3
2016,M,PS,_T,2016,SL_TLF_CHLDEC,PT,7.3
2017,M,PS,_T,2017,SL_TLF_CHLDEC,PT,6.6
2018,M,PS,_T,2018,SL_TLF_CHLDEC,PT,
2000,M,PS,Y10T14,2000,SL_TLF_CHLDEC,PT,
2001,M,PS,Y10T14,2001,SL_TLF_CHLDEC,PT,
2002,M,PS,Y10T14,2002,SL_TLF_CHLDEC,PT,
2003,M,PS,Y10T14,2003,SL_TLF_CHLDEC,PT,
2004,M,PS,Y10T14,2004,SL_TLF_CHLDEC,PT,
2005,M,PS,Y10T14,2005,SL_TLF_CHLDEC,PT,
2006,M,PS,Y10T14,2006,SL_TLF_CHLDEC,PT,
2007,M,PS,Y10T14,2007,SL_TLF_CHLDEC,PT,
2008,M,PS,Y10T14,2008,SL_TLF_CHLDEC,PT,
2009,M,PS,Y10T14,2009,SL_TLF_CHLDEC,PT,
2010,M,PS,Y10T14,2010,SL_TLF_CHLDEC,PT,
2011,M,PS,Y10T14,2011,SL_TLF_CHLDEC,PT,
2012,M,PS,Y10T14,2012,SL_TLF_CHLDEC,PT,
2013,M,PS,Y10T14,2013,SL_TLF_CHLDEC,PT,
2014,M,PS,Y10T14,2014,SL_TLF_CHLDEC,PT,
2015,M,PS,Y10T14,2015,SL_TLF_CHLDEC,PT,
2016,M,PS,Y10T14,2016,SL_TLF_CHLDEC,PT,
2017,M,PS,Y10T14,2017,SL_TLF_CHLDEC,PT,
2018,M,PS,Y10T14,2018,SL_TLF_CHLDEC,PT,
2000,M,PS,Y10T17,2000,SL_TLF_CHLDEC,PT,7.9
2001,M,PS,Y10T17,2001,SL_TLF_CHLDEC,PT,4.2
2002,M,PS,Y10T17,2002,SL_TLF_CHLDEC,PT,2.9
2003,M,PS,Y10T17,2003,SL_TLF_CHLDEC,PT,4.7
2004,M,PS,Y10T17,2004,SL_TLF_CHLDEC,PT,4.1
2005,M,PS,Y10T17,2005,SL_TLF_CHLDEC,PT,5.2
2006,M,PS,Y10T17,2006,SL_TLF_CHLDEC,PT,7.4
2007,M,PS,Y10T17,2007,SL_TLF_CHLDEC,PT,7.8
2008,M,PS,Y10T17,2008,SL_TLF_CHLDEC,PT,6.4
2009,M,PS,Y10T17,2009,SL_TLF_CHLDEC,PT,6.4
2010,M,PS,Y10T17,2010,SL_TLF_CHLDEC,PT,6.2
2011,M,PS,Y10T17,2011,SL_TLF_CHLDEC,PT,7.4
2012,M,PS,Y10T17,2012,SL_TLF_CHLDEC,PT,7.4
2013,M,PS,Y10T17,2013,SL_TLF_CHLDEC,PT,6.4
2014,M,PS,Y10T17,2014,SL_TLF_CHLDEC,PT,6.8
2015,M,PS,Y10T17,2015,SL_TLF_CHLDEC,PT,8.3
2016,M,PS,Y10T17,2016,SL_TLF_CHLDEC,PT,7.3
2017,M,PS,Y10T17,2017,SL_TLF_CHLDEC,PT,6.6
2018,M,PS,Y10T17,2018,SL_TLF_CHLDEC,PT,5.5
2000,M,PS,Y15T17,2000,SL_TLF_CHLDEC,PT,
2001,M,PS,Y15T17,2001,SL_TLF_CHLDEC,PT,
2002,M,PS,Y15T17,2002,SL_TLF_CHLDEC,PT,
2003,M,PS,Y15T17,2003,SL_TLF_CHLDEC,PT,
2004,M,PS,Y15T17,2004,SL_TLF_CHLDEC,PT,
2005,M,PS,Y15T17,2005,SL_TLF_CHLDEC,PT,
2006,M,PS,Y15T17,2006,SL_TLF_CHLDEC,PT,
2007,M,PS,Y15T17,2007,SL_TLF_CHLDEC,PT,
2008,M,PS,Y15T17,2008,SL_TLF_CHLDEC,PT,
2009,M,PS,Y15T17,2009,SL_TLF_CHLDEC,PT,
2010,M,PS,Y15T17,2010,SL_TLF_CHLDEC,PT,
2011,M,PS,Y15T17,2011,SL_TLF_CHLDEC,PT,
2012,M,PS,Y15T17,2012,SL_TLF_CHLDEC,PT,
2013,M,PS,Y15T17,2013,SL_TLF_CHLDEC,PT,
2014,M,PS,Y15T17,2014,SL_TLF_CHLDEC,PT,
2015,M,PS,Y15T17,2015,SL_TLF_CHLDEC,PT,
2016,M,PS,Y15T17,2016,SL_TLF_CHLDEC,PT,
2017,M,PS,Y15T17,2017,SL_TLF_CHLDEC,PT,
2018,M,PS,Y15T17,2018,SL_TLF_CHLDEC,PT,
2000,F,West Bank,_T,2000,SL_TLF_CHLDEC,PT,
2001,F,West Bank,_T,2001,SL_TLF_CHLDEC,PT,
2002,F,West Bank,_T,2002,SL_TLF_CHLDEC,PT,
2003,F,West Bank,_T,2003,SL_TLF_CHLDEC,PT,
2004,F,West Bank,_T,2004,SL_TLF_CHLDEC,PT,
2005,F,West Bank,_T,2005,SL_TLF_CHLDEC,PT,
2006,F,West Bank,_T,2006,SL_TLF_CHLDEC,PT,
2007,F,West Bank,_T,2007,SL_TLF_CHLDEC,PT,
2008,F,West Bank,_T,2008,SL_TLF_CHLDEC,PT,
2009,F,West Bank,_T,2009,SL_TLF_CHLDEC,PT,
2010,F,West Bank,_T,2010,SL_TLF_CHLDEC,PT,
2011,F,West Bank,_T,2011,SL_TLF_CHLDEC,PT,
2012,F,West Bank,_T,2012,SL_TLF_CHLDEC,PT,
2013,F,West Bank,_T,2013,SL_TLF_CHLDEC,PT,
2014,F,West Bank,_T,2014,SL_TLF_CHLDEC,PT,
2015,F,West Bank,_T,2015,SL_TLF_CHLDEC,PT,
2016,F,West Bank,_T,2016,SL_TLF_CHLDEC,PT,
2017,F,West Bank,_T,2017,SL_TLF_CHLDEC,PT,
2018,F,West Bank,_T,2018,SL_TLF_CHLDEC,PT,
2000,F,West Bank,Y10T14,2000,SL_TLF_CHLDEC,PT,
2001,F,West Bank,Y10T14,2001,SL_TLF_CHLDEC,PT,
2002,F,West Bank,Y10T14,2002,SL_TLF_CHLDEC,PT,
2003,F,West Bank,Y10T14,2003,SL_TLF_CHLDEC,PT,
2004,F,West Bank,Y10T14,2004,SL_TLF_CHLDEC,PT,
2005,F,West Bank,Y10T14,2005,SL_TLF_CHLDEC,PT,
2006,F,West Bank,Y10T14,2006,SL_TLF_CHLDEC,PT,
2007,F,West Bank,Y10T14,2007,SL_TLF_CHLDEC,PT,
2008,F,West Bank,Y10T14,2008,SL_TLF_CHLDEC,PT,
2009,F,West Bank,Y10T14,2009,SL_TLF_CHLDEC,PT,
2010,F,West Bank,Y10T14,2010,SL_TLF_CHLDEC,PT,
2011,F,West Bank,Y10T14,2011,SL_TLF_CHLDEC,PT,
2012,F,West Bank,Y10T14,2012,SL_TLF_CHLDEC,PT,
2013,F,West Bank,Y10T14,2013,SL_TLF_CHLDEC,PT,
2014,F,West Bank,Y10T14,2014,SL_TLF_CHLDEC,PT,
2015,F,West Bank,Y10T14,2015,SL_TLF_CHLDEC,PT,
2016,F,West Bank,Y10T14,2016,SL_TLF_CHLDEC,PT,
2017,F,West Bank,Y10T14,2017,SL_TLF_CHLDEC,PT,
2018,F,West Bank,Y10T14,2018,SL_TLF_CHLDEC,PT,
2000,F,West Bank,Y10T17,2000,SL_TLF_CHLDEC,PT,
2001,F,West Bank,Y10T17,2001,SL_TLF_CHLDEC,PT,
2002,F,West Bank,Y10T17,2002,SL_TLF_CHLDEC,PT,
2003,F,West Bank,Y10T17,2003,SL_TLF_CHLDEC,PT,
2004,F,West Bank,Y10T17,2004,SL_TLF_CHLDEC,PT,
2005,F,West Bank,Y10T17,2005,SL_TLF_CHLDEC,PT,
2006,F,West Bank,Y10T17,2006,SL_TLF_CHLDEC,PT,
2007,F,West Bank,Y10T17,2007,SL_TLF_CHLDEC,PT,
2008,F,West Bank,Y10T17,2008,SL_TLF_CHLDEC,PT,
2009,F,West Bank,Y10T17,2009,SL_TLF_CHLDEC,PT,
2010,F,West Bank,Y10T17,2010,SL_TLF_CHLDEC,PT,
2011,F,West Bank,Y10T17,2011,SL_TLF_CHLDEC,PT,
2012,F,West Bank,Y10T17,2012,SL_TLF_CHLDEC,PT,
2013,F,West Bank,Y10T17,2013,SL_TLF_CHLDEC,PT,
2014,F,West Bank,Y10T17,2014,SL_TLF_CHLDEC,PT,
2015,F,West Bank,Y10T17,2015,SL_TLF_CHLDEC,PT,
2016,F,West Bank,Y10T17,2016,SL_TLF_CHLDEC,PT,
2017,F,West Bank,Y10T17,2017,SL_TLF_CHLDEC,PT,
2018,F,West Bank,Y10T17,2018,SL_TLF_CHLDEC,PT,
2000,F,West Bank,Y15T17,2000,SL_TLF_CHLDEC,PT,
2001,F,West Bank,Y15T17,2001,SL_TLF_CHLDEC,PT,
2002,F,West Bank,Y15T17,2002,SL_TLF_CHLDEC,PT,
2003,F,West Bank,Y15T17,2003,SL_TLF_CHLDEC,PT,
2004,F,West Bank,Y15T17,2004,SL_TLF_CHLDEC,PT,
2005,F,West Bank,Y15T17,2005,SL_TLF_CHLDEC,PT,
2006,F,West Bank,Y15T17,2006,SL_TLF_CHLDEC,PT,
2007,F,West Bank,Y15T17,2007,SL_TLF_CHLDEC,PT,
2008,F,West Bank,Y15T17,2008,SL_TLF_CHLDEC,PT,
2009,F,West Bank,Y15T17,2009,SL_TLF_CHLDEC,PT,
2010,F,West Bank,Y15T17,2010,SL_TLF_CHLDEC,PT,
2011,F,West Bank,Y15T17,2011,SL_TLF_CHLDEC,PT,
2012,F,West Bank,Y15T17,2012,SL_TLF_CHLDEC,PT,
2013,F,West Bank,Y15T17,2013,SL_TLF_CHLDEC,PT,
2014,F,West Bank,Y15T17,2014,SL_TLF_CHLDEC,PT,
2015,F,West Bank,Y15T17,2015,SL_TLF_CHLDEC,PT,
2016,F,West Bank,Y15T17,2016,SL_TLF_CHLDEC,PT,
2017,F,West Bank,Y15T17,2017,SL_TLF_CHLDEC,PT,
2018,F,West Bank,Y15T17,2018,SL_TLF_CHLDEC,PT,
2000,F,Gaza Strip,_T,2000,SL_TLF_CHLDEC,PT,
2001,F,Gaza Strip,_T,2001,SL_TLF_CHLDEC,PT,
2002,F,Gaza Strip,_T,2002,SL_TLF_CHLDEC,PT,
2003,F,Gaza Strip,_T,2003,SL_TLF_CHLDEC,PT,
2004,F,Gaza Strip,_T,2004,SL_TLF_CHLDEC,PT,
2005,F,Gaza Strip,_T,2005,SL_TLF_CHLDEC,PT,
2006,F,Gaza Strip,_T,2006,SL_TLF_CHLDEC,PT,
2007,F,Gaza Strip,_T,2007,SL_TLF_CHLDEC,PT,
2008,F,Gaza Strip,_T,2008,SL_TLF_CHLDEC,PT,
2009,F,Gaza Strip,_T,2009,SL_TLF_CHLDEC,PT,
2010,F,Gaza Strip,_T,2010,SL_TLF_CHLDEC,PT,
2011,F,Gaza Strip,_T,2011,SL_TLF_CHLDEC,PT,
2012,F,Gaza Strip,_T,2012,SL_TLF_CHLDEC,PT,
2013,F,Gaza Strip,_T,2013,SL_TLF_CHLDEC,PT,
2014,F,Gaza Strip,_T,2014,SL_TLF_CHLDEC,PT,
2015,F,Gaza Strip,_T,2015,SL_TLF_CHLDEC,PT,
2016,F,Gaza Strip,_T,2016,SL_TLF_CHLDEC,PT,
2017,F,Gaza Strip,_T,2017,SL_TLF_CHLDEC,PT,
2018,F,Gaza Strip,_T,2018,SL_TLF_CHLDEC,PT,
2000,F,Gaza Strip,Y10T14,2000,SL_TLF_CHLDEC,PT,
2001,F,Gaza Strip,Y10T14,2001,SL_TLF_CHLDEC,PT,
2002,F,Gaza Strip,Y10T14,2002,SL_TLF_CHLDEC,PT,
2003,F,Gaza Strip,Y10T14,2003,SL_TLF_CHLDEC,PT,
2004,F,Gaza Strip,Y10T14,2004,SL_TLF_CHLDEC,PT,
2005,F,Gaza Strip,Y10T14,2005,SL_TLF_CHLDEC,PT,
2006,F,Gaza Strip,Y10T14,2006,SL_TLF_CHLDEC,PT,
2007,F,Gaza Strip,Y10T14,2007,SL_TLF_CHLDEC,PT,
2008,F,Gaza Strip,Y10T14,2008,SL_TLF_CHLDEC,PT,
2009,F,Gaza Strip,Y10T14,2009,SL_TLF_CHLDEC,PT,
2010,F,Gaza Strip,Y10T14,2010,SL_TLF_CHLDEC,PT,
2011,F,Gaza Strip,Y10T14,2011,SL_TLF_CHLDEC,PT,
2012,F,Gaza Strip,Y10T14,2012,SL_TLF_CHLDEC,PT,
2013,F,Gaza Strip,Y10T14,2013,SL_TLF_CHLDEC,PT,
2014,F,Gaza Strip,Y10T14,2014,SL_TLF_CHLDEC,PT,
2015,F,Gaza Strip,Y10T14,2015,SL_TLF_CHLDEC,PT,
2016,F,Gaza Strip,Y10T14,2016,SL_TLF_CHLDEC,PT,
2017,F,Gaza Strip,Y10T14,2017,SL_TLF_CHLDEC,PT,
2018,F,Gaza Strip,Y10T14,2018,SL_TLF_CHLDEC,PT,
2000,F,Gaza Strip,Y10T17,2000,SL_TLF_CHLDEC,PT,
2001,F,Gaza Strip,Y10T17,2001,SL_TLF_CHLDEC,PT,
2002,F,Gaza Strip,Y10T17,2002,SL_TLF_CHLDEC,PT,
2003,F,Gaza Strip,Y10T17,2003,SL_TLF_CHLDEC,PT,
2004,F,Gaza Strip,Y10T17,2004,SL_TLF_CHLDEC,PT,
2005,F,Gaza Strip,Y10T17,2005,SL_TLF_CHLDEC,PT,
2006,F,Gaza Strip,Y10T17,2006,SL_TLF_CHLDEC,PT,
2007,F,Gaza Strip,Y10T17,2007,SL_TLF_CHLDEC,PT,
2008,F,Gaza Strip,Y10T17,2008,SL_TLF_CHLDEC,PT,
2009,F,Gaza Strip,Y10T17,2009,SL_TLF_CHLDEC,PT,
2010,F,Gaza Strip,Y10T17,2010,SL_TLF_CHLDEC,PT,
2011,F,Gaza Strip,Y10T17,2011,SL_TLF_CHLDEC,PT,
2012,F,Gaza Strip,Y10T17,2012,SL_TLF_CHLDEC,PT,
2013,F,Gaza Strip,Y10T17,2013,SL_TLF_CHLDEC,PT,
2014,F,Gaza Strip,Y10T17,2014,SL_TLF_CHLDEC,PT,
2015,F,Gaza Strip,Y10T17,2015,SL_TLF_CHLDEC,PT,
2016,F,Gaza Strip,Y10T17,2016,SL_TLF_CHLDEC,PT,
2017,F,Gaza Strip,Y10T17,2017,SL_TLF_CHLDEC,PT,
2018,F,Gaza Strip,Y10T17,2018,SL_TLF_CHLDEC,PT,
2000,F,Gaza Strip,Y15T17,2000,SL_TLF_CHLDEC,PT,
2001,F,Gaza Strip,Y15T17,2001,SL_TLF_CHLDEC,PT,
2002,F,Gaza Strip,Y15T17,2002,SL_TLF_CHLDEC,PT,
2003,F,Gaza Strip,Y15T17,2003,SL_TLF_CHLDEC,PT,
2004,F,Gaza Strip,Y15T17,2004,SL_TLF_CHLDEC,PT,
2005,F,Gaza Strip,Y15T17,2005,SL_TLF_CHLDEC,PT,
2006,F,Gaza Strip,Y15T17,2006,SL_TLF_CHLDEC,PT,
2007,F,Gaza Strip,Y15T17,2007,SL_TLF_CHLDEC,PT,
2008,F,Gaza Strip,Y15T17,2008,SL_TLF_CHLDEC,PT,
2009,F,Gaza Strip,Y15T17,2009,SL_TLF_CHLDEC,PT,
2010,F,Gaza Strip,Y15T17,2010,SL_TLF_CHLDEC,PT,
2011,F,Gaza Strip,Y15T17,2011,SL_TLF_CHLDEC,PT,
2012,F,Gaza Strip,Y15T17,2012,SL_TLF_CHLDEC,PT,
2013,F,Gaza Strip,Y15T17,2013,SL_TLF_CHLDEC,PT,
2014,F,Gaza Strip,Y15T17,2014,SL_TLF_CHLDEC,PT,
2015,F,Gaza Strip,Y15T17,2015,SL_TLF_CHLDEC,PT,
2016,F,Gaza Strip,Y15T17,2016,SL_TLF_CHLDEC,PT,
2017,F,Gaza Strip,Y15T17,2017,SL_TLF_CHLDEC,PT,
2018,F,Gaza Strip,Y15T17,2018,SL_TLF_CHLDEC,PT,
2000,F,PS,_T,2000,SL_TLF_CHLDEC,PT,0.7
2001,F,PS,_T,2001,SL_TLF_CHLDEC,PT,0.2
2002,F,PS,_T,2002,SL_TLF_CHLDEC,PT,0.3
2003,F,PS,_T,2003,SL_TLF_CHLDEC,PT,0.6
2004,F,PS,_T,2004,SL_TLF_CHLDEC,PT,0.4
2005,F,PS,_T,2005,SL_TLF_CHLDEC,PT,0.6
2006,F,PS,_T,2006,SL_TLF_CHLDEC,PT,1.4
2007,F,PS,_T,2007,SL_TLF_CHLDEC,PT,1.3
2008,F,PS,_T,2008,SL_TLF_CHLDEC,PT,1.0
2009,F,PS,_T,2009,SL_TLF_CHLDEC,PT,0.8
2010,F,PS,_T,2010,SL_TLF_CHLDEC,PT,1.1
2011,F,PS,_T,2011,SL_TLF_CHLDEC,PT,0.8
2012,F,PS,_T,2012,SL_TLF_CHLDEC,PT,0.6
2013,F,PS,_T,2013,SL_TLF_CHLDEC,PT,0.3
2014,F,PS,_T,2014,SL_TLF_CHLDEC,PT,0.3
2015,F,PS,_T,2015,SL_TLF_CHLDEC,PT,0.4
2016,F,PS,_T,2016,SL_TLF_CHLDEC,PT,0.3
2017,F,PS,_T,2017,SL_TLF_CHLDEC,PT,0.1
2018,F,PS,_T,2018,SL_TLF_CHLDEC,PT,
2000,F,PS,Y10T14,2000,SL_TLF_CHLDEC,PT,
2001,F,PS,Y10T14,2001,SL_TLF_CHLDEC,PT,
2002,F,PS,Y10T14,2002,SL_TLF_CHLDEC,PT,
2003,F,PS,Y10T14,2003,SL_TLF_CHLDEC,PT,
2004,F,PS,Y10T14,2004,SL_TLF_CHLDEC,PT,
2005,F,PS,Y10T14,2005,SL_TLF_CHLDEC,PT,
2006,F,PS,Y10T14,2006,SL_TLF_CHLDEC,PT,
2007,F,PS,Y10T14,2007,SL_TLF_CHLDEC,PT,
2008,F,PS,Y10T14,2008,SL_TLF_CHLDEC,PT,
2009,F,PS,Y10T14,2009,SL_TLF_CHLDEC,PT,
2010,F,PS,Y10T14,2010,SL_TLF_CHLDEC,PT,
2011,F,PS,Y10T14,2011,SL_TLF_CHLDEC,PT,
2012,F,PS,Y10T14,2012,SL_TLF_CHLDEC,PT,
2013,F,PS,Y10T14,2013,SL_TLF_CHLDEC,PT,
2014,F,PS,Y10T14,2014,SL_TLF_CHLDEC,PT,
2015,F,PS,Y10T14,2015,SL_TLF_CHLDEC,PT,
2016,F,PS,Y10T14,2016,SL_TLF_CHLDEC,PT,
2017,F,PS,Y10T14,2017,SL_TLF_CHLDEC,PT,
2018,F,PS,Y10T14,2018,SL_TLF_CHLDEC,PT,
2000,F,PS,Y10T17,2000,SL_TLF_CHLDEC,PT,0.7
2001,F,PS,Y10T17,2001,SL_TLF_CHLDEC,PT,0.2
2002,F,PS,Y10T17,2002,SL_TLF_CHLDEC,PT,0.3
2003,F,PS,Y10T17,2003,SL_TLF_CHLDEC,PT,0.6
2004,F,PS,Y10T17,2004,SL_TLF_CHLDEC,PT,0.4
2005,F,PS,Y10T17,2005,SL_TLF_CHLDEC,PT,0.6
2006,F,PS,Y10T17,2006,SL_TLF_CHLDEC,PT,1.4
2007,F,PS,Y10T17,2007,SL_TLF_CHLDEC,PT,1.3
2008,F,PS,Y10T17,2008,SL_TLF_CHLDEC,PT,1.0
2009,F,PS,Y10T17,2009,SL_TLF_CHLDEC,PT,0.8
2010,F,PS,Y10T17,2010,SL_TLF_CHLDEC,PT,1.1
2011,F,PS,Y10T17,2011,SL_TLF_CHLDEC,PT,0.8
2012,F,PS,Y10T17,2012,SL_TLF_CHLDEC,PT,0.6
2013,F,PS,Y10T17,2013,SL_TLF_CHLDEC,PT,0.3
2014,F,PS,Y10T17,2014,SL_TLF_CHLDEC,PT,0.3
2015,F,PS,Y10T17,2015,SL_TLF_CHLDEC,PT,0.4
2016,F,PS,Y10T17,2016,SL_TLF_CHLDEC,PT,0.3
2017,F,PS,Y10T17,2017,SL_TLF_CHLDEC,PT,0.1
2018,F,PS,Y10T17,2018,SL_TLF_CHLDEC,PT,0.2
2000,F,PS,Y15T17,2000,SL_TLF_CHLDEC,PT,
2001,F,PS,Y15T17,2001,SL_TLF_CHLDEC,PT,
2002,F,PS,Y15T17,2002,SL_TLF_CHLDEC,PT,
2003,F,PS,Y15T17,2003,SL_TLF_CHLDEC,PT,
2004,F,PS,Y15T17,2004,SL_TLF_CHLDEC,PT,
2005,F,PS,Y15T17,2005,SL_TLF_CHLDEC,PT,
2006,F,PS,Y15T17,2006,SL_TLF_CHLDEC,PT,
2007,F,PS,Y15T17,2007,SL_TLF_CHLDEC,PT,
2008,F,PS,Y15T17,2008,SL_TLF_CHLDEC,PT,
2009,F,PS,Y15T17,2009,SL_TLF_CHLDEC,PT,
2010,F,PS,Y15T17,2010,SL_TLF_CHLDEC,PT,
2011,F,PS,Y15T17,2011,SL_TLF_CHLDEC,PT,
2012,F,PS,Y15T17,2012,SL_TLF_CHLDEC,PT,
2013,F,PS,Y15T17,2013,SL_TLF_CHLDEC,PT,
2014,F,PS,Y15T17,2014,SL_TLF_CHLDEC,PT,
2015,F,PS,Y15T17,2015,SL_TLF_CHLDEC,PT,
2016,F,PS,Y15T17,2016,SL_TLF_CHLDEC,PT,
2017,F,PS,Y15T17,2017,SL_TLF_CHLDEC,PT,
2018,F,PS,Y15T17,2018,SL_TLF_CHLDEC,PT,
2000,_T,West Bank,_T,2000,SL_TLF_CHLDEC,PT,5.3
2001,_T,West Bank,_T,2001,SL_TLF_CHLDEC,PT,2.6
2002,_T,West Bank,_T,2002,SL_TLF_CHLDEC,PT,2.0
2003,_T,West Bank,_T,2003,SL_TLF_CHLDEC,PT,3.2
2004,_T,West Bank,_T,2004,SL_TLF_CHLDEC,PT,2.9
2005,_T,West Bank,_T,2005,SL_TLF_CHLDEC,PT,3.8
2006,_T,West Bank,_T,2006,SL_TLF_CHLDEC,PT,6.5
2007,_T,West Bank,_T,2007,SL_TLF_CHLDEC,PT,6.5
2008,_T,West Bank,_T,2008,SL_TLF_CHLDEC,PT,5.2
2009,_T,West Bank,_T,2009,SL_TLF_CHLDEC,PT,5.4
2010,_T,West Bank,_T,2010,SL_TLF_CHLDEC,PT,5.6
2011,_T,West Bank,_T,2011,SL_TLF_CHLDEC,PT,5.7
2012,_T,West Bank,_T,2012,SL_TLF_CHLDEC,PT,5.7
2013,_T,West Bank,_T,2013,SL_TLF_CHLDEC,PT,4.7
2014,_T,West Bank,_T,2014,SL_TLF_CHLDEC,PT,5.2
2015,_T,West Bank,_T,2015,SL_TLF_CHLDEC,PT,5.6
2016,_T,West Bank,_T,2016,SL_TLF_CHLDEC,PT,5.2
2017,_T,West Bank,_T,2017,SL_TLF_CHLDEC,PT,4.6
2018,_T,West Bank,_T,2018,SL_TLF_CHLDEC,PT,
2000,_T,West Bank,Y10T14,2000,SL_TLF_CHLDEC,PT,
2001,_T,West Bank,Y10T14,2001,SL_TLF_CHLDEC,PT,
2002,_T,West Bank,Y10T14,2002,SL_TLF_CHLDEC,PT,
2003,_T,West Bank,Y10T14,2003,SL_TLF_CHLDEC,PT,
2004,_T,West Bank,Y10T14,2004,SL_TLF_CHLDEC,PT,
2005,_T,West Bank,Y10T14,2005,SL_TLF_CHLDEC,PT,
2006,_T,West Bank,Y10T14,2006,SL_TLF_CHLDEC,PT,
2007,_T,West Bank,Y10T14,2007,SL_TLF_CHLDEC,PT,
2008,_T,West Bank,Y10T14,2008,SL_TLF_CHLDEC,PT,
2009,_T,West Bank,Y10T14,2009,SL_TLF_CHLDEC,PT,
2010,_T,West Bank,Y10T14,2010,SL_TLF_CHLDEC,PT,
2011,_T,West Bank,Y10T14,2011,SL_TLF_CHLDEC,PT,
2012,_T,West Bank,Y10T14,2012,SL_TLF_CHLDEC,PT,
2013,_T,West Bank,Y10T14,2013,SL_TLF_CHLDEC,PT,
2014,_T,West Bank,Y10T14,2014,SL_TLF_CHLDEC,PT,
2015,_T,West Bank,Y10T14,2015,SL_TLF_CHLDEC,PT,
2016,_T,West Bank,Y10T14,2016,SL_TLF_CHLDEC,PT,
2017,_T,West Bank,Y10T14,2017,SL_TLF_CHLDEC,PT,
2018,_T,West Bank,Y10T14,2018,SL_TLF_CHLDEC,PT,
2000,_T,West Bank,Y10T17,2000,SL_TLF_CHLDEC,PT,5.3
2001,_T,West Bank,Y10T17,2001,SL_TLF_CHLDEC,PT,2.6
2002,_T,West Bank,Y10T17,2002,SL_TLF_CHLDEC,PT,2.0
2003,_T,West Bank,Y10T17,2003,SL_TLF_CHLDEC,PT,3.2
2004,_T,West Bank,Y10T17,2004,SL_TLF_CHLDEC,PT,2.9
2005,_T,West Bank,Y10T17,2005,SL_TLF_CHLDEC,PT,3.8
2006,_T,West Bank,Y10T17,2006,SL_TLF_CHLDEC,PT,6.5
2007,_T,West Bank,Y10T17,2007,SL_TLF_CHLDEC,PT,6.5
2008,_T,West Bank,Y10T17,2008,SL_TLF_CHLDEC,PT,5.2
2009,_T,West Bank,Y10T17,2009,SL_TLF_CHLDEC,PT,5.4
2010,_T,West Bank,Y10T17,2010,SL_TLF_CHLDEC,PT,5.6
2011,_T,West Bank,Y10T17,2011,SL_TLF_CHLDEC,PT,5.7
2012,_T,West Bank,Y10T17,2012,SL_TLF_CHLDEC,PT,5.7
2013,_T,West Bank,Y10T17,2013,SL_TLF_CHLDEC,PT,4.7
2014,_T,West Bank,Y10T17,2014,SL_TLF_CHLDEC,PT,5.2
2015,_T,West Bank,Y10T17,2015,SL_TLF_CHLDEC,PT,5.6
2016,_T,West Bank,Y10T17,2016,SL_TLF_CHLDEC,PT,5.2
2017,_T,West Bank,Y10T17,2017,SL_TLF_CHLDEC,PT,4.6
2018,_T,West Bank,Y10T17,2018,SL_TLF_CHLDEC,PT,4.0
2000,_T,West Bank,Y15T17,2000,SL_TLF_CHLDEC,PT,
2001,_T,West Bank,Y15T17,2001,SL_TLF_CHLDEC,PT,
2002,_T,West Bank,Y15T17,2002,SL_TLF_CHLDEC,PT,
2003,_T,West Bank,Y15T17,2003,SL_TLF_CHLDEC,PT,
2004,_T,West Bank,Y15T17,2004,SL_TLF_CHLDEC,PT,
2005,_T,West Bank,Y15T17,2005,SL_TLF_CHLDEC,PT,
2006,_T,West Bank,Y15T17,2006,SL_TLF_CHLDEC,PT,
2007,_T,West Bank,Y15T17,2007,SL_TLF_CHLDEC,PT,
2008,_T,West Bank,Y15T17,2008,SL_TLF_CHLDEC,PT,
2009,_T,West Bank,Y15T17,2009,SL_TLF_CHLDEC,PT,
2010,_T,West Bank,Y15T17,2010,SL_TLF_CHLDEC,PT,
2011,_T,West Bank,Y15T17,2011,SL_TLF_CHLDEC,PT,
2012,_T,West Bank,Y15T17,2012,SL_TLF_CHLDEC,PT,
2013,_T,West Bank,Y15T17,2013,SL_TLF_CHLDEC,PT,
2014,_T,West Bank,Y15T17,2014,SL_TLF_CHLDEC,PT,
2015,_T,West Bank,Y15T17,2015,SL_TLF_CHLDEC,PT,
2016,_T,West Bank,Y15T17,2016,SL_TLF_CHLDEC,PT,
2017,_T,West Bank,Y15T17,2017,SL_TLF_CHLDEC,PT,
2018,_T,West Bank,Y15T17,2018,SL_TLF_CHLDEC,PT,
2000,_T,Gaza Strip,_T,2000,SL_TLF_CHLDEC,PT,2.7
2001,_T,Gaza Strip,_T,2001,SL_TLF_CHLDEC,PT,1.5
2002,_T,Gaza Strip,_T,2002,SL_TLF_CHLDEC,PT,1.0
2003,_T,Gaza Strip,_T,2003,SL_TLF_CHLDEC,PT,1.8
2004,_T,Gaza Strip,_T,2004,SL_TLF_CHLDEC,PT,1.3
2005,_T,Gaza Strip,_T,2005,SL_TLF_CHLDEC,PT,1.4
2006,_T,Gaza Strip,_T,2006,SL_TLF_CHLDEC,PT,1.1
2007,_T,Gaza Strip,_T,2007,SL_TLF_CHLDEC,PT,1.5
2008,_T,Gaza Strip,_T,2008,SL_TLF_CHLDEC,PT,1.2
2009,_T,Gaza Strip,_T,2009,SL_TLF_CHLDEC,PT,0.9
2010,_T,Gaza Strip,_T,2010,SL_TLF_CHLDEC,PT,0.5
2011,_T,Gaza Strip,_T,2011,SL_TLF_CHLDEC,PT,1.7
2012,_T,Gaza Strip,_T,2012,SL_TLF_CHLDEC,PT,1.5
2013,_T,Gaza Strip,_T,2013,SL_TLF_CHLDEC,PT,1.4
2014,_T,Gaza Strip,_T,2014,SL_TLF_CHLDEC,PT,1.3
2015,_T,Gaza Strip,_T,2015,SL_TLF_CHLDEC,PT,2.8
2016,_T,Gaza Strip,_T,2016,SL_TLF_CHLDEC,PT,1.9
2017,_T,Gaza Strip,_T,2017,SL_TLF_CHLDEC,PT,1.7
2018,_T,Gaza Strip,_T,2018,SL_TLF_CHLDEC,PT,
2000,_T,Gaza Strip,Y10T14,2000,SL_TLF_CHLDEC,PT,
2001,_T,Gaza Strip,Y10T14,2001,SL_TLF_CHLDEC,PT,
2002,_T,Gaza Strip,Y10T14,2002,SL_TLF_CHLDEC,PT,
2003,_T,Gaza Strip,Y10T14,2003,SL_TLF_CHLDEC,PT,
2004,_T,Gaza Strip,Y10T14,2004,SL_TLF_CHLDEC,PT,
2005,_T,Gaza Strip,Y10T14,2005,SL_TLF_CHLDEC,PT,
2006,_T,Gaza Strip,Y10T14,2006,SL_TLF_CHLDEC,PT,
2007,_T,Gaza Strip,Y10T14,2007,SL_TLF_CHLDEC,PT,
2008,_T,Gaza Strip,Y10T14,2008,SL_TLF_CHLDEC,PT,
2009,_T,Gaza Strip,Y10T14,2009,SL_TLF_CHLDEC,PT,
2010,_T,Gaza Strip,Y10T14,2010,SL_TLF_CHLDEC,PT,
2011,_T,Gaza Strip,Y10T14,2011,SL_TLF_CHLDEC,PT,
2012,_T,Gaza Strip,Y10T14,2012,SL_TLF_CHLDEC,PT,
2013,_T,Gaza Strip,Y10T14,2013,SL_TLF_CHLDEC,PT,
2014,_T,Gaza Strip,Y10T14,2014,SL_TLF_CHLDEC,PT,
2015,_T,Gaza Strip,Y10T14,2015,SL_TLF_CHLDEC,PT,
2016,_T,Gaza Strip,Y10T14,2016,SL_TLF_CHLDEC,PT,
2017,_T,Gaza Strip,Y10T14,2017,SL_TLF_CHLDEC,PT,
2018,_T,Gaza Strip,Y10T14,2018,SL_TLF_CHLDEC,PT,
2000,_T,Gaza Strip,Y10T17,2000,SL_TLF_CHLDEC,PT,2.7
2001,_T,Gaza Strip,Y10T17,2001,SL_TLF_CHLDEC,PT,1.5
2002,_T,Gaza Strip,Y10T17,2002,SL_TLF_CHLDEC,PT,1.0
2003,_T,Gaza Strip,Y10T17,2003,SL_TLF_CHLDEC,PT,1.8
2004,_T,Gaza Strip,Y10T17,2004,SL_TLF_CHLDEC,PT,1.3
2005,_T,Gaza Strip,Y10T17,2005,SL_TLF_CHLDEC,PT,1.4
2006,_T,Gaza Strip,Y10T17,2006,SL_TLF_CHLDEC,PT,1.1
2007,_T,Gaza Strip,Y10T17,2007,SL_TLF_CHLDEC,PT,1.5
2008,_T,Gaza Strip,Y10T17,2008,SL_TLF_CHLDEC,PT,1.2
2009,_T,Gaza Strip,Y10T17,2009,SL_TLF_CHLDEC,PT,0.9
2010,_T,Gaza Strip,Y10T17,2010,SL_TLF_CHLDEC,PT,0.5
2011,_T,Gaza Strip,Y10T17,2011,SL_TLF_CHLDEC,PT,1.7
2012,_T,Gaza Strip,Y10T17,2012,SL_TLF_CHLDEC,PT,1.5
2013,_T,Gaza Strip,Y10T17,2013,SL_TLF_CHLDEC,PT,1.4
2014,_T,Gaza Strip,Y10T17,2014,SL_TLF_CHLDEC,PT,1.3
2015,_T,Gaza Strip,Y10T17,2015,SL_TLF_CHLDEC,PT,2.8
2016,_T,Gaza Strip,Y10T17,2016,SL_TLF_CHLDEC,PT,1.9
2017,_T,Gaza Strip,Y10T17,2017,SL_TLF_CHLDEC,PT,1.7
2018,_T,Gaza Strip,Y10T17,2018,SL_TLF_CHLDEC,PT,1.3
2000,_T,Gaza Strip,Y15T17,2000,SL_TLF_CHLDEC,PT,
2001,_T,Gaza Strip,Y15T17,2001,SL_TLF_CHLDEC,PT,
2002,_T,Gaza Strip,Y15T17,2002,SL_TLF_CHLDEC,PT,
2003,_T,Gaza Strip,Y15T17,2003,SL_TLF_CHLDEC,PT,
2004,_T,Gaza Strip,Y15T17,2004,SL_TLF_CHLDEC,PT,
2005,_T,Gaza Strip,Y15T17,2005,SL_TLF_CHLDEC,PT,
2006,_T,Gaza Strip,Y15T17,2006,SL_TLF_CHLDEC,PT,
2007,_T,Gaza Strip,Y15T17,2007,SL_TLF_CHLDEC,PT,
2008,_T,Gaza Strip,Y15T17,2008,SL_TLF_CHLDEC,PT,
2009,_T,Gaza Strip,Y15T17,2009,SL_TLF_CHLDEC,PT,
2010,_T,Gaza Strip,Y15T17,2010,SL_TLF_CHLDEC,PT,
2011,_T,Gaza Strip,Y15T17,2011,SL_TLF_CHLDEC,PT,
2012,_T,Gaza Strip,Y15T17,2012,SL_TLF_CHLDEC,PT,
2013,_T,Gaza Strip,Y15T17,2013,SL_TLF_CHLDEC,PT,
2014,_T,Gaza Strip,Y15T17,2014,SL_TLF_CHLDEC,PT,
2015,_T,Gaza Strip,Y15T17,2015,SL_TLF_CHLDEC,PT,
2016,_T,Gaza Strip,Y15T17,2016,SL_TLF_CHLDEC,PT,
2017,_T,Gaza Strip,Y15T17,2017,SL_TLF_CHLDEC,PT,
2018,_T,Gaza Strip,Y15T17,2018,SL_TLF_CHLDEC,PT,
2000,_T,PS,_T,2000,SL_TLF_CHLDEC,PT,4.3
2001,_T,PS,_T,2001,SL_TLF_CHLDEC,PT,2.2
2002,_T,PS,_T,2002,SL_TLF_CHLDEC,PT,1.6
2003,_T,PS,_T,2003,SL_TLF_CHLDEC,PT,2.7
2004,_T,PS,_T,2004,SL_TLF_CHLDEC,PT,2.3
2005,_T,PS,_T,2005,SL_TLF_CHLDEC,PT,2.9
2006,_T,PS,_T,2006,SL_TLF_CHLDEC,PT,4.4
2007,_T,PS,_T,2007,SL_TLF_CHLDEC,PT,4.6
2008,_T,PS,_T,2008,SL_TLF_CHLDEC,PT,3.7
2009,_T,PS,_T,2009,SL_TLF_CHLDEC,PT,3.6
2010,_T,PS,_T,2010,SL_TLF_CHLDEC,PT,3.6
2011,_T,PS,_T,2011,SL_TLF_CHLDEC,PT,4.1
2012,_T,PS,_T,2012,SL_TLF_CHLDEC,PT,4.0
2013,_T,PS,_T,2013,SL_TLF_CHLDEC,PT,3.4
2014,_T,PS,_T,2014,SL_TLF_CHLDEC,PT,3.6
2015,_T,PS,_T,2015,SL_TLF_CHLDEC,PT,4.5
2016,_T,PS,_T,2016,SL_TLF_CHLDEC,PT,3.9
2017,_T,PS,_T,2017,SL_TLF_CHLDEC,PT,3.4
2018,_T,PS,_T,2018,SL_TLF_CHLDEC,PT,
2000,_T,PS,Y10T14,2000,SL_TLF_CHLDEC,PT,1.7
2001,_T,PS,Y10T14,2001,SL_TLF_CHLDEC,PT,0.5
2002,_T,PS,Y10T14,2002,SL_TLF_CHLDEC,PT,0.5
2003,_T,PS,Y10T14,2003,SL_TLF_CHLDEC,PT,1.2
2004,_T,PS,Y10T14,2004,SL_TLF_CHLDEC,PT,1.0
2005,_T,PS,Y10T14,2005,SL_TLF_CHLDEC,PT,1.3
2006,_T,PS,Y10T14,2006,SL_TLF_CHLDEC,PT,2.9
2007,_T,PS,Y10T14,2007,SL_TLF_CHLDEC,PT,3.1
2008,_T,PS,Y10T14,2008,SL_TLF_CHLDEC,PT,2.3
2009,_T,PS,Y10T14,2009,SL_TLF_CHLDEC,PT,2.1
2010,_T,PS,Y10T14,2010,SL_TLF_CHLDEC,PT,2.3
2011,_T,PS,Y10T14,2011,SL_TLF_CHLDEC,PT,2.2
2012,_T,PS,Y10T14,2012,SL_TLF_CHLDEC,PT,2.1
2013,_T,PS,Y10T14,2013,SL_TLF_CHLDEC,PT,1.5
2014,_T,PS,Y10T14,2014,SL_TLF_CHLDEC,PT,1.6
2015,_T,PS,Y10T14,2015,SL_TLF_CHLDEC,PT,2.0
2016,_T,PS,Y10T14,2016,SL_TLF_CHLDEC,PT,1.7
2017,_T,PS,Y10T14,2017,SL_TLF_CHLDEC,PT,1.2
2018,_T,PS,Y10T14,2018,SL_TLF_CHLDEC,PT,0.9
2000,_T,PS,Y10T17,2000,SL_TLF_CHLDEC,PT,4.3
2001,_T,PS,Y10T17,2001,SL_TLF_CHLDEC,PT,2.2
2002,_T,PS,Y10T17,2002,SL_TLF_CHLDEC,PT,1.6
2003,_T,PS,Y10T17,2003,SL_TLF_CHLDEC,PT,2.7
2004,_T,PS,Y10T17,2004,SL_TLF_CHLDEC,PT,2.3
2005,_T,PS,Y10T17,2005,SL_TLF_CHLDEC,PT,2.9
2006,_T,PS,Y10T17,2006,SL_TLF_CHLDEC,PT,4.4
2007,_T,PS,Y10T17,2007,SL_TLF_CHLDEC,PT,4.6
2008,_T,PS,Y10T17,2008,SL_TLF_CHLDEC,PT,3.7
2009,_T,PS,Y10T17,2009,SL_TLF_CHLDEC,PT,3.6
2010,_T,PS,Y10T17,2010,SL_TLF_CHLDEC,PT,3.6
2011,_T,PS,Y10T17,2011,SL_TLF_CHLDEC,PT,4.1
2012,_T,PS,Y10T17,2012,SL_TLF_CHLDEC,PT,4.0
2013,_T,PS,Y10T17,2013,SL_TLF_CHLDEC,PT,3.4
2014,_T,PS,Y10T17,2014,SL_TLF_CHLDEC,PT,3.6
2015,_T,PS,Y10T17,2015,SL_TLF_CHLDEC,PT,4.5
2016,_T,PS,Y10T17,2016,SL_TLF_CHLDEC,PT,3.9
2017,_T,PS,Y10T17,2017,SL_TLF_CHLDEC,PT,3.4
2018,_T,PS,Y10T17,2018,SL_TLF_CHLDEC,PT,2.9
2000,_T,PS,Y15T17,2000,SL_TLF_CHLDEC,PT,9.9
2001,_T,PS,Y15T17,2001,SL_TLF_CHLDEC,PT,5.7
2002,_T,PS,Y15T17,2002,SL_TLF_CHLDEC,PT,3.9
2003,_T,PS,Y15T17,2003,SL_TLF_CHLDEC,PT,5.6
2004,_T,PS,Y15T17,2004,SL_TLF_CHLDEC,PT,4.7
2005,_T,PS,Y15T17,2005,SL_TLF_CHLDEC,PT,5.7
2006,_T,PS,Y15T17,2006,SL_TLF_CHLDEC,PT,7.3
2007,_T,PS,Y15T17,2007,SL_TLF_CHLDEC,PT,7.2
2008,_T,PS,Y15T17,2008,SL_TLF_CHLDEC,PT,6.1
2009,_T,PS,Y15T17,2009,SL_TLF_CHLDEC,PT,6.4
2010,_T,PS,Y15T17,2010,SL_TLF_CHLDEC,PT,6.1
2011,_T,PS,Y15T17,2011,SL_TLF_CHLDEC,PT,7.5
2012,_T,PS,Y15T17,2012,SL_TLF_CHLDEC,PT,7.7
2013,_T,PS,Y15T17,2013,SL_TLF_CHLDEC,PT,7.0
2014,_T,PS,Y15T17,2014,SL_TLF_CHLDEC,PT,7.5
2015,_T,PS,Y15T17,2015,SL_TLF_CHLDEC,PT,9.0
2016,_T,PS,Y15T17,2016,SL_TLF_CHLDEC,PT,7.8
2017,_T,PS,Y15T17,2017,SL_TLF_CHLDEC,PT,7.2
2018,_T,PS,Y15T17,2018,SL_TLF_CHLDEC,PT,6.6
