Year,SEX,REF_AREA,REPORTING_TYPE,TIME_DETAIL,SERIES,UNIT_MEASURE,Value
2000,M,West Bank,N,2000,SL_TLF_MANF,PT,
2001,M,West Bank,N,2001,SL_TLF_MANF,PT,
2002,M,West Bank,N,2002,SL_TLF_MANF,PT,
2003,M,West Bank,N,2003,SL_TLF_MANF,PT,
2004,M,West Bank,N,2004,SL_TLF_MANF,PT,
2005,M,West Bank,N,2005,SL_TLF_MANF,PT,
2006,M,West Bank,N,2006,SL_TLF_MANF,PT,
2007,M,West Bank,N,2007,SL_TLF_MANF,PT,
2008,M,West Bank,N,2008,SL_TLF_MANF,PT,
2009,M,West Bank,N,2009,SL_TLF_MANF,PT,
2010,M,West Bank,N,2010,SL_TLF_MANF,PT,
2011,M,West Bank,N,2011,SL_TLF_MANF,PT,
2012,M,West Bank,N,2012,SL_TLF_MANF,PT,
2013,M,West Bank,N,2013,SL_TLF_MANF,PT,
2014,M,West Bank,N,2014,SL_TLF_MANF,PT,
2015,M,West Bank,N,2015,SL_TLF_MANF,PT,
2016,M,West Bank,N,2016,SL_TLF_MANF,PT,
2017,M,West Bank,N,2017,SL_TLF_MANF,PT,
2000,M,Gaza Strip,N,2000,SL_TLF_MANF,PT,
2001,M,Gaza Strip,N,2001,SL_TLF_MANF,PT,
2002,M,Gaza Strip,N,2002,SL_TLF_MANF,PT,
2003,M,Gaza Strip,N,2003,SL_TLF_MANF,PT,
2004,M,Gaza Strip,N,2004,SL_TLF_MANF,PT,
2005,M,Gaza Strip,N,2005,SL_TLF_MANF,PT,
2006,M,Gaza Strip,N,2006,SL_TLF_MANF,PT,
2007,M,Gaza Strip,N,2007,SL_TLF_MANF,PT,
2008,M,Gaza Strip,N,2008,SL_TLF_MANF,PT,
2009,M,Gaza Strip,N,2009,SL_TLF_MANF,PT,
2010,M,Gaza Strip,N,2010,SL_TLF_MANF,PT,
2011,M,Gaza Strip,N,2011,SL_TLF_MANF,PT,
2012,M,Gaza Strip,N,2012,SL_TLF_MANF,PT,
2013,M,Gaza Strip,N,2013,SL_TLF_MANF,PT,
2014,M,Gaza Strip,N,2014,SL_TLF_MANF,PT,
2015,M,Gaza Strip,N,2015,SL_TLF_MANF,PT,
2016,M,Gaza Strip,N,2016,SL_TLF_MANF,PT,
2017,M,Gaza Strip,N,2017,SL_TLF_MANF,PT,
2000,M,PS,N,2000,SL_TLF_MANF,PT,14.4
2001,M,PS,N,2001,SL_TLF_MANF,PT,14.3
2002,M,PS,N,2002,SL_TLF_MANF,PT,13.2
2003,M,PS,N,2003,SL_TLF_MANF,PT,12.7
2004,M,PS,N,2004,SL_TLF_MANF,PT,13.0
2005,M,PS,N,2005,SL_TLF_MANF,PT,13.3
2006,M,PS,N,2006,SL_TLF_MANF,PT,12.5
2007,M,PS,N,2007,SL_TLF_MANF,PT,12.3
2008,M,PS,N,2008,SL_TLF_MANF,PT,12.7
2009,M,PS,N,2009,SL_TLF_MANF,PT,12.4
2010,M,PS,N,2010,SL_TLF_MANF,PT,11.8
2011,M,PS,N,2011,SL_TLF_MANF,PT,12.0
2012,M,PS,N,2012,SL_TLF_MANF,PT,12.3
2013,M,PS,N,2013,SL_TLF_MANF,PT,11.9
2014,M,PS,N,2014,SL_TLF_MANF,PT,12.3
2015,M,PS,N,2015,SL_TLF_MANF,PT,12.4
2016,M,PS,N,2016,SL_TLF_MANF,PT,12.8
2017,M,PS,N,2017,SL_TLF_MANF,PT,12.7
2000,F,West Bank,N,2000,SL_TLF_MANF,PT,
2001,F,West Bank,N,2001,SL_TLF_MANF,PT,
2002,F,West Bank,N,2002,SL_TLF_MANF,PT,
2003,F,West Bank,N,2003,SL_TLF_MANF,PT,
2004,F,West Bank,N,2004,SL_TLF_MANF,PT,
2005,F,West Bank,N,2005,SL_TLF_MANF,PT,
2006,F,West Bank,N,2006,SL_TLF_MANF,PT,
2007,F,West Bank,N,2007,SL_TLF_MANF,PT,
2008,F,West Bank,N,2008,SL_TLF_MANF,PT,
2009,F,West Bank,N,2009,SL_TLF_MANF,PT,
2010,F,West Bank,N,2010,SL_TLF_MANF,PT,
2011,F,West Bank,N,2011,SL_TLF_MANF,PT,
2012,F,West Bank,N,2012,SL_TLF_MANF,PT,
2013,F,West Bank,N,2013,SL_TLF_MANF,PT,
2014,F,West Bank,N,2014,SL_TLF_MANF,PT,
2015,F,West Bank,N,2015,SL_TLF_MANF,PT,
2016,F,West Bank,N,2016,SL_TLF_MANF,PT,
2017,F,West Bank,N,2017,SL_TLF_MANF,PT,
2000,F,Gaza Strip,N,2000,SL_TLF_MANF,PT,
2001,F,Gaza Strip,N,2001,SL_TLF_MANF,PT,
2002,F,Gaza Strip,N,2002,SL_TLF_MANF,PT,
2003,F,Gaza Strip,N,2003,SL_TLF_MANF,PT,
2004,F,Gaza Strip,N,2004,SL_TLF_MANF,PT,
2005,F,Gaza Strip,N,2005,SL_TLF_MANF,PT,
2006,F,Gaza Strip,N,2006,SL_TLF_MANF,PT,
2007,F,Gaza Strip,N,2007,SL_TLF_MANF,PT,
2008,F,Gaza Strip,N,2008,SL_TLF_MANF,PT,
2009,F,Gaza Strip,N,2009,SL_TLF_MANF,PT,
2010,F,Gaza Strip,N,2010,SL_TLF_MANF,PT,
2011,F,Gaza Strip,N,2011,SL_TLF_MANF,PT,
2012,F,Gaza Strip,N,2012,SL_TLF_MANF,PT,
2013,F,Gaza Strip,N,2013,SL_TLF_MANF,PT,
2014,F,Gaza Strip,N,2014,SL_TLF_MANF,PT,
2015,F,Gaza Strip,N,2015,SL_TLF_MANF,PT,
2016,F,Gaza Strip,N,2016,SL_TLF_MANF,PT,
2017,F,Gaza Strip,N,2017,SL_TLF_MANF,PT,
2000,F,PS,N,2000,SL_TLF_MANF,PT,11.0
2001,F,PS,N,2001,SL_TLF_MANF,PT,9.6
2002,F,PS,N,2002,SL_TLF_MANF,PT,8.1
2003,F,PS,N,2003,SL_TLF_MANF,PT,6.6
2004,F,PS,N,2004,SL_TLF_MANF,PT,7.6
2005,F,PS,N,2005,SL_TLF_MANF,PT,7.5
2006,F,PS,N,2006,SL_TLF_MANF,PT,7.6
2007,F,PS,N,2007,SL_TLF_MANF,PT,7.2
2008,F,PS,N,2008,SL_TLF_MANF,PT,8.8
2009,F,PS,N,2009,SL_TLF_MANF,PT,8.96
2010,F,PS,N,2010,SL_TLF_MANF,PT,7.4
2011,F,PS,N,2011,SL_TLF_MANF,PT,8.5
2012,F,PS,N,2012,SL_TLF_MANF,PT,8.4
2013,F,PS,N,2013,SL_TLF_MANF,PT,9.7
2014,F,PS,N,2014,SL_TLF_MANF,PT,9.7
2015,F,PS,N,2015,SL_TLF_MANF,PT,10.8
2016,F,PS,N,2016,SL_TLF_MANF,PT,10.9
2017,F,PS,N,2017,SL_TLF_MANF,PT,10.7
2000,_T,West Bank,N,2000,SL_TLF_MANF,PT,14.9
2001,_T,West Bank,N,2001,SL_TLF_MANF,PT,14.9
2002,_T,West Bank,N,2002,SL_TLF_MANF,PT,13.8
2003,_T,West Bank,N,2003,SL_TLF_MANF,PT,13.0
2004,_T,West Bank,N,2004,SL_TLF_MANF,PT,13.3
2005,_T,West Bank,N,2005,SL_TLF_MANF,PT,14.2
2006,_T,West Bank,N,2006,SL_TLF_MANF,PT,13.7
2007,_T,West Bank,N,2007,SL_TLF_MANF,PT,13.5
2008,_T,West Bank,N,2008,SL_TLF_MANF,PT,14.8
2009,_T,West Bank,N,2009,SL_TLF_MANF,PT,14.1
2010,_T,West Bank,N,2010,SL_TLF_MANF,PT,13.3
2011,_T,West Bank,N,2011,SL_TLF_MANF,PT,13.9
2012,_T,West Bank,N,2012,SL_TLF_MANF,PT,14.4
2013,_T,West Bank,N,2013,SL_TLF_MANF,PT,14.4
2014,_T,West Bank,N,2014,SL_TLF_MANF,PT,14.5
2015,_T,West Bank,N,2015,SL_TLF_MANF,PT,14.9
2016,_T,West Bank,N,2016,SL_TLF_MANF,PT,15.3
2017,_T,West Bank,N,2017,SL_TLF_MANF,PT,15.0
2000,_T,Gaza Strip,N,2000,SL_TLF_MANF,PT,11.4
2001,_T,Gaza Strip,N,2001,SL_TLF_MANF,PT,9.6
2002,_T,Gaza Strip,N,2002,SL_TLF_MANF,PT,8.8
2003,_T,Gaza Strip,N,2003,SL_TLF_MANF,PT,8.6
2004,_T,Gaza Strip,N,2004,SL_TLF_MANF,PT,8.8
2005,_T,Gaza Strip,N,2005,SL_TLF_MANF,PT,7.9
2006,_T,Gaza Strip,N,2006,SL_TLF_MANF,PT,5.9
2007,_T,Gaza Strip,N,2007,SL_TLF_MANF,PT,5.8
2008,_T,Gaza Strip,N,2008,SL_TLF_MANF,PT,4.3
2009,_T,Gaza Strip,N,2009,SL_TLF_MANF,PT,5.3
2010,_T,Gaza Strip,N,2010,SL_TLF_MANF,PT,4.8
2011,_T,Gaza Strip,N,2011,SL_TLF_MANF,PT,5.5
2012,_T,Gaza Strip,N,2012,SL_TLF_MANF,PT,5.3
2013,_T,Gaza Strip,N,2013,SL_TLF_MANF,PT,5.3
2014,_T,Gaza Strip,N,2014,SL_TLF_MANF,PT,4.9
2015,_T,Gaza Strip,N,2015,SL_TLF_MANF,PT,5.8
2016,_T,Gaza Strip,N,2016,SL_TLF_MANF,PT,6.3
2017,_T,Gaza Strip,N,2017,SL_TLF_MANF,PT,6.0
2000,_T,PS,N,2000,SL_TLF_MANF,PT,13.9
2001,_T,PS,N,2001,SL_TLF_MANF,PT,13.5
2002,_T,PS,N,2002,SL_TLF_MANF,PT,12.4
2003,_T,PS,N,2003,SL_TLF_MANF,PT,11.6
2004,_T,PS,N,2004,SL_TLF_MANF,PT,12.0
2005,_T,PS,N,2005,SL_TLF_MANF,PT,12.4
2006,_T,PS,N,2006,SL_TLF_MANF,PT,11.6
2007,_T,PS,N,2007,SL_TLF_MANF,PT,11.3
2008,_T,PS,N,2008,SL_TLF_MANF,PT,12.0
2009,_T,PS,N,2009,SL_TLF_MANF,PT,11.7
2010,_T,PS,N,2010,SL_TLF_MANF,PT,11.0
2011,_T,PS,N,2011,SL_TLF_MANF,PT,11.4
2012,_T,PS,N,2012,SL_TLF_MANF,PT,11.6
2013,_T,PS,N,2013,SL_TLF_MANF,PT,11.5
2014,_T,PS,N,2014,SL_TLF_MANF,PT,11.8
2015,_T,PS,N,2015,SL_TLF_MANF,PT,12.2
2016,_T,PS,N,2016,SL_TLF_MANF,PT,12.5
2017,_T,PS,N,2017,SL_TLF_MANF,PT,12.4
