Year,Sub-indicators,TIME_DETAIL,Value
2015,Number of missing persons due to disaster (number),2015,
2016,Number of missing persons due to disaster (number),2016,
2017,Number of missing persons due to disaster (number),2017,
2018,Number of missing persons due to disaster (number),2018,8.0
2015,Number of people affected by disaster (number),2015,69.0
2016,Number of people affected by disaster (number),2016,1712.0
2017,Number of people affected by disaster (number),2017,7636.0
2018,Number of people affected by disaster (number),2018,82.0
2015,Number of deaths due to disaster (number),2015,7.0
2016,Number of deaths due to disaster (number),2016,
2017,Number of deaths due to disaster (number),2017,5.0
2018,Number of deaths due to disaster (number),2018,
2015,"Number of deaths and missing persons attributed to disasters per 100,000 population (number)",2015,0.0
2016,"Number of deaths and missing persons attributed to disasters per 100,000 population (number)",2016,
2017,"Number of deaths and missing persons attributed to disasters per 100,000 population (number)",2017,0.0
2018,"Number of deaths and missing persons attributed to disasters per 100,000 population (number)",2018,0.0
2015,Number of deaths and missing persons attributed to disasters (number),2015,7.0
2016,Number of deaths and missing persons attributed to disasters (number),2016,0.0
2017,Number of deaths and missing persons attributed to disasters (number),2017,5.0
2018,Number of deaths and missing persons attributed to disasters (number),2018,8.0
2015,"Number of directly affected persons attributed to disasters per 100,000 population (number)",2015,1.0
2016,"Number of directly affected persons attributed to disasters per 100,000 population (number)",2016,18.0
2017,"Number of directly affected persons attributed to disasters per 100,000 population (number)",2017,79.0
2018,"Number of directly affected persons attributed to disasters per 100,000 population (number)",2018,1.0
2015,Number of injured or ill people attributed to disasters (number),2015,69.0
2016,Number of injured or ill people attributed to disasters (number),2016,481.0
2017,Number of injured or ill people attributed to disasters (number),2017,6613.0
2018,Number of injured or ill people attributed to disasters (number),2018,82.0
2015,Number of people whose destroyed dwellings were attributed to disasters (number),2015,
2016,Number of people whose destroyed dwellings were attributed to disasters (number),2016,14.0
2017,Number of people whose destroyed dwellings were attributed to disasters (number),2017,145.0
2018,Number of people whose destroyed dwellings were attributed to disasters (number),2018,
2015,Number of people whose damaged dwellings were attributed to disasters (number),2015,
2016,Number of people whose damaged dwellings were attributed to disasters (number),2016,10.0
2017,Number of people whose damaged dwellings were attributed to disasters (number),2017,463.0
2018,Number of people whose damaged dwellings were attributed to disasters (number),2018,
2015,"Number of people whose livelihoods were disrupted or destroyed, attributed to disasters (number)",2015,
2016,"Number of people whose livelihoods were disrupted or destroyed, attributed to disasters (number)",2016,1207.0
2017,"Number of people whose livelihoods were disrupted or destroyed, attributed to disasters (number)",2017,415.0
2018,"Number of people whose livelihoods were disrupted or destroyed, attributed to disasters (number)",2018,
