Year,COMPOSITE_BREAKDOWN,TIME_DETAIL,UNIT_MEASURE,SERIES,Value
2017,SKILL_ICTCMFL,2017,NUMBER,SE_ADT_ACTS,90.1
2017,SKILL_ICTCPT,2017,NUMBER,SE_ADT_ACTS,98.5
2017,SKILL_ICTATCH,2017,NUMBER,SE_ADT_ACTS,96.4
2017,SKILL_ICTSSHT,2017,NUMBER,SE_ADT_ACTS,87.4
2017,SKILL_ICTCDV,2017,NUMBER,SE_ADT_ACTS,75.8
2017,SKILL_ICTSFWR,2017,NUMBER,SE_ADT_ACTS,87.0
2017,SKILL_ICTPST,2017,NUMBER,SE_ADT_ACTS,100.0
2017,Transfer files between  computer and other devices,2017,NUMBER,SE_ADT_ACTS,98.7
2017,SKILL_ICTPRGM,2017,NUMBER,SE_ADT_ACTS,91.0
2018,SKILL_ICTCMFL,2018,NUMBER,SE_ADT_ACTS,88.5
2018,SKILL_ICTCPT,2018,NUMBER,SE_ADT_ACTS,98.0
2018,SKILL_ICTATCH,2018,NUMBER,SE_ADT_ACTS,96.6
2018,SKILL_ICTSSHT,2018,NUMBER,SE_ADT_ACTS,80.2
2018,SKILL_ICTCDV,2018,NUMBER,SE_ADT_ACTS,79.6
2018,SKILL_ICTSFWR,2018,NUMBER,SE_ADT_ACTS,89.2
2018,SKILL_ICTPST,2018,NUMBER,SE_ADT_ACTS,100.0
2018,Transfer files between  computer and other devices,2018,NUMBER,SE_ADT_ACTS,98.3
2018,SKILL_ICTPRGM,2018,NUMBER,SE_ADT_ACTS,91.6
