Year,SERIES,REF_AREA,SEX,AGE,URBANISATION,EDUCATION_LEV,INCOME_WEALTH_QUANTILE,UNIT_MEASURE,UNIT_MULT,TIME_DETAIL,Value
2005,SH_STA_STUNT,ET,_T,_T,_T,AGGA_01_02,_T,PT,0,2005,53.4
2011,SH_STA_STUNT,ET,_T,_T,_T,AGGA_01_02,_T,PT,0,2011,46.8
2000,SH_STA_STUNT,ET,_T,_T,_T,AGG_1_2,_T,PT,0,2000,54.4
2005,SH_STA_STUNT,ET,_T,_T,_T,AGG_1_2,_T,PT,0,2005,45.2
2011,SH_STA_STUNT,ET,_T,_T,_T,AGG_1_2,_T,PT,0,2011,41.7
2000,SH_STA_STUNT,ET,_T,_T,_T,AGG_2_3,_T,PT,0,2000,36.9
2005,SH_STA_STUNT,ET,_T,_T,_T,AGG_2_3,_T,PT,0,2005,30.6
2011,SH_STA_STUNT,ET,_T,_T,_T,AGG_2_3,_T,PT,0,2011,20.2
2000,SH_STA_STUNT,ET,_T,_T,_T,AGG_5T8,_T,PT,0,2000,20.6
2005,SH_STA_STUNT,ET,_T,_T,_T,AGG_5T8,_T,PT,0,2005,20.4
2011,SH_STA_STUNT,ET,_T,_T,_T,AGG_5T8,_T,PT,0,2011,19.5
2000,SH_STA_STUNT,ET,_T,Y0T4,_T,_T,_T,PT,0,2000,57.7
2005,SH_STA_STUNT,ET,_T,Y0T4,_T,_T,_T,PT,0,2005,50.8
2011,SH_STA_STUNT,ET,_T,Y0T4,_T,_T,_T,PT,0,2011,44.4
2000,SH_STA_STUNT,ET,_T,Y0T4,_T,_T,Q1,PT,0,2000,60.6
2005,SH_STA_STUNT,ET,_T,Y0T4,_T,_T,Q1,PT,0,2005,52.3
2011,SH_STA_STUNT,ET,_T,Y0T4,_T,_T,Q1,PT,0,2011,49.2
2000,SH_STA_STUNT,ET,_T,Y0T4,_T,_T,Q2,PT,0,2000,59.9
2005,SH_STA_STUNT,ET,_T,Y0T4,_T,_T,Q2,PT,0,2005,55.3
2011,SH_STA_STUNT,ET,_T,Y0T4,_T,_T,Q2,PT,0,2011,47.7
2000,SH_STA_STUNT,ET,_T,Y0T4,_T,_T,Q3,PT,0,2000,60.4
2005,SH_STA_STUNT,ET,_T,Y0T4,_T,_T,Q3,PT,0,2005,52.3
2011,SH_STA_STUNT,ET,_T,Y0T4,_T,_T,Q3,PT,0,2011,45.6
2000,SH_STA_STUNT,ET,_T,Y0T4,_T,_T,Q4,PT,0,2000,56.7
2005,SH_STA_STUNT,ET,_T,Y0T4,_T,_T,Q4,PT,0,2005,51.4
2011,SH_STA_STUNT,ET,_T,Y0T4,_T,_T,Q4,PT,0,2011,45.0
2000,SH_STA_STUNT,ET,_T,Y0T4,_T,_T,Q5,PT,0,2000,48.5
2005,SH_STA_STUNT,ET,_T,Y0T4,_T,_T,Q5,PT,0,2005,39.6
2011,SH_STA_STUNT,ET,_T,Y0T4,_T,_T,Q5,PT,0,2011,29.7
2000,SH_STA_STUNT,ET,_T,Y0T4,U,_T,_T,PT,0,2000,47.6
2005,SH_STA_STUNT,ET,_T,Y0T4,U,_T,_T,PT,0,2005,33.0
2011,SH_STA_STUNT,ET,_T,Y0T4,U,_T,_T,PT,0,2011,31.5
2000,SH_STA_STUNT,ET,_T,Y0T4,R,_T,_T,PT,0,2000,58.9
2005,SH_STA_STUNT,ET,_T,Y0T4,R,_T,_T,PT,0,2005,52.4
2011,SH_STA_STUNT,ET,_T,Y0T4,R,_T,_T,PT,0,2011,46.2
2000,SH_STA_STUNT,ET,F,Y0T4,_T,_T,_T,PT,0,2000,56.2
2005,SH_STA_STUNT,ET,F,Y0T4,_T,_T,_T,PT,0,2005,49.4
2011,SH_STA_STUNT,ET,F,Y0T4,_T,_T,_T,PT,0,2011,42.5
2000,SH_STA_STUNT,ET,M,Y0T4,_T,_T,_T,PT,0,2000,59.2
2005,SH_STA_STUNT,ET,M,Y0T4,_T,_T,_T,PT,0,2005,52.3
2011,SH_STA_STUNT,ET,M,Y0T4,_T,_T,_T,PT,0,2011,46.2
2000,SH_STA_STUNT,ET01,_T,Y0T4,_T,_T,_T,PT,0,2000,61.2
2005,SH_STA_STUNT,ET01,_T,Y0T4,_T,_T,_T,PT,0,2005,46.1
2011,SH_STA_STUNT,ET01,_T,Y0T4,_T,_T,_T,PT,0,2011,51.4
2000,SH_STA_STUNT,ET02,_T,Y0T4,_T,_T,_T,PT,0,2000,53.1
2005,SH_STA_STUNT,ET02,_T,Y0T4,_T,_T,_T,PT,0,2005,42.2
2011,SH_STA_STUNT,ET02,_T,Y0T4,_T,_T,_T,PT,0,2011,50.2
2000,SH_STA_STUNT,ET03,_T,Y0T4,_T,_T,_T,PT,0,2000,63.0
2005,SH_STA_STUNT,ET03,_T,Y0T4,_T,_T,_T,PT,0,2005,64.0
2011,SH_STA_STUNT,ET03,_T,Y0T4,_T,_T,_T,PT,0,2011,52.0
2000,SH_STA_STUNT,ET04,_T,Y0T4,_T,_T,_T,PT,0,2000,53.9
2005,SH_STA_STUNT,ET04,_T,Y0T4,_T,_T,_T,PT,0,2005,43.9
2011,SH_STA_STUNT,ET04,_T,Y0T4,_T,_T,_T,PT,0,2011,41.4
2000,SH_STA_STUNT,ET05,_T,Y0T4,_T,_T,_T,PT,0,2000,51.8
2005,SH_STA_STUNT,ET05,_T,Y0T4,_T,_T,_T,PT,0,2005,49.4
2011,SH_STA_STUNT,ET05,_T,Y0T4,_T,_T,_T,PT,0,2011,33.0
2000,SH_STA_STUNT,ET06,_T,Y0T4,_T,_T,_T,PT,0,2000,49.7
2005,SH_STA_STUNT,ET06,_T,Y0T4,_T,_T,_T,PT,0,2005,43.8
2011,SH_STA_STUNT,ET06,_T,Y0T4,_T,_T,_T,PT,0,2011,48.6
2000,SH_STA_STUNT,ET07,_T,Y0T4,_T,_T,_T,PT,0,2000,60.8
2005,SH_STA_STUNT,ET07,_T,Y0T4,_T,_T,_T,PT,0,2005,55.1
2011,SH_STA_STUNT,ET07,_T,Y0T4,_T,_T,_T,PT,0,2011,44.1
2000,SH_STA_STUNT,ET12,_T,Y0T4,_T,_T,_T,PT,0,2000,41.7
2005,SH_STA_STUNT,ET12,_T,Y0T4,_T,_T,_T,PT,0,2005,38.2
2011,SH_STA_STUNT,ET12,_T,Y0T4,_T,_T,_T,PT,0,2011,27.3
2000,SH_STA_STUNT,ET13,_T,Y0T4,_T,_T,_T,PT,0,2000,42.1
2005,SH_STA_STUNT,ET13,_T,Y0T4,_T,_T,_T,PT,0,2005,43.8
2011,SH_STA_STUNT,ET13,_T,Y0T4,_T,_T,_T,PT,0,2011,29.8
2000,SH_STA_STUNT,ET14,_T,Y0T4,_T,_T,_T,PT,0,2000,32.9
2005,SH_STA_STUNT,ET14,_T,Y0T4,_T,_T,_T,PT,0,2005,24.3
2011,SH_STA_STUNT,ET14,_T,Y0T4,_T,_T,_T,PT,0,2011,22.0
2000,SH_STA_STUNT,ET15,_T,Y0T4,_T,_T,_T,PT,0,2000,34.3
2005,SH_STA_STUNT,ET15,_T,Y0T4,_T,_T,_T,PT,0,2005,34.6
2011,SH_STA_STUNT,ET15,_T,Y0T4,_T,_T,_T,PT,0,2011,36.3
