Year,SERIES,REF_AREA,SEX,AGE,URBANISATION,EDUCATION_LEV,INCOME_WEALTH_QUANTILE,UNIT_MEASURE,UNIT_MULT,REPORTING_TYPE,TIME_DETAIL,Value
2000,SP_DYN_MRBF15,ET,_T,Y20T24,_T,_T,_T,PT,0,N,2000,19.0
2005,SP_DYN_MRBF15,ET,_T,Y20T24,_T,_T,_T,PT,0,N,2005,23.9
2011,SP_DYN_MRBF15,ET,_T,Y20T24,_T,_T,_T,PT,0,N,2011,16.4
2016,SP_DYN_MRBF15,ET,_T,Y20T24,_T,_T,_T,PT,0,N,2016,14.0
2000,SP_DYN_MRBF18,ET,_T,Y20T24,_T,_T,_T,PT,0,N,2000,49.1
2005,SP_DYN_MRBF18,ET,_T,Y20T24,_T,_T,_T,PT,0,N,2005,49.2
2011,SP_DYN_MRBF18,ET,_T,Y20T24,_T,_T,_T,PT,0,N,2011,41.2
2016,SP_DYN_MRBF18,ET,_T,Y20T24,_T,_T,_T,PT,0,N,2016,40.3
