Year,SERIES,REF_AREA,SEX,AGE,location,EDUCATION_LEV,OCCUPATION,COMPOSITE_BREAKDOWN,DISABILITY_STATUS,UNIT_MEASURE,UNIT_MULT,TIME_DETAIL,Value
2016,SH_MED_DEN,ZM,_T,_T,_T,_T,ISCO08_221,_T,_T,PER_100000_POP,0,2016,0.93
2017,SH_MED_DEN,ZM,_T,_T,_T,_T,ISCO08_221,_T,_T,PER_100000_POP,0,2017,0.95
2018,SH_MED_DEN,ZM,_T,_T,_T,_T,ISCO08_221,_T,_T,PER_100000_POP,0,2018,0.97
2016,SH_MED_DEN,ZM,_T,_T,_T,_T,ISCO08_222_322,_T,_T,PER_100000_POP,0,2016,9.03
2017,SH_MED_DEN,ZM,_T,_T,_T,_T,ISCO08_222_322,_T,_T,PER_100000_POP,0,2017,9.29
2018,SH_MED_DEN,ZM,_T,_T,_T,_T,ISCO08_222_322,_T,_T,PER_100000_POP,0,2018,11.79
