Year,SERIES,REF_AREA,SEX,AGE,location,EDUCATION_LEV,OCCUPATION,COMPOSITE_BREAKDOWN,DISABILITY_STATUS,UNIT_MEASURE,UNIT_MULT,REPORTING_TYPE,TIME_DETAIL,Value
2016,SE_TRA_GRDL,ZM,_T,_T,_T,ISCED11_02,_T,_T,_T,PT,0,N,2016,4.6
2017,SE_TRA_GRDL,ZM,_T,_T,_T,ISCED11_02,_T,_T,_T,PT,0,N,2017,4.4
2016,SE_TRA_GRDL,ZM,_T,_T,_T,ISCED11_1,_T,_T,_T,PT,0,N,2016,79.2
2017,SE_TRA_GRDL,ZM,_T,_T,_T,ISCED11_1,_T,_T,_T,PT,0,N,2017,79.4
2016,SE_TRA_GRDL,ZM,_T,_T,_T,AGG_2_3,_T,_T,_T,PT,0,N,2016,83.6
2017,SE_TRA_GRDL,ZM,_T,_T,_T,AGG_2_3,_T,_T,_T,PT,0,N,2017,87.0
