Year,SERIES,REF_AREA,SEX,AGE,location,EDUCATION_LEV,OCCUPATION,COMPOSITE_BREAKDOWN,DISABILITY_STATUS,UNIT_MEASURE,UNIT_MULT,TIME_DETAIL,Value
2015,POP_SECR_LAND,ZM,F,Y_GE15,_T,_T,_T,_T,_T,PT,0,2015,0.02
2016,POP_SECR_LAND,ZM,F,Y_GE15,_T,_T,_T,_T,_T,PT,0,2016,0.09
2015,POP_SECR_LAND,ZM,M,Y_GE15,_T,_T,_T,_T,_T,PT,0,2015,0.06
2016,POP_SECR_LAND,ZM,M,Y_GE15,_T,_T,_T,_T,_T,PT,0,2016,0.22
2015,POP_SECR_LAND,ZM,_T,Y_GE15,_T,_T,_T,_T,_T,PT,0,2015,0.04
2016,POP_SECR_LAND,ZM,_T,Y_GE15,_T,_T,_T,_T,_T,PT,0,2016,0.16
