Year,SERIES,REF_AREA,SEX,AGE,location,EDUCATION_LEV,OCCUPATION,COMPOSITE_BREAKDOWN,DISABILITY_STATUS,UNIT_MEASURE,UNIT_MULT,REPORTING_TYPE,TIME_DETAIL,Value
2016,SE_ACS_ELECT,ZM,_T,_T,_T,_T,_T,_T,_T,PT,0,N,2016,14.4
2017,SE_ACS_ELECT,ZM,_T,_T,_T,_T,_T,_T,_T,PT,0,N,2017,43.8
2017,SE_ACS_INTNT,ZM,_T,_T,_T,_T,_T,_T,_T,PT,0,N,2017,8.1
2016,SE_ACS_CMPTR,ZM,_T,_T,_T,_T,_T,_T,_T,PT,0,N,2016,43.1
2017,SE_ACS_CMPTR,ZM,_T,_T,_T,_T,_T,_T,_T,PT,0,N,2017,41.4
2016,SE_ACS_H2O,ZM,_T,_T,_T,_T,_T,_T,_T,PT,0,N,2016,44.2
2017,SE_ACS_H2O,ZM,_T,_T,_T,_T,_T,_T,_T,PT,0,N,2017,63.1
