Year,SERIES,REF_AREA,SEX,AGE,location,EDUCATION_LEV,OCCUPATION,COMPOSITE_BREAKDOWN,DISABILITY_STATUS,UNIT_MEASURE,UNIT_MULT,REPORTING_TYPE,TIME_DETAIL,Value
2016,EG_CFT_COOK,ZM,_T,_T,_T,_T,_T,_T,_T,PT,0,N,2016,15.9
2016,EG_CFT_COOK,ZM,_T,_T,U,_T,_T,_T,_T,PT,0,N,2016,35.4
2016,EG_CFT_COOK,ZM,_T,_T,R,_T,_T,_T,_T,PT,0,N,2016,0.4
2016,EG_CFT_LIGHT,ZM,_T,_T,_T,_T,_T,_T,_T,PT,0,N,2016,81.0
2016,EG_CFT_LIGHT,ZM,_T,_T,U,_T,_T,_T,_T,PT,0,N,2016,81.2
2016,EG_CFT_LIGHT,ZM,_T,_T,R,_T,_T,_T,_T,PT,0,N,2016,81.1
