Year,indicador-disponível,objectivo,meta,indicador,sériedescrição,província,sexo,idade,área-de-residência,nível-de-educação,ocupação,deficiência,composição-composta,quintil,unit,scale,Value
2015,G,1,1.3,1.3.1,SI_COV_BENFTS,508,_T,_T,_T,_T,_T,_T,_T,_T,Percent,1,15.96
2016,G,1,1.3,1.3.1,SI_COV_BENFTS,508,_T,_T,_T,_T,_T,_T,_T,_T,Percent,1,17.39
2017,G,1,1.3,1.3.1,SI_COV_BENFTS,508,_T,_T,_T,_T,_T,_T,_T,_T,Percent,1,17.0
2018,G,1,1.3,1.3.1,SI_COV_BENFTS,508,_T,_T,_T,_T,_T,_T,_T,_T,Percent,1,19.0
