Year,REPORTING_TYPE,SERIES,REF_AREA,SEX,AGE,URBANISATION,EDUCATION_LEV,OCCUPATION,DISABILITY_STATUS,COMPOSITE_BREAKDOWN,INCOME_WEALTH_QUANTILE,UNIT_MEASURE,UNIT_MULT,TIME_DETAIL,Value
2015,G,SI_COV_BENFTS,508,_T,_T,_T,_T,_T,_T,_T,_T,PT,0,2015,15.96
2016,G,SI_COV_BENFTS,508,_T,_T,_T,_T,_T,_T,_T,_T,PT,0,2016,17.39
2017,G,SI_COV_BENFTS,508,_T,_T,_T,_T,_T,_T,_T,_T,PT,0,2017,17.0
2018,G,SI_COV_BENFTS,508,_T,_T,_T,_T,_T,_T,_T,_T,PT,0,2018,19.0
2019,G,SI_COV_BENFTS,508,_T,_T,_T,_T,_T,_T,_T,_T,PT,0,2019,22.0
