Year,indicador-disponível,sériedescrição,província,sexo,idade,área-de-residência,nível-de-educação,ocupação,deficiência,composição-composta,quintil,unit,TIME_DETAIL,Value
2011,G,SL_EMP_GTOTL,508,_T,_T,_T,_T,_T,_T,_T,_T,Percent,2011,24.741
2013,G,SL_EMP_GTOTL,508,_T,_T,_T,_T,_T,_T,_T,_T,Percent,2013,24.879
2015,G,SL_EMP_GTOTL,508,_T,_T,_T,_T,_T,_T,_T,_T,Percent,2015,25.996
2016,G,SL_EMP_GTOTL,508,_T,_T,_T,_T,_T,_T,_T,_T,Percent,2016,25.808
2017,G,SL_EMP_GTOTL,508,_T,_T,_T,_T,_T,_T,_T,_T,Percent,2017,24.12
