Year,indicador-disponível,objectivo,meta,indicador,sériedescrição,província,sexo,idade,área-de-residência,nível-de-educação,ocupação,deficiência,composição-composta,quintil,unit,scale,Value
2019,N,16,16.4,16.4.MZ_1,D38,508,_T,_T,_T,_T,_T,_T,CB1,_T,Number,1,87.0
2019,N,16,16.4,16.4.MZ_1,D38,508,_T,_T,_T,_T,_T,_T,CB2,_T,Number,1,128.0
2019,N,16,16.4,16.4.MZ_1,D38,508,_T,_T,_T,_T,_T,_T,CB3,_T,Number,1,196.0
2019,N,16,16.4,16.4.MZ_1,D38,508,_T,_T,_T,_T,_T,_T,CB4,_T,Number,1,17.0
2019,N,16,16.4,16.4.MZ_1,D38,508,_T,_T,_T,_T,_T,_T,CB5,_T,Number,1,151.0
