Year,indicador-disponível,objectivo,meta,indicador,sériedescrição,província,sexo,idade,área-de-residência,nível-de-educação,ocupação,deficiência,composição-composta,quintil,unit,scale,Value
2007,G,17,17.8,17.8.1,IT_USE_II99,508,F,_T,_T,_T,_T,_T,_T,_T,Percent,1,0.6
2007,G,17,17.8,17.8.1,IT_USE_II99,508,F,_T,U,_T,_T,_T,_T,_T,Percent,1,1.9
2007,G,17,17.8,17.8.1,IT_USE_II99,508,F,_T,R,_T,_T,_T,_T,_T,Percent,1,0.03
2007,G,17,17.8,17.8.1,IT_USE_II99,508,M,_T,_T,_T,_T,_T,_T,_T,Percent,1,0.8
2007,G,17,17.8,17.8.1,IT_USE_II99,508,M,_T,U,_T,_T,_T,_T,_T,Percent,1,2.4
2007,G,17,17.8,17.8.1,IT_USE_II99,508,M,_T,R,_T,_T,_T,_T,_T,Percent,1,0.05
2007,G,17,17.8,17.8.1,IT_USE_II99,508,_T,_T,_T,_T,_T,_T,_T,_T,Percent,1,0.7
2007,G,17,17.8,17.8.1,IT_USE_II99,508,_T,_T,U,_T,_T,_T,_T,_T,Percent,1,2.3
2007,G,17,17.8,17.8.1,IT_USE_II99,508,_T,_T,R,_T,_T,_T,_T,_T,Percent,1,0.04
