Year,indicador-disponível,sériedescrição,província,sexo,idade,área-de-residência,nível-de-educação,ocupação,deficiência,composição-composta,quintil,unit,TIME_DETAIL,Value
2007,G,IT_USE_II99,508,F,_T,_T,_T,_T,_T,_T,_T,Percent,2007,0.6
2007,G,IT_USE_II99,508,F,_T,U,_T,_T,_T,_T,_T,Percent,2007,1.9
2007,G,IT_USE_II99,508,F,_T,R,_T,_T,_T,_T,_T,Percent,2007,0.03
2007,G,IT_USE_II99,508,M,_T,_T,_T,_T,_T,_T,_T,Percent,2007,0.8
2007,G,IT_USE_II99,508,M,_T,U,_T,_T,_T,_T,_T,Percent,2007,2.4
2007,G,IT_USE_II99,508,M,_T,R,_T,_T,_T,_T,_T,Percent,2007,0.05
2007,G,IT_USE_II99,508,_T,_T,_T,_T,_T,_T,_T,_T,Percent,2007,0.7
2007,G,IT_USE_II99,508,_T,_T,U,_T,_T,_T,_T,_T,Percent,2007,2.3
2007,G,IT_USE_II99,508,_T,_T,R,_T,_T,_T,_T,_T,Percent,2007,0.04
