Year,indicador-disponível,objectivo,meta,indicador,sériedescrição,província,sexo,idade,área-de-residência,nível-de-educação,ocupação,deficiência,composição-composta,quintil,unit,scale,Value
2015,G,3,3.3,3.3.3,SH_STA_MALR,508,_T,_T,_T,_T,_T,_T,_T,_T,Percent,1,250.0
2016,G,3,3.3,3.3.3,SH_STA_MALR,508,_T,_T,_T,_T,_T,_T,_T,_T,Percent,1,322.0
2017,G,3,3.3,3.3.3,SH_STA_MALR,508,_T,_T,_T,_T,_T,_T,_T,_T,Percent,1,365.0
2018,G,3,3.3,3.3.3,SH_STA_MALR,508,_T,_T,_T,_T,_T,_T,_T,_T,Percent,1,370.0
