Year,indicador-disponível,sériedescrição,província,sexo,idade,área-de-residência,nível-de-educação,ocupação,deficiência,composição-composta,quintil,unit,TIME_DETAIL,Value
2019,G,SH_MED_HEAWOR,508,_T,_T,_T,_T,ISCO08_221,_T,_T,_T,Percent,2019,8.5
2019,G,SH_MED_HEAWOR,508,_T,_T,_T,_T,ISCO08_222_322,_T,_T,_T,Percent,2019,47.9
2019,G,SH_MED_HEAWOR,508,_T,_T,_T,_T,E,_T,_T,_T,Percent,2019,28.5
2019,G,SH_MED_HEAWOR,508,_T,_T,_T,_T,ISCO08_2261,_T,_T,_T,Percent,2019,0.9
2019,G,SH_MED_HEAWOR,508,_T,_T,_T,_T,ISCO08_2262,_T,_T,_T,Percent,2019,9.3
