Year,indicador-disponível,objectivo,meta,indicador,sériedescrição,província,sexo,idade,área-de-residência,nível-de-educação,ocupação,deficiência,composição-composta,quintil,unit,scale,Value
2019,G,3,3.c,3.c.1,SH_MED_HEAWOR,508,_T,_T,_T,_T,ISCO08_221,_T,_T,_T,Percent,1,8.5
2019,G,3,3.c,3.c.1,SH_MED_HEAWOR,508,_T,_T,_T,_T,ISCO08_222_322,_T,_T,_T,Percent,1,47.9
2019,G,3,3.c,3.c.1,SH_MED_HEAWOR,508,_T,_T,_T,_T,E,_T,_T,_T,Percent,1,28.5
2019,G,3,3.c,3.c.1,SH_MED_HEAWOR,508,_T,_T,_T,_T,ISCO08_2261,_T,_T,_T,Percent,1,0.9
2019,G,3,3.c,3.c.1,SH_MED_HEAWOR,508,_T,_T,_T,_T,ISCO08_2262,_T,_T,_T,Percent,1,9.3
