Year,REPORTING_TYPE,SERIES,REF_AREA,SEX,AGE,URBANISATION,EDUCATION_LEV,OCCUPATION,DISABILITY_STATUS,COMPOSITE_BREAKDOWN,INCOME_WEALTH_QUANTILE,UNIT_MEASURE,UNIT_MULT,TIME_DETAIL,Value
2016,N,D42,MZ,F,_T,_T,_T,_T,_T,SKILL_MATH,_T,PT,0,2016,7.0
2016,N,D42,MZ,F,_T,_T,_T,_T,_T,SKILL_READ,_T,PT,0,2016,4.9
2016,N,D42,MZ,M,_T,_T,_T,_T,_T,SKILL_MATH,_T,PT,0,2016,8.4
2016,N,D42,MZ,M,_T,_T,_T,_T,_T,SKILL_READ,_T,PT,0,2016,4.9
2016,N,D42,MZ,_T,_T,_T,_T,_T,_T,SKILL_MATH,_T,PT,0,2016,7.7
2016,N,D42,MZ,_T,_T,_T,_T,_T,_T,SKILL_READ,_T,PT,0,2016,4.9
