Year,indicador-disponível,objectivo,meta,indicador,sériedescrição,província,sexo,idade,área-de-residência,nível-de-educação,ocupação,deficiência,composição-composta,quintil,unit,scale,Value
2016,N,4,4.1,4.1.MZ_1,D42,508,F,_T,_T,_T,_T,_T,SKILL_MATH,_T,Percent,1,7.0
2016,N,4,4.1,4.1.MZ_1,D42,508,F,_T,_T,_T,_T,_T,SKILL_READ,_T,Percent,1,4.9
2016,N,4,4.1,4.1.MZ_1,D42,508,M,_T,_T,_T,_T,_T,SKILL_MATH,_T,Percent,1,8.4
2016,N,4,4.1,4.1.MZ_1,D42,508,M,_T,_T,_T,_T,_T,SKILL_READ,_T,Percent,1,4.9
2016,N,4,4.1,4.1.MZ_1,D42,508,_T,_T,_T,_T,_T,_T,SKILL_MATH,_T,Percent,1,7.7
2016,N,4,4.1,4.1.MZ_1,D42,508,_T,_T,_T,_T,_T,_T,SKILL_READ,_T,Percent,1,4.9
