Year,indicador-disponível,objectivo,meta,indicador,sériedescrição,província,sexo,idade,área-de-residência,nível-de-educação,ocupação,deficiência,composição-composta,quintil,unit,scale,Value
2011,G,5,5.2,5.2.1,D3,508,_T,_T,U,_T,_T,_T,_T,_T,Percent,1,51.8
2011,G,5,5.2,5.2.1,D3,508,_T,_T,R,_T,_T,_T,_T,_T,Percent,1,42.7
2011,G,5,5.2,5.2.1,D3,508,_T,Y15T19,_T,_T,_T,_T,_T,_T,Percent,1,36.7
2011,G,5,5.2,5.2.1,D3,508,_T,Y15T49,_T,_T,_T,_T,_T,_T,Percent,1,45.5
2011,G,5,5.2,5.2.1,D3,508,_T,Y20T24,_T,_T,_T,_T,_T,_T,Percent,1,47.8
2011,G,5,5.2,5.2.1,D3,508,_T,Y25T29,_T,_T,_T,_T,_T,_T,Percent,1,47.6
2011,G,5,5.2,5.2.1,D3,508,_T,Y30T39,_T,_T,_T,_T,_T,_T,Percent,1,48.3
2011,G,5,5.2,5.2.1,D3,508,_T,Y40T49,_T,_T,_T,_T,_T,_T,Percent,1,41.3
2011,G,5,5.2,5.2.1,D3,MZ-A,_T,_T,_T,_T,_T,_T,_T,_T,Percent,1,30.7
2011,G,5,5.2,5.2.1,D3,MZ-P,_T,_T,_T,_T,_T,_T,_T,_T,Percent,1,34.6
2011,G,5,5.2,5.2.1,D3,MZ-N,_T,_T,_T,_T,_T,_T,_T,_T,Percent,1,53.3
2011,G,5,5.2,5.2.1,D3,MZ-Q,_T,_T,_T,_T,_T,_T,_T,_T,Percent,1,36.5
2011,G,5,5.2,5.2.1,D3,MZ-T,_T,_T,_T,_T,_T,_T,_T,_T,Percent,1,35.1
2011,G,5,5.2,5.2.1,D3,MZ-B,_T,_T,_T,_T,_T,_T,_T,_T,Percent,1,62.5
2011,G,5,5.2,5.2.1,D3,MZ-S,_T,_T,_T,_T,_T,_T,_T,_T,Percent,1,56.4
2011,G,5,5.2,5.2.1,D3,MZ-I,_T,_T,_T,_T,_T,_T,_T,_T,Percent,1,55.8
2011,G,5,5.2,5.2.1,D3,MZ-G,_T,_T,_T,_T,_T,_T,_T,_T,Percent,1,44.9
2011,G,5,5.2,5.2.1,D3,MZ-L,_T,_T,_T,_T,_T,_T,_T,_T,Percent,1,46.8
2011,G,5,5.2,5.2.1,D3,MZ6,_T,_T,_T,_T,_T,_T,_T,_T,Percent,1,54.4
2011,G,5,5.2,5.2.1,D2,508,_T,_T,U,_T,_T,_T,_T,_T,Percent,1,37.8
2011,G,5,5.2,5.2.1,D2,508,_T,_T,R,_T,_T,_T,_T,_T,Percent,1,31.0
2011,G,5,5.2,5.2.1,D2,508,_T,Y15T19,_T,_T,_T,_T,_T,_T,Percent,1,23.8
2011,G,5,5.2,5.2.1,D2,508,_T,Y15T49,_T,_T,_T,_T,_T,_T,Percent,1,33.1
2011,G,5,5.2,5.2.1,D2,508,_T,Y20T24,_T,_T,_T,_T,_T,_T,Percent,1,34.9
2011,G,5,5.2,5.2.1,D2,508,_T,Y25T29,_T,_T,_T,_T,_T,_T,Percent,1,34.9
2011,G,5,5.2,5.2.1,D2,508,_T,Y30T39,_T,_T,_T,_T,_T,_T,Percent,1,35.4
2011,G,5,5.2,5.2.1,D2,508,_T,Y40T49,_T,_T,_T,_T,_T,_T,Percent,1,31.0
2011,G,5,5.2,5.2.1,D2,MZ-A,_T,_T,_T,_T,_T,_T,_T,_T,Percent,1,17.0
2011,G,5,5.2,5.2.1,D2,MZ-P,_T,_T,_T,_T,_T,_T,_T,_T,Percent,1,32.5
2011,G,5,5.2,5.2.1,D2,MZ-N,_T,_T,_T,_T,_T,_T,_T,_T,Percent,1,36.5
2011,G,5,5.2,5.2.1,D2,MZ-Q,_T,_T,_T,_T,_T,_T,_T,_T,Percent,1,30.5
2011,G,5,5.2,5.2.1,D2,MZ-T,_T,_T,_T,_T,_T,_T,_T,_T,Percent,1,28.2
2011,G,5,5.2,5.2.1,D2,MZ-B,_T,_T,_T,_T,_T,_T,_T,_T,Percent,1,35.0
2011,G,5,5.2,5.2.1,D2,MZ-S,_T,_T,_T,_T,_T,_T,_T,_T,Percent,1,41.0
2011,G,5,5.2,5.2.1,D2,MZ-I,_T,_T,_T,_T,_T,_T,_T,_T,Percent,1,33.3
2011,G,5,5.2,5.2.1,D2,MZ-G,_T,_T,_T,_T,_T,_T,_T,_T,Percent,1,37.9
2011,G,5,5.2,5.2.1,D2,MZ-L,_T,_T,_T,_T,_T,_T,_T,_T,Percent,1,34.5
2011,G,5,5.2,5.2.1,D2,MZ6,_T,_T,_T,_T,_T,_T,_T,_T,Percent,1,36.4
2011,G,5,5.2,5.2.1,D1,508,_T,_T,U,_T,_T,_T,_T,_T,Percent,1,5.3
2011,G,5,5.2,5.2.1,D1,508,_T,_T,R,_T,_T,_T,_T,_T,Percent,1,4.4
2011,G,5,5.2,5.2.1,D1,508,_T,Y15T19,_T,_T,_T,_T,_T,_T,Percent,1,4.4
2011,G,5,5.2,5.2.1,D1,508,_T,Y15T49,_T,_T,_T,_T,_T,_T,Percent,1,4.7
2011,G,5,5.2,5.2.1,D1,508,_T,Y20T24,_T,_T,_T,_T,_T,_T,Percent,1,6.0
2011,G,5,5.2,5.2.1,D1,508,_T,Y25T29,_T,_T,_T,_T,_T,_T,Percent,1,3.5
2011,G,5,5.2,5.2.1,D1,508,_T,Y30T39,_T,_T,_T,_T,_T,_T,Percent,1,5.4
2011,G,5,5.2,5.2.1,D1,508,_T,Y40T49,_T,_T,_T,_T,_T,_T,Percent,1,3.7
2011,G,5,5.2,5.2.1,D1,MZ-A,_T,_T,_T,_T,_T,_T,_T,_T,Percent,1,5.9
2011,G,5,5.2,5.2.1,D1,MZ-P,_T,_T,_T,_T,_T,_T,_T,_T,Percent,1,1.4
2011,G,5,5.2,5.2.1,D1,MZ-N,_T,_T,_T,_T,_T,_T,_T,_T,Percent,1,4.5
2011,G,5,5.2,5.2.1,D1,MZ-Q,_T,_T,_T,_T,_T,_T,_T,_T,Percent,1,3.7
2011,G,5,5.2,5.2.1,D1,MZ-T,_T,_T,_T,_T,_T,_T,_T,_T,Percent,1,4.5
2011,G,5,5.2,5.2.1,D1,MZ-B,_T,_T,_T,_T,_T,_T,_T,_T,Percent,1,6.9
2011,G,5,5.2,5.2.1,D1,MZ-S,_T,_T,_T,_T,_T,_T,_T,_T,Percent,1,9.0
2011,G,5,5.2,5.2.1,D1,MZ-I,_T,_T,_T,_T,_T,_T,_T,_T,Percent,1,2.2
2011,G,5,5.2,5.2.1,D1,MZ-G,_T,_T,_T,_T,_T,_T,_T,_T,Percent,1,5.5
2011,G,5,5.2,5.2.1,D1,MZ-L,_T,_T,_T,_T,_T,_T,_T,_T,Percent,1,4.1
2011,G,5,5.2,5.2.1,D1,MZ6,_T,_T,_T,_T,_T,_T,_T,_T,Percent,1,5.1
2011,G,5,5.2,5.2.1,VC_VAW_SEXV,508,_T,_T,U,_T,_T,_T,_T,_T,Percent,1,9.1
2011,G,5,5.2,5.2.1,VC_VAW_SEXV,508,_T,_T,R,_T,_T,_T,_T,_T,Percent,1,7.3
2011,G,5,5.2,5.2.1,VC_VAW_SEXV,508,_T,Y15T19,_T,_T,_T,_T,_T,_T,Percent,1,7.0
2011,G,5,5.2,5.2.1,VC_VAW_SEXV,508,_T,Y15T49,_T,_T,_T,_T,_T,_T,Percent,1,7.9
2011,G,5,5.2,5.2.1,VC_VAW_SEXV,508,_T,Y20T24,_T,_T,_T,_T,_T,_T,Percent,1,9.7
2011,G,5,5.2,5.2.1,VC_VAW_SEXV,508,_T,Y25T29,_T,_T,_T,_T,_T,_T,Percent,1,6.6
2011,G,5,5.2,5.2.1,VC_VAW_SEXV,508,_T,Y30T39,_T,_T,_T,_T,_T,_T,Percent,1,8.3
2011,G,5,5.2,5.2.1,VC_VAW_SEXV,508,_T,Y40T49,_T,_T,_T,_T,_T,_T,Percent,1,7.0
2011,G,5,5.2,5.2.1,VC_VAW_SEXV,MZ-A,_T,_T,_T,_T,_T,_T,_T,_T,Percent,1,6.7
2011,G,5,5.2,5.2.1,VC_VAW_SEXV,MZ-P,_T,_T,_T,_T,_T,_T,_T,_T,Percent,1,3.1
2011,G,5,5.2,5.2.1,VC_VAW_SEXV,MZ-N,_T,_T,_T,_T,_T,_T,_T,_T,Percent,1,6.4
2011,G,5,5.2,5.2.1,VC_VAW_SEXV,MZ-Q,_T,_T,_T,_T,_T,_T,_T,_T,Percent,1,7.8
2011,G,5,5.2,5.2.1,VC_VAW_SEXV,MZ-T,_T,_T,_T,_T,_T,_T,_T,_T,Percent,1,5.6
2011,G,5,5.2,5.2.1,VC_VAW_SEXV,MZ-B,_T,_T,_T,_T,_T,_T,_T,_T,Percent,1,9.0
2011,G,5,5.2,5.2.1,VC_VAW_SEXV,MZ-S,_T,_T,_T,_T,_T,_T,_T,_T,Percent,1,18.3
2011,G,5,5.2,5.2.1,VC_VAW_SEXV,MZ-I,_T,_T,_T,_T,_T,_T,_T,_T,Percent,1,5.9
2011,G,5,5.2,5.2.1,VC_VAW_SEXV,MZ-G,_T,_T,_T,_T,_T,_T,_T,_T,Percent,1,10.0
2011,G,5,5.2,5.2.1,VC_VAW_SEXV,MZ-L,_T,_T,_T,_T,_T,_T,_T,_T,Percent,1,5.2
2011,G,5,5.2,5.2.1,VC_VAW_SEXV,MZ6,_T,_T,_T,_T,_T,_T,_T,_T,Percent,1,8.4
2011,G,5,5.2,5.2.1,VC_VAW_PHYV,508,_T,_T,U,_T,_T,_T,_T,_T,Percent,1,35.7
2011,G,5,5.2,5.2.1,VC_VAW_PHYV,508,_T,_T,R,_T,_T,_T,_T,_T,Percent,1,29.6
2011,G,5,5.2,5.2.1,VC_VAW_PHYV,508,_T,Y15T19,_T,_T,_T,_T,_T,_T,Percent,1,22.2
2011,G,5,5.2,5.2.1,VC_VAW_PHYV,508,_T,Y15T49,_T,_T,_T,_T,_T,_T,Percent,1,31.5
2011,G,5,5.2,5.2.1,VC_VAW_PHYV,508,_T,Y20T24,_T,_T,_T,_T,_T,_T,Percent,1,32.7
2011,G,5,5.2,5.2.1,VC_VAW_PHYV,508,_T,Y25T29,_T,_T,_T,_T,_T,_T,Percent,1,33.4
2011,G,5,5.2,5.2.1,VC_VAW_PHYV,508,_T,Y30T39,_T,_T,_T,_T,_T,_T,Percent,1,33.8
2011,G,5,5.2,5.2.1,VC_VAW_PHYV,508,_T,Y40T49,_T,_T,_T,_T,_T,_T,Percent,1,29.7
2011,G,5,5.2,5.2.1,VC_VAW_PHYV,MZ-A,_T,_T,_T,_T,_T,_T,_T,_T,Percent,1,16.2
2011,G,5,5.2,5.2.1,VC_VAW_PHYV,MZ-P,_T,_T,_T,_T,_T,_T,_T,_T,Percent,1,32.2
2011,G,5,5.2,5.2.1,VC_VAW_PHYV,MZ-N,_T,_T,_T,_T,_T,_T,_T,_T,Percent,1,35.2
2011,G,5,5.2,5.2.1,VC_VAW_PHYV,MZ-Q,_T,_T,_T,_T,_T,_T,_T,_T,Percent,1,28.9
2011,G,5,5.2,5.2.1,VC_VAW_PHYV,MZ-T,_T,_T,_T,_T,_T,_T,_T,_T,Percent,1,27.7
2011,G,5,5.2,5.2.1,VC_VAW_PHYV,MZ-B,_T,_T,_T,_T,_T,_T,_T,_T,Percent,1,33.6
2011,G,5,5.2,5.2.1,VC_VAW_PHYV,MZ-S,_T,_T,_T,_T,_T,_T,_T,_T,Percent,1,36.0
2011,G,5,5.2,5.2.1,VC_VAW_PHYV,MZ-I,_T,_T,_T,_T,_T,_T,_T,_T,Percent,1,32.7
2011,G,5,5.2,5.2.1,VC_VAW_PHYV,MZ-G,_T,_T,_T,_T,_T,_T,_T,_T,Percent,1,35.1
2011,G,5,5.2,5.2.1,VC_VAW_PHYV,MZ-L,_T,_T,_T,_T,_T,_T,_T,_T,Percent,1,33.9
2011,G,5,5.2,5.2.1,VC_VAW_PHYV,MZ6,_T,_T,_T,_T,_T,_T,_T,_T,Percent,1,33.4
2011,G,5,5.2,5.2.1,VC_VAW_PSYV,508,_T,_T,U,_T,_T,_T,_T,_T,Percent,1,39.6
2011,G,5,5.2,5.2.1,VC_VAW_PSYV,508,_T,_T,R,_T,_T,_T,_T,_T,Percent,1,31.2
2011,G,5,5.2,5.2.1,VC_VAW_PSYV,508,_T,Y15T19,_T,_T,_T,_T,_T,_T,Percent,1,28.5
2011,G,5,5.2,5.2.1,VC_VAW_PSYV,508,_T,Y15T49,_T,_T,_T,_T,_T,_T,Percent,1,33.8
2011,G,5,5.2,5.2.1,VC_VAW_PSYV,508,_T,Y20T24,_T,_T,_T,_T,_T,_T,Percent,1,36.4
2011,G,5,5.2,5.2.1,VC_VAW_PSYV,508,_T,Y25T29,_T,_T,_T,_T,_T,_T,Percent,1,35.3
2011,G,5,5.2,5.2.1,VC_VAW_PSYV,508,_T,Y30T39,_T,_T,_T,_T,_T,_T,Percent,1,35.9
2011,G,5,5.2,5.2.1,VC_VAW_PSYV,508,_T,Y40T49,_T,_T,_T,_T,_T,_T,Percent,1,29.3
2011,G,5,5.2,5.2.1,VC_VAW_PSYV,MZ-A,_T,_T,_T,_T,_T,_T,_T,_T,Percent,1,28.2
2011,G,5,5.2,5.2.1,VC_VAW_PSYV,MZ-P,_T,_T,_T,_T,_T,_T,_T,_T,Percent,1,13.7
2011,G,5,5.2,5.2.1,VC_VAW_PSYV,MZ-N,_T,_T,_T,_T,_T,_T,_T,_T,Percent,1,47.1
2011,G,5,5.2,5.2.1,VC_VAW_PSYV,MZ-Q,_T,_T,_T,_T,_T,_T,_T,_T,Percent,1,18.8
2011,G,5,5.2,5.2.1,VC_VAW_PSYV,MZ-T,_T,_T,_T,_T,_T,_T,_T,_T,Percent,1,28.0
2011,G,5,5.2,5.2.1,VC_VAW_PSYV,MZ-B,_T,_T,_T,_T,_T,_T,_T,_T,Percent,1,57.2
2011,G,5,5.2,5.2.1,VC_VAW_PSYV,MZ-S,_T,_T,_T,_T,_T,_T,_T,_T,Percent,1,41.5
2011,G,5,5.2,5.2.1,VC_VAW_PSYV,MZ-I,_T,_T,_T,_T,_T,_T,_T,_T,Percent,1,43.6
2011,G,5,5.2,5.2.1,VC_VAW_PSYV,MZ-G,_T,_T,_T,_T,_T,_T,_T,_T,Percent,1,29.9
2011,G,5,5.2,5.2.1,VC_VAW_PSYV,MZ-L,_T,_T,_T,_T,_T,_T,_T,_T,Percent,1,34.5
2011,G,5,5.2,5.2.1,VC_VAW_PSYV,MZ6,_T,_T,_T,_T,_T,_T,_T,_T,Percent,1,45.8
2011,G,5,5.2,5.2.1,VC_VAW_MARR,508,_T,_T,U,_T,_T,_T,_T,_T,Percent,1,7.0
2011,G,5,5.2,5.2.1,VC_VAW_MARR,508,_T,_T,R,_T,_T,_T,_T,_T,Percent,1,5.9
2011,G,5,5.2,5.2.1,VC_VAW_MARR,508,_T,Y15T19,_T,_T,_T,_T,_T,_T,Percent,1,5.4
2011,G,5,5.2,5.2.1,VC_VAW_MARR,508,_T,Y15T49,_T,_T,_T,_T,_T,_T,Percent,1,6.2
2011,G,5,5.2,5.2.1,VC_VAW_MARR,508,_T,Y20T24,_T,_T,_T,_T,_T,_T,Percent,1,7.6
2011,G,5,5.2,5.2.1,VC_VAW_MARR,508,_T,Y25T29,_T,_T,_T,_T,_T,_T,Percent,1,5.1
2011,G,5,5.2,5.2.1,VC_VAW_MARR,508,_T,Y30T39,_T,_T,_T,_T,_T,_T,Percent,1,6.8
2011,G,5,5.2,5.2.1,VC_VAW_MARR,508,_T,Y40T49,_T,_T,_T,_T,_T,_T,Percent,1,5.7
2011,G,5,5.2,5.2.1,VC_VAW_MARR,MZ-A,_T,_T,_T,_T,_T,_T,_T,_T,Percent,1,5.9
2011,G,5,5.2,5.2.1,VC_VAW_MARR,MZ-P,_T,_T,_T,_T,_T,_T,_T,_T,Percent,1,2.8
2011,G,5,5.2,5.2.1,VC_VAW_MARR,MZ-N,_T,_T,_T,_T,_T,_T,_T,_T,Percent,1,5.0
2011,G,5,5.2,5.2.1,VC_VAW_MARR,MZ-Q,_T,_T,_T,_T,_T,_T,_T,_T,Percent,1,6.2
2011,G,5,5.2,5.2.1,VC_VAW_MARR,MZ-T,_T,_T,_T,_T,_T,_T,_T,_T,Percent,1,5.1
2011,G,5,5.2,5.2.1,VC_VAW_MARR,MZ-B,_T,_T,_T,_T,_T,_T,_T,_T,Percent,1,7.6
2011,G,5,5.2,5.2.1,VC_VAW_MARR,MZ-S,_T,_T,_T,_T,_T,_T,_T,_T,Percent,1,13.4
2011,G,5,5.2,5.2.1,VC_VAW_MARR,MZ-I,_T,_T,_T,_T,_T,_T,_T,_T,Percent,1,5.3
2011,G,5,5.2,5.2.1,VC_VAW_MARR,MZ-G,_T,_T,_T,_T,_T,_T,_T,_T,Percent,1,7.2
2011,G,5,5.2,5.2.1,VC_VAW_MARR,MZ-L,_T,_T,_T,_T,_T,_T,_T,_T,Percent,1,4.6
2011,G,5,5.2,5.2.1,VC_VAW_MARR,MZ6,_T,_T,_T,_T,_T,_T,_T,_T,Percent,1,5.4
