Year,indicador-disponível,objectivo,meta,indicador,sériedescrição,província,sexo,idade,área-de-residência,nível-de-educação,ocupação,deficiência,composição-composta,quintil,unit,scale,Value
2015,G,5,5.b,5.b.1,IT_MOB_OWN,508,F,_T,_T,_T,_T,_T,_T,_T,Percent,1,22.3710882900826
2015,G,5,5.b,5.b.1,IT_MOB_OWN,508,M,_T,_T,_T,_T,_T,_T,_T,Percent,1,30.7865427159729
2015,G,5,5.b,5.b.1,IT_MOB_OWN,508,_T,_T,_T,_T,_T,_T,_T,_T,Percent,1,26.3964662956881
2015,G,5,5.b,5.b.1,IT_MOB_OWN,508,_T,_T,U,_T,_T,_T,_T,_T,Percent,1,42.0026509039398
2015,G,5,5.b,5.b.1,IT_MOB_OWN,508,_T,_T,R,_T,_T,_T,_T,_T,Percent,1,18.3858183586566
2015,G,5,5.b,5.b.1,IT_MOB_OWN,MZ-A,_T,_T,_T,_T,_T,_T,_T,_T,Percent,1,18.0339230204851
2015,G,5,5.b,5.b.1,IT_MOB_OWN,MZ-P,_T,_T,_T,_T,_T,_T,_T,_T,Percent,1,20.1241889967942
2015,G,5,5.b,5.b.1,IT_MOB_OWN,MZ-N,_T,_T,_T,_T,_T,_T,_T,_T,Percent,1,16.3910003406581
2015,G,5,5.b,5.b.1,IT_MOB_OWN,MZ-Q,_T,_T,_T,_T,_T,_T,_T,_T,Percent,1,14.5258403401896
2015,G,5,5.b,5.b.1,IT_MOB_OWN,MZ-T,_T,_T,_T,_T,_T,_T,_T,_T,Percent,1,20.0229270156668
2015,G,5,5.b,5.b.1,IT_MOB_OWN,MZ-B,_T,_T,_T,_T,_T,_T,_T,_T,Percent,1,27.8380535129412
2015,G,5,5.b,5.b.1,IT_MOB_OWN,MZ-S,_T,_T,_T,_T,_T,_T,_T,_T,Percent,1,26.8661891620015
2015,G,5,5.b,5.b.1,IT_MOB_OWN,MZ-I,_T,_T,_T,_T,_T,_T,_T,_T,Percent,1,42.9861646743016
2015,G,5,5.b,5.b.1,IT_MOB_OWN,MZ-G,_T,_T,_T,_T,_T,_T,_T,_T,Percent,1,44.4314306302416
2015,G,5,5.b,5.b.1,IT_MOB_OWN,MZ-L,_T,_T,_T,_T,_T,_T,_T,_T,Percent,1,56.9230604618264
2015,G,5,5.b,5.b.1,IT_MOB_OWN,MZ6,_T,_T,_T,_T,_T,_T,_T,_T,Percent,1,64.9582543161835
