Year,indicador-disponível,objectivo,meta,indicador,sériedescrição,província,sexo,idade,área-de-residência,nível-de-educação,ocupação,deficiência,composição-composta,quintil,unit,scale,Value
2015,G,8,8.1,8.10.1,FB_ATM_TOTL,508,_T,_T,_T,_T,_T,_T,_T,_T,por 100 mil adultos,1,11.4
2016,G,8,8.1,8.10.1,FB_ATM_TOTL,508,_T,_T,_T,_T,_T,_T,_T,_T,por 100 mil adultos,1,11.5
2015,G,8,8.1,8.10.1,FB_CBK_BRCH,508,_T,_T,_T,_T,_T,_T,_T,_T,por 100 mil adultos,1,4.6
2016,G,8,8.1,8.10.1,FB_CBK_BRCH,508,_T,_T,_T,_T,_T,_T,_T,_T,por 100 mil adultos,1,4.5
2015,G,8,8.1,8.10.1,FB_CBK_BRCH,508,_T,_T,U,_T,_T,_T,_T,_T,por 100 mil adultos,1,11.6
2016,G,8,8.1,8.10.1,FB_CBK_BRCH,508,_T,_T,U,_T,_T,_T,_T,_T,por 100 mil adultos,1,10.8
2015,G,8,8.1,8.10.1,FB_CBK_BRCH,508,_T,_T,R,_T,_T,_T,_T,_T,por 100 mil adultos,1,1.5
2016,G,8,8.1,8.10.1,FB_CBK_BRCH,508,_T,_T,R,_T,_T,_T,_T,_T,por 100 mil adultos,1,2.0
