Year,indicador-disponível,sériedescrição,província,sexo,idade,área-de-residência,nível-de-educação,ocupação,deficiência,composição-composta,quintil,unit,TIME_DETAIL,Value
2015,G,FB_ATM_TOTL,508,_T,_T,_T,_T,_T,_T,_T,_T,por 100 mil adultos,2015,11.4
2016,G,FB_ATM_TOTL,508,_T,_T,_T,_T,_T,_T,_T,_T,por 100 mil adultos,2016,11.5
2015,G,FB_CBK_BRCH,508,_T,_T,_T,_T,_T,_T,_T,_T,por 100 mil adultos,2015,4.6
2016,G,FB_CBK_BRCH,508,_T,_T,_T,_T,_T,_T,_T,_T,por 100 mil adultos,2016,4.5
2015,G,FB_CBK_BRCH,508,_T,_T,U,_T,_T,_T,_T,_T,por 100 mil adultos,2015,11.6
2016,G,FB_CBK_BRCH,508,_T,_T,U,_T,_T,_T,_T,_T,por 100 mil adultos,2016,10.8
2015,G,FB_CBK_BRCH,508,_T,_T,R,_T,_T,_T,_T,_T,por 100 mil adultos,2015,1.5
2016,G,FB_CBK_BRCH,508,_T,_T,R,_T,_T,_T,_T,_T,por 100 mil adultos,2016,2.0
