Year,indicador-disponível,objectivo,meta,indicador,sériedescrição,província,sexo,idade,área-de-residência,nível-de-educação,ocupação,deficiência,composição-composta,quintil,unit,scale,Value
2011,G,9,9.2,9.2.1,NV_IND_MANF,508,_T,_T,_T,_T,_T,_T,_T,_T,Percent,1,9.808
2013,G,9,9.2,9.2.1,NV_IND_MANF,508,_T,_T,_T,_T,_T,_T,_T,_T,Percent,1,8.187
2015,G,9,9.2,9.2.1,NV_IND_MANF,508,_T,_T,_T,_T,_T,_T,_T,_T,Percent,1,8.1922
2016,G,9,9.2,9.2.1,NV_IND_MANF,508,_T,_T,_T,_T,_T,_T,_T,_T,Percent,1,8.479
2017,G,9,9.2,9.2.1,NV_IND_MANF,508,_T,_T,_T,_T,_T,_T,_T,_T,Percent,1,8.201
