Year,REPORTING_TYPE,SERIES,REF_AREA,SEX,AGE,URBANISATION,EDUCATION_LEV,OCCUPATION,DISABILITY_STATUS,COMPOSITE_BREAKDOWN,INCOME_WEALTH_QUANTILE,UNIT_MEASURE,UNIT_MULT,TIME_DETAIL,Value
2011,G,NV_IND_MANF,508,_T,_T,_T,_T,_T,_T,_T,_T,PT,0,2011,9.808
2013,G,NV_IND_MANF,508,_T,_T,_T,_T,_T,_T,_T,_T,PT,0,2013,8.187
2015,G,NV_IND_MANF,508,_T,_T,_T,_T,_T,_T,_T,_T,PT,0,2015,8.1922
2016,G,NV_IND_MANF,508,_T,_T,_T,_T,_T,_T,_T,_T,PT,0,2016,8.479
2017,G,NV_IND_MANF,508,_T,_T,_T,_T,_T,_T,_T,_T,PT,0,2017,8.201
