Year,Observation status,Unit multiplier,Nature of data points,Source details,Frequency of observation,Reporting type,SERIES,Reference area,UNIT_MEASURE,Value
2017,Normal value,Units,Not Available,Ministry of Agriculture and Forestry ;  http://www.maf.gov.la,Annual,National,Proportion of population living in households with access to secondary school [1.4.1],Lao People's Democratic Republic,Percent,83.1
2017,Normal value,Units,Not Available,Ministry of Agriculture and Forestry ;  http://www.maf.gov.la,Annual,National,Proportion of population living in households with access to health service [1.4.1],Lao People's Democratic Republic,Percent,74.3
2017,Normal value,Units,Not Available,Ministry of Agriculture and Forestry ;  http://www.maf.gov.la,Annual,National,Proportion of population living in households with access to improved water [1.4.1],Lao People's Democratic Republic,Percent,78.1
2017,Normal value,Units,Not Available,Ministry of Agriculture and Forestry ;  http://www.maf.gov.la,Annual,National,Proportion of population living in households with access to eletricity [1.4.1],Lao People's Democratic Republic,Percent,93.4
2017,Normal value,Units,Not Available,Ministry of Agriculture and Forestry ;  http://www.maf.gov.la,Annual,National,Proportion of population living in households with access to roads all seasons [1.4.1],Lao People's Democratic Republic,Percent,83.4
