Year,URBANISATION,REF_AREA,REPORTING_TYPE,TIME_DETAIL,SERIES,UNIT_MEASURE,Value
0,_T,West Bank,N,0,SH_SAN_DEFECT,PT,99.4
2000,_T,West Bank,N,2000,SH_SAN_DEFECT,PT,99.4
2002,_T,West Bank,N,2002,SH_SAN_DEFECT,PT,98.8
2003,_T,West Bank,N,2003,SH_SAN_DEFECT,PT,98.4
2004,_T,West Bank,N,2004,SH_SAN_DEFECT,PT,98.6
2005,_T,West Bank,N,2005,SH_SAN_DEFECT,PT,99.2
2006,_T,West Bank,N,2006,SH_SAN_DEFECT,PT,99.2
2007,_T,West Bank,N,2007,SH_SAN_DEFECT,PT,98.8
2008,_T,West Bank,N,2008,SH_SAN_DEFECT,PT,98.8
2009,_T,West Bank,N,2009,SH_SAN_DEFECT,PT,99.0
2010,_T,West Bank,N,2010,SH_SAN_DEFECT,PT,88.0
2011,_T,West Bank,N,2011,SH_SAN_DEFECT,PT,98.8
2012,_T,West Bank,N,2012,SH_SAN_DEFECT,PT,99.4
2013,_T,West Bank,N,2013,SH_SAN_DEFECT,PT,99.3
2014,_T,West Bank,N,2014,SH_SAN_DEFECT,PT,98.8
2015,_T,West Bank,N,2015,SH_SAN_DEFECT,PT,98.8
2017,_T,West Bank,N,2017,SH_SAN_DEFECT,PT,99.6
0,_T,Gaza Strip,N,0,SH_SAN_DEFECT,PT,
2000,_T,Gaza Strip,N,2000,SH_SAN_DEFECT,PT,100.0
2002,_T,Gaza Strip,N,2002,SH_SAN_DEFECT,PT,99.3
2003,_T,Gaza Strip,N,2003,SH_SAN_DEFECT,PT,99.5
2004,_T,Gaza Strip,N,2004,SH_SAN_DEFECT,PT,100.0
2005,_T,Gaza Strip,N,2005,SH_SAN_DEFECT,PT,99.6
2006,_T,Gaza Strip,N,2006,SH_SAN_DEFECT,PT,99.7
2007,_T,Gaza Strip,N,2007,SH_SAN_DEFECT,PT,99.9
2008,_T,Gaza Strip,N,2008,SH_SAN_DEFECT,PT,99.8
2009,_T,Gaza Strip,N,2009,SH_SAN_DEFECT,PT,99.8
2010,_T,Gaza Strip,N,2010,SH_SAN_DEFECT,PT,95.5
2011,_T,Gaza Strip,N,2011,SH_SAN_DEFECT,PT,100.0
2012,_T,Gaza Strip,N,2012,SH_SAN_DEFECT,PT,100.0
2013,_T,Gaza Strip,N,2013,SH_SAN_DEFECT,PT,100.0
2014,_T,Gaza Strip,N,2014,SH_SAN_DEFECT,PT,98.4
2015,_T,Gaza Strip,N,2015,SH_SAN_DEFECT,PT,100.0
2017,_T,Gaza Strip,N,2017,SH_SAN_DEFECT,PT,99.9
0,_T,PS,N,0,SH_SAN_DEFECT,PT,
2000,_T,PS,N,2000,SH_SAN_DEFECT,PT,99.6
2002,_T,PS,N,2002,SH_SAN_DEFECT,PT,99.0
2003,_T,PS,N,2003,SH_SAN_DEFECT,PT,99.8
2004,_T,PS,N,2004,SH_SAN_DEFECT,PT,99.0
2005,_T,PS,N,2005,SH_SAN_DEFECT,PT,99.4
2006,_T,PS,N,2006,SH_SAN_DEFECT,PT,99.3
2007,_T,PS,N,2007,SH_SAN_DEFECT,PT,99.2
2008,_T,PS,N,2008,SH_SAN_DEFECT,PT,99.2
2009,_T,PS,N,2009,SH_SAN_DEFECT,PT,99.3
2010,_T,PS,N,2010,SH_SAN_DEFECT,PT,90.8
2011,_T,PS,N,2011,SH_SAN_DEFECT,PT,99.3
2012,_T,PS,N,2012,SH_SAN_DEFECT,PT,99.6
2013,_T,PS,N,2013,SH_SAN_DEFECT,PT,99.5
2014,_T,PS,N,2014,SH_SAN_DEFECT,PT,98.6
2015,_T,PS,N,2015,SH_SAN_DEFECT,PT,99.2
2017,_T,PS,N,2017,SH_SAN_DEFECT,PT,99.7
0,_T,Jenin,N,0,SH_SAN_DEFECT,PT,
2000,_T,Jenin,N,2000,SH_SAN_DEFECT,PT,
2002,_T,Jenin,N,2002,SH_SAN_DEFECT,PT,
2003,_T,Jenin,N,2003,SH_SAN_DEFECT,PT,
2004,_T,Jenin,N,2004,SH_SAN_DEFECT,PT,
2005,_T,Jenin,N,2005,SH_SAN_DEFECT,PT,
2006,_T,Jenin,N,2006,SH_SAN_DEFECT,PT,
2007,_T,Jenin,N,2007,SH_SAN_DEFECT,PT,99.8
2008,_T,Jenin,N,2008,SH_SAN_DEFECT,PT,
2009,_T,Jenin,N,2009,SH_SAN_DEFECT,PT,
2010,_T,Jenin,N,2010,SH_SAN_DEFECT,PT,85.8
2011,_T,Jenin,N,2011,SH_SAN_DEFECT,PT,
2012,_T,Jenin,N,2012,SH_SAN_DEFECT,PT,
2013,_T,Jenin,N,2013,SH_SAN_DEFECT,PT,
2014,_T,Jenin,N,2014,SH_SAN_DEFECT,PT,98.4
2015,_T,Jenin,N,2015,SH_SAN_DEFECT,PT,
2017,_T,Jenin,N,2017,SH_SAN_DEFECT,PT,99.9
0,_T,Tubas & Northern Valleys,N,0,SH_SAN_DEFECT,PT,
2000,_T,Tubas & Northern Valleys,N,2000,SH_SAN_DEFECT,PT,
2002,_T,Tubas & Northern Valleys,N,2002,SH_SAN_DEFECT,PT,
2003,_T,Tubas & Northern Valleys,N,2003,SH_SAN_DEFECT,PT,
2004,_T,Tubas & Northern Valleys,N,2004,SH_SAN_DEFECT,PT,
2005,_T,Tubas & Northern Valleys,N,2005,SH_SAN_DEFECT,PT,
2006,_T,Tubas & Northern Valleys,N,2006,SH_SAN_DEFECT,PT,
2007,_T,Tubas & Northern Valleys,N,2007,SH_SAN_DEFECT,PT,96.9
2008,_T,Tubas & Northern Valleys,N,2008,SH_SAN_DEFECT,PT,
2009,_T,Tubas & Northern Valleys,N,2009,SH_SAN_DEFECT,PT,
2010,_T,Tubas & Northern Valleys,N,2010,SH_SAN_DEFECT,PT,78.4
2011,_T,Tubas & Northern Valleys,N,2011,SH_SAN_DEFECT,PT,
2012,_T,Tubas & Northern Valleys,N,2012,SH_SAN_DEFECT,PT,
2013,_T,Tubas & Northern Valleys,N,2013,SH_SAN_DEFECT,PT,
2014,_T,Tubas & Northern Valleys,N,2014,SH_SAN_DEFECT,PT,100.0
2015,_T,Tubas & Northern Valleys,N,2015,SH_SAN_DEFECT,PT,
2017,_T,Tubas & Northern Valleys,N,2017,SH_SAN_DEFECT,PT,99.2
0,_T,Tulkarm,N,0,SH_SAN_DEFECT,PT,
2000,_T,Tulkarm,N,2000,SH_SAN_DEFECT,PT,
2002,_T,Tulkarm,N,2002,SH_SAN_DEFECT,PT,
2003,_T,Tulkarm,N,2003,SH_SAN_DEFECT,PT,
2004,_T,Tulkarm,N,2004,SH_SAN_DEFECT,PT,
2005,_T,Tulkarm,N,2005,SH_SAN_DEFECT,PT,
2006,_T,Tulkarm,N,2006,SH_SAN_DEFECT,PT,
2007,_T,Tulkarm,N,2007,SH_SAN_DEFECT,PT,99.7
2008,_T,Tulkarm,N,2008,SH_SAN_DEFECT,PT,
2009,_T,Tulkarm,N,2009,SH_SAN_DEFECT,PT,
2010,_T,Tulkarm,N,2010,SH_SAN_DEFECT,PT,98.2
2011,_T,Tulkarm,N,2011,SH_SAN_DEFECT,PT,
2012,_T,Tulkarm,N,2012,SH_SAN_DEFECT,PT,
2013,_T,Tulkarm,N,2013,SH_SAN_DEFECT,PT,
2014,_T,Tulkarm,N,2014,SH_SAN_DEFECT,PT,99.4
2015,_T,Tulkarm,N,2015,SH_SAN_DEFECT,PT,
2017,_T,Tulkarm,N,2017,SH_SAN_DEFECT,PT,99.9
0,_T,Nablus,N,0,SH_SAN_DEFECT,PT,
2000,_T,Nablus,N,2000,SH_SAN_DEFECT,PT,
2002,_T,Nablus,N,2002,SH_SAN_DEFECT,PT,
2003,_T,Nablus,N,2003,SH_SAN_DEFECT,PT,
2004,_T,Nablus,N,2004,SH_SAN_DEFECT,PT,
2005,_T,Nablus,N,2005,SH_SAN_DEFECT,PT,
2006,_T,Nablus,N,2006,SH_SAN_DEFECT,PT,
2007,_T,Nablus,N,2007,SH_SAN_DEFECT,PT,99.6
2008,_T,Nablus,N,2008,SH_SAN_DEFECT,PT,
2009,_T,Nablus,N,2009,SH_SAN_DEFECT,PT,
2010,_T,Nablus,N,2010,SH_SAN_DEFECT,PT,97.3
2011,_T,Nablus,N,2011,SH_SAN_DEFECT,PT,
2012,_T,Nablus,N,2012,SH_SAN_DEFECT,PT,
2013,_T,Nablus,N,2013,SH_SAN_DEFECT,PT,
2014,_T,Nablus,N,2014,SH_SAN_DEFECT,PT,99.7
2015,_T,Nablus,N,2015,SH_SAN_DEFECT,PT,
2017,_T,Nablus,N,2017,SH_SAN_DEFECT,PT,99.9
0,_T,Qalqiliya,N,0,SH_SAN_DEFECT,PT,
2000,_T,Qalqiliya,N,2000,SH_SAN_DEFECT,PT,
2002,_T,Qalqiliya,N,2002,SH_SAN_DEFECT,PT,
2003,_T,Qalqiliya,N,2003,SH_SAN_DEFECT,PT,
2004,_T,Qalqiliya,N,2004,SH_SAN_DEFECT,PT,
2005,_T,Qalqiliya,N,2005,SH_SAN_DEFECT,PT,
2006,_T,Qalqiliya,N,2006,SH_SAN_DEFECT,PT,
2007,_T,Qalqiliya,N,2007,SH_SAN_DEFECT,PT,98.6
2008,_T,Qalqiliya,N,2008,SH_SAN_DEFECT,PT,
2009,_T,Qalqiliya,N,2009,SH_SAN_DEFECT,PT,
2010,_T,Qalqiliya,N,2010,SH_SAN_DEFECT,PT,95.3
2011,_T,Qalqiliya,N,2011,SH_SAN_DEFECT,PT,
2012,_T,Qalqiliya,N,2012,SH_SAN_DEFECT,PT,
2013,_T,Qalqiliya,N,2013,SH_SAN_DEFECT,PT,
2014,_T,Qalqiliya,N,2014,SH_SAN_DEFECT,PT,100.0
2015,_T,Qalqiliya,N,2015,SH_SAN_DEFECT,PT,
2017,_T,Qalqiliya,N,2017,SH_SAN_DEFECT,PT,100.0
0,_T,Salfit,N,0,SH_SAN_DEFECT,PT,
2000,_T,Salfit,N,2000,SH_SAN_DEFECT,PT,
2002,_T,Salfit,N,2002,SH_SAN_DEFECT,PT,
2003,_T,Salfit,N,2003,SH_SAN_DEFECT,PT,
2004,_T,Salfit,N,2004,SH_SAN_DEFECT,PT,
2005,_T,Salfit,N,2005,SH_SAN_DEFECT,PT,
2006,_T,Salfit,N,2006,SH_SAN_DEFECT,PT,
2007,_T,Salfit,N,2007,SH_SAN_DEFECT,PT,99.5
2008,_T,Salfit,N,2008,SH_SAN_DEFECT,PT,
2009,_T,Salfit,N,2009,SH_SAN_DEFECT,PT,
2010,_T,Salfit,N,2010,SH_SAN_DEFECT,PT,66.5
2011,_T,Salfit,N,2011,SH_SAN_DEFECT,PT,
2012,_T,Salfit,N,2012,SH_SAN_DEFECT,PT,
2013,_T,Salfit,N,2013,SH_SAN_DEFECT,PT,
2014,_T,Salfit,N,2014,SH_SAN_DEFECT,PT,100.0
2015,_T,Salfit,N,2015,SH_SAN_DEFECT,PT,
2017,_T,Salfit,N,2017,SH_SAN_DEFECT,PT,99.8
0,_T,Ramallah & Al-Bireh,N,0,SH_SAN_DEFECT,PT,
2000,_T,Ramallah & Al-Bireh,N,2000,SH_SAN_DEFECT,PT,
2002,_T,Ramallah & Al-Bireh,N,2002,SH_SAN_DEFECT,PT,
2003,_T,Ramallah & Al-Bireh,N,2003,SH_SAN_DEFECT,PT,
2004,_T,Ramallah & Al-Bireh,N,2004,SH_SAN_DEFECT,PT,
2005,_T,Ramallah & Al-Bireh,N,2005,SH_SAN_DEFECT,PT,
2006,_T,Ramallah & Al-Bireh,N,2006,SH_SAN_DEFECT,PT,
2007,_T,Ramallah & Al-Bireh,N,2007,SH_SAN_DEFECT,PT,98.7
2008,_T,Ramallah & Al-Bireh,N,2008,SH_SAN_DEFECT,PT,
2009,_T,Ramallah & Al-Bireh,N,2009,SH_SAN_DEFECT,PT,
2010,_T,Ramallah & Al-Bireh,N,2010,SH_SAN_DEFECT,PT,80.1
2011,_T,Ramallah & Al-Bireh,N,2011,SH_SAN_DEFECT,PT,
2012,_T,Ramallah & Al-Bireh,N,2012,SH_SAN_DEFECT,PT,
2013,_T,Ramallah & Al-Bireh,N,2013,SH_SAN_DEFECT,PT,
2014,_T,Ramallah & Al-Bireh,N,2014,SH_SAN_DEFECT,PT,99.0
2015,_T,Ramallah & Al-Bireh,N,2015,SH_SAN_DEFECT,PT,
2017,_T,Ramallah & Al-Bireh,N,2017,SH_SAN_DEFECT,PT,99.4
0,_T,Jericho & AL Aghwar,N,0,SH_SAN_DEFECT,PT,
2000,_T,Jericho & AL Aghwar,N,2000,SH_SAN_DEFECT,PT,
2002,_T,Jericho & AL Aghwar,N,2002,SH_SAN_DEFECT,PT,
2003,_T,Jericho & AL Aghwar,N,2003,SH_SAN_DEFECT,PT,
2004,_T,Jericho & AL Aghwar,N,2004,SH_SAN_DEFECT,PT,
2005,_T,Jericho & AL Aghwar,N,2005,SH_SAN_DEFECT,PT,
2006,_T,Jericho & AL Aghwar,N,2006,SH_SAN_DEFECT,PT,
2007,_T,Jericho & AL Aghwar,N,2007,SH_SAN_DEFECT,PT,94.3
2008,_T,Jericho & AL Aghwar,N,2008,SH_SAN_DEFECT,PT,
2009,_T,Jericho & AL Aghwar,N,2009,SH_SAN_DEFECT,PT,
2010,_T,Jericho & AL Aghwar,N,2010,SH_SAN_DEFECT,PT,95.5
2011,_T,Jericho & AL Aghwar,N,2011,SH_SAN_DEFECT,PT,
2012,_T,Jericho & AL Aghwar,N,2012,SH_SAN_DEFECT,PT,
2013,_T,Jericho & AL Aghwar,N,2013,SH_SAN_DEFECT,PT,
2014,_T,Jericho & AL Aghwar,N,2014,SH_SAN_DEFECT,PT,96.4
2015,_T,Jericho & AL Aghwar,N,2015,SH_SAN_DEFECT,PT,
2017,_T,Jericho & AL Aghwar,N,2017,SH_SAN_DEFECT,PT,98.8
0,_T,Jerusalem,N,0,SH_SAN_DEFECT,PT,
2000,_T,Jerusalem,N,2000,SH_SAN_DEFECT,PT,
2002,_T,Jerusalem,N,2002,SH_SAN_DEFECT,PT,
2003,_T,Jerusalem,N,2003,SH_SAN_DEFECT,PT,
2004,_T,Jerusalem,N,2004,SH_SAN_DEFECT,PT,
2005,_T,Jerusalem,N,2005,SH_SAN_DEFECT,PT,
2006,_T,Jerusalem,N,2006,SH_SAN_DEFECT,PT,
2007,_T,Jerusalem,N,2007,SH_SAN_DEFECT,PT,98.0
2008,_T,Jerusalem,N,2008,SH_SAN_DEFECT,PT,
2009,_T,Jerusalem,N,2009,SH_SAN_DEFECT,PT,
2010,_T,Jerusalem,N,2010,SH_SAN_DEFECT,PT,88.3
2011,_T,Jerusalem,N,2011,SH_SAN_DEFECT,PT,
2012,_T,Jerusalem,N,2012,SH_SAN_DEFECT,PT,
2013,_T,Jerusalem,N,2013,SH_SAN_DEFECT,PT,
2014,_T,Jerusalem,N,2014,SH_SAN_DEFECT,PT,98.6
2015,_T,Jerusalem,N,2015,SH_SAN_DEFECT,PT,
2017,_T,Jerusalem,N,2017,SH_SAN_DEFECT,PT,98.5
0,_T,Bethlehem,N,0,SH_SAN_DEFECT,PT,
2000,_T,Bethlehem,N,2000,SH_SAN_DEFECT,PT,
2002,_T,Bethlehem,N,2002,SH_SAN_DEFECT,PT,
2003,_T,Bethlehem,N,2003,SH_SAN_DEFECT,PT,
2004,_T,Bethlehem,N,2004,SH_SAN_DEFECT,PT,
2005,_T,Bethlehem,N,2005,SH_SAN_DEFECT,PT,
2006,_T,Bethlehem,N,2006,SH_SAN_DEFECT,PT,
2007,_T,Bethlehem,N,2007,SH_SAN_DEFECT,PT,98.6
2008,_T,Bethlehem,N,2008,SH_SAN_DEFECT,PT,
2009,_T,Bethlehem,N,2009,SH_SAN_DEFECT,PT,
2010,_T,Bethlehem,N,2010,SH_SAN_DEFECT,PT,90.9
2011,_T,Bethlehem,N,2011,SH_SAN_DEFECT,PT,
2012,_T,Bethlehem,N,2012,SH_SAN_DEFECT,PT,
2013,_T,Bethlehem,N,2013,SH_SAN_DEFECT,PT,
2014,_T,Bethlehem,N,2014,SH_SAN_DEFECT,PT,97.2
2015,_T,Bethlehem,N,2015,SH_SAN_DEFECT,PT,
2017,_T,Bethlehem,N,2017,SH_SAN_DEFECT,PT,98.7
0,_T,Hebron,N,0,SH_SAN_DEFECT,PT,
2000,_T,Hebron,N,2000,SH_SAN_DEFECT,PT,
2002,_T,Hebron,N,2002,SH_SAN_DEFECT,PT,
2003,_T,Hebron,N,2003,SH_SAN_DEFECT,PT,
2004,_T,Hebron,N,2004,SH_SAN_DEFECT,PT,
2005,_T,Hebron,N,2005,SH_SAN_DEFECT,PT,
2006,_T,Hebron,N,2006,SH_SAN_DEFECT,PT,
2007,_T,Hebron,N,2007,SH_SAN_DEFECT,PT,98.4
2008,_T,Hebron,N,2008,SH_SAN_DEFECT,PT,
2009,_T,Hebron,N,2009,SH_SAN_DEFECT,PT,
2010,_T,Hebron,N,2010,SH_SAN_DEFECT,PT,85.1
2011,_T,Hebron,N,2011,SH_SAN_DEFECT,PT,
2012,_T,Hebron,N,2012,SH_SAN_DEFECT,PT,
2013,_T,Hebron,N,2013,SH_SAN_DEFECT,PT,
2014,_T,Hebron,N,2014,SH_SAN_DEFECT,PT,98.9
2015,_T,Hebron,N,2015,SH_SAN_DEFECT,PT,
2017,_T,Hebron,N,2017,SH_SAN_DEFECT,PT,99.7
0,_T,North Gaza,N,0,SH_SAN_DEFECT,PT,
2000,_T,North Gaza,N,2000,SH_SAN_DEFECT,PT,
2002,_T,North Gaza,N,2002,SH_SAN_DEFECT,PT,
2003,_T,North Gaza,N,2003,SH_SAN_DEFECT,PT,
2004,_T,North Gaza,N,2004,SH_SAN_DEFECT,PT,
2005,_T,North Gaza,N,2005,SH_SAN_DEFECT,PT,
2006,_T,North Gaza,N,2006,SH_SAN_DEFECT,PT,
2007,_T,North Gaza,N,2007,SH_SAN_DEFECT,PT,99.9
2008,_T,North Gaza,N,2008,SH_SAN_DEFECT,PT,
2009,_T,North Gaza,N,2009,SH_SAN_DEFECT,PT,
2010,_T,North Gaza,N,2010,SH_SAN_DEFECT,PT,92.8
2011,_T,North Gaza,N,2011,SH_SAN_DEFECT,PT,
2012,_T,North Gaza,N,2012,SH_SAN_DEFECT,PT,
2013,_T,North Gaza,N,2013,SH_SAN_DEFECT,PT,
2014,_T,North Gaza,N,2014,SH_SAN_DEFECT,PT,97.2
2015,_T,North Gaza,N,2015,SH_SAN_DEFECT,PT,
2017,_T,North Gaza,N,2017,SH_SAN_DEFECT,PT,99.7
0,_T,Gaza,N,0,SH_SAN_DEFECT,PT,
2000,_T,Gaza,N,2000,SH_SAN_DEFECT,PT,
2002,_T,Gaza,N,2002,SH_SAN_DEFECT,PT,
2003,_T,Gaza,N,2003,SH_SAN_DEFECT,PT,
2004,_T,Gaza,N,2004,SH_SAN_DEFECT,PT,
2005,_T,Gaza,N,2005,SH_SAN_DEFECT,PT,
2006,_T,Gaza,N,2006,SH_SAN_DEFECT,PT,
2007,_T,Gaza,N,2007,SH_SAN_DEFECT,PT,99.9
2008,_T,Gaza,N,2008,SH_SAN_DEFECT,PT,
2009,_T,Gaza,N,2009,SH_SAN_DEFECT,PT,
2010,_T,Gaza,N,2010,SH_SAN_DEFECT,PT,95.6
2011,_T,Gaza,N,2011,SH_SAN_DEFECT,PT,
2012,_T,Gaza,N,2012,SH_SAN_DEFECT,PT,
2013,_T,Gaza,N,2013,SH_SAN_DEFECT,PT,
2014,_T,Gaza,N,2014,SH_SAN_DEFECT,PT,97.8
2015,_T,Gaza,N,2015,SH_SAN_DEFECT,PT,
2017,_T,Gaza,N,2017,SH_SAN_DEFECT,PT,99.9
0,_T,Dier Al-Balah,N,0,SH_SAN_DEFECT,PT,
2000,_T,Dier Al-Balah,N,2000,SH_SAN_DEFECT,PT,
2002,_T,Dier Al-Balah,N,2002,SH_SAN_DEFECT,PT,
2003,_T,Dier Al-Balah,N,2003,SH_SAN_DEFECT,PT,
2004,_T,Dier Al-Balah,N,2004,SH_SAN_DEFECT,PT,
2005,_T,Dier Al-Balah,N,2005,SH_SAN_DEFECT,PT,
2006,_T,Dier Al-Balah,N,2006,SH_SAN_DEFECT,PT,
2007,_T,Dier Al-Balah,N,2007,SH_SAN_DEFECT,PT,99.9
2008,_T,Dier Al-Balah,N,2008,SH_SAN_DEFECT,PT,
2009,_T,Dier Al-Balah,N,2009,SH_SAN_DEFECT,PT,
2010,_T,Dier Al-Balah,N,2010,SH_SAN_DEFECT,PT,98.9
2011,_T,Dier Al-Balah,N,2011,SH_SAN_DEFECT,PT,
2012,_T,Dier Al-Balah,N,2012,SH_SAN_DEFECT,PT,
2013,_T,Dier Al-Balah,N,2013,SH_SAN_DEFECT,PT,
2014,_T,Dier Al-Balah,N,2014,SH_SAN_DEFECT,PT,99.0
2015,_T,Dier Al-Balah,N,2015,SH_SAN_DEFECT,PT,
2017,_T,Dier Al-Balah,N,2017,SH_SAN_DEFECT,PT,99.9
0,_T,Khan Yunis,N,0,SH_SAN_DEFECT,PT,
2000,_T,Khan Yunis,N,2000,SH_SAN_DEFECT,PT,
2002,_T,Khan Yunis,N,2002,SH_SAN_DEFECT,PT,
2003,_T,Khan Yunis,N,2003,SH_SAN_DEFECT,PT,
2004,_T,Khan Yunis,N,2004,SH_SAN_DEFECT,PT,
2005,_T,Khan Yunis,N,2005,SH_SAN_DEFECT,PT,
2006,_T,Khan Yunis,N,2006,SH_SAN_DEFECT,PT,
2007,_T,Khan Yunis,N,2007,SH_SAN_DEFECT,PT,99.8
2008,_T,Khan Yunis,N,2008,SH_SAN_DEFECT,PT,
2009,_T,Khan Yunis,N,2009,SH_SAN_DEFECT,PT,
2010,_T,Khan Yunis,N,2010,SH_SAN_DEFECT,PT,94.6
2011,_T,Khan Yunis,N,2011,SH_SAN_DEFECT,PT,
2012,_T,Khan Yunis,N,2012,SH_SAN_DEFECT,PT,
2013,_T,Khan Yunis,N,2013,SH_SAN_DEFECT,PT,
2014,_T,Khan Yunis,N,2014,SH_SAN_DEFECT,PT,99.3
2015,_T,Khan Yunis,N,2015,SH_SAN_DEFECT,PT,
2017,_T,Khan Yunis,N,2017,SH_SAN_DEFECT,PT,99.9
0,_T,Rafah,N,0,SH_SAN_DEFECT,PT,
2000,_T,Rafah,N,2000,SH_SAN_DEFECT,PT,
2002,_T,Rafah,N,2002,SH_SAN_DEFECT,PT,
2003,_T,Rafah,N,2003,SH_SAN_DEFECT,PT,
2004,_T,Rafah,N,2004,SH_SAN_DEFECT,PT,
2005,_T,Rafah,N,2005,SH_SAN_DEFECT,PT,
2006,_T,Rafah,N,2006,SH_SAN_DEFECT,PT,
2007,_T,Rafah,N,2007,SH_SAN_DEFECT,PT,99.9
2008,_T,Rafah,N,2008,SH_SAN_DEFECT,PT,
2009,_T,Rafah,N,2009,SH_SAN_DEFECT,PT,
2010,_T,Rafah,N,2010,SH_SAN_DEFECT,PT,96.6
2011,_T,Rafah,N,2011,SH_SAN_DEFECT,PT,
2012,_T,Rafah,N,2012,SH_SAN_DEFECT,PT,
2013,_T,Rafah,N,2013,SH_SAN_DEFECT,PT,
2014,_T,Rafah,N,2014,SH_SAN_DEFECT,PT,99.8
2015,_T,Rafah,N,2015,SH_SAN_DEFECT,PT,
2017,_T,Rafah,N,2017,SH_SAN_DEFECT,PT,100.0
0,U,West Bank,N,0,SH_SAN_DEFECT,PT,
2000,U,West Bank,N,2000,SH_SAN_DEFECT,PT,
2002,U,West Bank,N,2002,SH_SAN_DEFECT,PT,
2003,U,West Bank,N,2003,SH_SAN_DEFECT,PT,
2004,U,West Bank,N,2004,SH_SAN_DEFECT,PT,
2005,U,West Bank,N,2005,SH_SAN_DEFECT,PT,
2006,U,West Bank,N,2006,SH_SAN_DEFECT,PT,
2007,U,West Bank,N,2007,SH_SAN_DEFECT,PT,
2008,U,West Bank,N,2008,SH_SAN_DEFECT,PT,
2009,U,West Bank,N,2009,SH_SAN_DEFECT,PT,
2010,U,West Bank,N,2010,SH_SAN_DEFECT,PT,
2011,U,West Bank,N,2011,SH_SAN_DEFECT,PT,
2012,U,West Bank,N,2012,SH_SAN_DEFECT,PT,
2013,U,West Bank,N,2013,SH_SAN_DEFECT,PT,
2014,U,West Bank,N,2014,SH_SAN_DEFECT,PT,
2015,U,West Bank,N,2015,SH_SAN_DEFECT,PT,
2017,U,West Bank,N,2017,SH_SAN_DEFECT,PT,
0,U,Gaza Strip,N,0,SH_SAN_DEFECT,PT,
2000,U,Gaza Strip,N,2000,SH_SAN_DEFECT,PT,
2002,U,Gaza Strip,N,2002,SH_SAN_DEFECT,PT,
2003,U,Gaza Strip,N,2003,SH_SAN_DEFECT,PT,
2004,U,Gaza Strip,N,2004,SH_SAN_DEFECT,PT,
2005,U,Gaza Strip,N,2005,SH_SAN_DEFECT,PT,
2006,U,Gaza Strip,N,2006,SH_SAN_DEFECT,PT,
2007,U,Gaza Strip,N,2007,SH_SAN_DEFECT,PT,
2008,U,Gaza Strip,N,2008,SH_SAN_DEFECT,PT,
2009,U,Gaza Strip,N,2009,SH_SAN_DEFECT,PT,
2010,U,Gaza Strip,N,2010,SH_SAN_DEFECT,PT,
2011,U,Gaza Strip,N,2011,SH_SAN_DEFECT,PT,
2012,U,Gaza Strip,N,2012,SH_SAN_DEFECT,PT,
2013,U,Gaza Strip,N,2013,SH_SAN_DEFECT,PT,
2014,U,Gaza Strip,N,2014,SH_SAN_DEFECT,PT,
2015,U,Gaza Strip,N,2015,SH_SAN_DEFECT,PT,
2017,U,Gaza Strip,N,2017,SH_SAN_DEFECT,PT,
0,U,PS,N,0,SH_SAN_DEFECT,PT,
2000,U,PS,N,2000,SH_SAN_DEFECT,PT,
2002,U,PS,N,2002,SH_SAN_DEFECT,PT,
2003,U,PS,N,2003,SH_SAN_DEFECT,PT,
2004,U,PS,N,2004,SH_SAN_DEFECT,PT,
2005,U,PS,N,2005,SH_SAN_DEFECT,PT,99.2
2006,U,PS,N,2006,SH_SAN_DEFECT,PT,99.2
2007,U,PS,N,2007,SH_SAN_DEFECT,PT,99.5
2008,U,PS,N,2008,SH_SAN_DEFECT,PT,99.6
2009,U,PS,N,2009,SH_SAN_DEFECT,PT,
2010,U,PS,N,2010,SH_SAN_DEFECT,PT,91.3
2011,U,PS,N,2011,SH_SAN_DEFECT,PT,99.4
2012,U,PS,N,2012,SH_SAN_DEFECT,PT,100.0
2013,U,PS,N,2013,SH_SAN_DEFECT,PT,99.7
2014,U,PS,N,2014,SH_SAN_DEFECT,PT,98.7
2015,U,PS,N,2015,SH_SAN_DEFECT,PT,99.2
2017,U,PS,N,2017,SH_SAN_DEFECT,PT,99.8
0,U,Jenin,N,0,SH_SAN_DEFECT,PT,
2000,U,Jenin,N,2000,SH_SAN_DEFECT,PT,
2002,U,Jenin,N,2002,SH_SAN_DEFECT,PT,
2003,U,Jenin,N,2003,SH_SAN_DEFECT,PT,
2004,U,Jenin,N,2004,SH_SAN_DEFECT,PT,
2005,U,Jenin,N,2005,SH_SAN_DEFECT,PT,
2006,U,Jenin,N,2006,SH_SAN_DEFECT,PT,
2007,U,Jenin,N,2007,SH_SAN_DEFECT,PT,
2008,U,Jenin,N,2008,SH_SAN_DEFECT,PT,
2009,U,Jenin,N,2009,SH_SAN_DEFECT,PT,
2010,U,Jenin,N,2010,SH_SAN_DEFECT,PT,
2011,U,Jenin,N,2011,SH_SAN_DEFECT,PT,
2012,U,Jenin,N,2012,SH_SAN_DEFECT,PT,
2013,U,Jenin,N,2013,SH_SAN_DEFECT,PT,
2014,U,Jenin,N,2014,SH_SAN_DEFECT,PT,
2015,U,Jenin,N,2015,SH_SAN_DEFECT,PT,
2017,U,Jenin,N,2017,SH_SAN_DEFECT,PT,
0,U,Tubas & Northern Valleys,N,0,SH_SAN_DEFECT,PT,
2000,U,Tubas & Northern Valleys,N,2000,SH_SAN_DEFECT,PT,
2002,U,Tubas & Northern Valleys,N,2002,SH_SAN_DEFECT,PT,
2003,U,Tubas & Northern Valleys,N,2003,SH_SAN_DEFECT,PT,
2004,U,Tubas & Northern Valleys,N,2004,SH_SAN_DEFECT,PT,
2005,U,Tubas & Northern Valleys,N,2005,SH_SAN_DEFECT,PT,
2006,U,Tubas & Northern Valleys,N,2006,SH_SAN_DEFECT,PT,
2007,U,Tubas & Northern Valleys,N,2007,SH_SAN_DEFECT,PT,
2008,U,Tubas & Northern Valleys,N,2008,SH_SAN_DEFECT,PT,
2009,U,Tubas & Northern Valleys,N,2009,SH_SAN_DEFECT,PT,
2010,U,Tubas & Northern Valleys,N,2010,SH_SAN_DEFECT,PT,
2011,U,Tubas & Northern Valleys,N,2011,SH_SAN_DEFECT,PT,
2012,U,Tubas & Northern Valleys,N,2012,SH_SAN_DEFECT,PT,
2013,U,Tubas & Northern Valleys,N,2013,SH_SAN_DEFECT,PT,
2014,U,Tubas & Northern Valleys,N,2014,SH_SAN_DEFECT,PT,
2015,U,Tubas & Northern Valleys,N,2015,SH_SAN_DEFECT,PT,
2017,U,Tubas & Northern Valleys,N,2017,SH_SAN_DEFECT,PT,
0,U,Tulkarm,N,0,SH_SAN_DEFECT,PT,
2000,U,Tulkarm,N,2000,SH_SAN_DEFECT,PT,
2002,U,Tulkarm,N,2002,SH_SAN_DEFECT,PT,
2003,U,Tulkarm,N,2003,SH_SAN_DEFECT,PT,
2004,U,Tulkarm,N,2004,SH_SAN_DEFECT,PT,
2005,U,Tulkarm,N,2005,SH_SAN_DEFECT,PT,
2006,U,Tulkarm,N,2006,SH_SAN_DEFECT,PT,
2007,U,Tulkarm,N,2007,SH_SAN_DEFECT,PT,
2008,U,Tulkarm,N,2008,SH_SAN_DEFECT,PT,
2009,U,Tulkarm,N,2009,SH_SAN_DEFECT,PT,
2010,U,Tulkarm,N,2010,SH_SAN_DEFECT,PT,
2011,U,Tulkarm,N,2011,SH_SAN_DEFECT,PT,
2012,U,Tulkarm,N,2012,SH_SAN_DEFECT,PT,
2013,U,Tulkarm,N,2013,SH_SAN_DEFECT,PT,
2014,U,Tulkarm,N,2014,SH_SAN_DEFECT,PT,
2015,U,Tulkarm,N,2015,SH_SAN_DEFECT,PT,
2017,U,Tulkarm,N,2017,SH_SAN_DEFECT,PT,
0,U,Nablus,N,0,SH_SAN_DEFECT,PT,
2000,U,Nablus,N,2000,SH_SAN_DEFECT,PT,
2002,U,Nablus,N,2002,SH_SAN_DEFECT,PT,
2003,U,Nablus,N,2003,SH_SAN_DEFECT,PT,
2004,U,Nablus,N,2004,SH_SAN_DEFECT,PT,
2005,U,Nablus,N,2005,SH_SAN_DEFECT,PT,
2006,U,Nablus,N,2006,SH_SAN_DEFECT,PT,
2007,U,Nablus,N,2007,SH_SAN_DEFECT,PT,
2008,U,Nablus,N,2008,SH_SAN_DEFECT,PT,
2009,U,Nablus,N,2009,SH_SAN_DEFECT,PT,
2010,U,Nablus,N,2010,SH_SAN_DEFECT,PT,
2011,U,Nablus,N,2011,SH_SAN_DEFECT,PT,
2012,U,Nablus,N,2012,SH_SAN_DEFECT,PT,
2013,U,Nablus,N,2013,SH_SAN_DEFECT,PT,
2014,U,Nablus,N,2014,SH_SAN_DEFECT,PT,
2015,U,Nablus,N,2015,SH_SAN_DEFECT,PT,
2017,U,Nablus,N,2017,SH_SAN_DEFECT,PT,
0,U,Qalqiliya,N,0,SH_SAN_DEFECT,PT,
2000,U,Qalqiliya,N,2000,SH_SAN_DEFECT,PT,
2002,U,Qalqiliya,N,2002,SH_SAN_DEFECT,PT,
2003,U,Qalqiliya,N,2003,SH_SAN_DEFECT,PT,
2004,U,Qalqiliya,N,2004,SH_SAN_DEFECT,PT,
2005,U,Qalqiliya,N,2005,SH_SAN_DEFECT,PT,
2006,U,Qalqiliya,N,2006,SH_SAN_DEFECT,PT,
2007,U,Qalqiliya,N,2007,SH_SAN_DEFECT,PT,
2008,U,Qalqiliya,N,2008,SH_SAN_DEFECT,PT,
2009,U,Qalqiliya,N,2009,SH_SAN_DEFECT,PT,
2010,U,Qalqiliya,N,2010,SH_SAN_DEFECT,PT,
2011,U,Qalqiliya,N,2011,SH_SAN_DEFECT,PT,
2012,U,Qalqiliya,N,2012,SH_SAN_DEFECT,PT,
2013,U,Qalqiliya,N,2013,SH_SAN_DEFECT,PT,
2014,U,Qalqiliya,N,2014,SH_SAN_DEFECT,PT,
2015,U,Qalqiliya,N,2015,SH_SAN_DEFECT,PT,
2017,U,Qalqiliya,N,2017,SH_SAN_DEFECT,PT,
0,U,Salfit,N,0,SH_SAN_DEFECT,PT,
2000,U,Salfit,N,2000,SH_SAN_DEFECT,PT,
2002,U,Salfit,N,2002,SH_SAN_DEFECT,PT,
2003,U,Salfit,N,2003,SH_SAN_DEFECT,PT,
2004,U,Salfit,N,2004,SH_SAN_DEFECT,PT,
2005,U,Salfit,N,2005,SH_SAN_DEFECT,PT,
2006,U,Salfit,N,2006,SH_SAN_DEFECT,PT,
2007,U,Salfit,N,2007,SH_SAN_DEFECT,PT,
2008,U,Salfit,N,2008,SH_SAN_DEFECT,PT,
2009,U,Salfit,N,2009,SH_SAN_DEFECT,PT,
2010,U,Salfit,N,2010,SH_SAN_DEFECT,PT,
2011,U,Salfit,N,2011,SH_SAN_DEFECT,PT,
2012,U,Salfit,N,2012,SH_SAN_DEFECT,PT,
2013,U,Salfit,N,2013,SH_SAN_DEFECT,PT,
2014,U,Salfit,N,2014,SH_SAN_DEFECT,PT,
2015,U,Salfit,N,2015,SH_SAN_DEFECT,PT,
2017,U,Salfit,N,2017,SH_SAN_DEFECT,PT,
0,U,Ramallah & Al-Bireh,N,0,SH_SAN_DEFECT,PT,
2000,U,Ramallah & Al-Bireh,N,2000,SH_SAN_DEFECT,PT,
2002,U,Ramallah & Al-Bireh,N,2002,SH_SAN_DEFECT,PT,
2003,U,Ramallah & Al-Bireh,N,2003,SH_SAN_DEFECT,PT,
2004,U,Ramallah & Al-Bireh,N,2004,SH_SAN_DEFECT,PT,
2005,U,Ramallah & Al-Bireh,N,2005,SH_SAN_DEFECT,PT,
2006,U,Ramallah & Al-Bireh,N,2006,SH_SAN_DEFECT,PT,
2007,U,Ramallah & Al-Bireh,N,2007,SH_SAN_DEFECT,PT,
2008,U,Ramallah & Al-Bireh,N,2008,SH_SAN_DEFECT,PT,
2009,U,Ramallah & Al-Bireh,N,2009,SH_SAN_DEFECT,PT,
2010,U,Ramallah & Al-Bireh,N,2010,SH_SAN_DEFECT,PT,
2011,U,Ramallah & Al-Bireh,N,2011,SH_SAN_DEFECT,PT,
2012,U,Ramallah & Al-Bireh,N,2012,SH_SAN_DEFECT,PT,
2013,U,Ramallah & Al-Bireh,N,2013,SH_SAN_DEFECT,PT,
2014,U,Ramallah & Al-Bireh,N,2014,SH_SAN_DEFECT,PT,
2015,U,Ramallah & Al-Bireh,N,2015,SH_SAN_DEFECT,PT,
2017,U,Ramallah & Al-Bireh,N,2017,SH_SAN_DEFECT,PT,
0,U,Jericho & AL Aghwar,N,0,SH_SAN_DEFECT,PT,
2000,U,Jericho & AL Aghwar,N,2000,SH_SAN_DEFECT,PT,
2002,U,Jericho & AL Aghwar,N,2002,SH_SAN_DEFECT,PT,
2003,U,Jericho & AL Aghwar,N,2003,SH_SAN_DEFECT,PT,
2004,U,Jericho & AL Aghwar,N,2004,SH_SAN_DEFECT,PT,
2005,U,Jericho & AL Aghwar,N,2005,SH_SAN_DEFECT,PT,
2006,U,Jericho & AL Aghwar,N,2006,SH_SAN_DEFECT,PT,
2007,U,Jericho & AL Aghwar,N,2007,SH_SAN_DEFECT,PT,
2008,U,Jericho & AL Aghwar,N,2008,SH_SAN_DEFECT,PT,
2009,U,Jericho & AL Aghwar,N,2009,SH_SAN_DEFECT,PT,
2010,U,Jericho & AL Aghwar,N,2010,SH_SAN_DEFECT,PT,
2011,U,Jericho & AL Aghwar,N,2011,SH_SAN_DEFECT,PT,
2012,U,Jericho & AL Aghwar,N,2012,SH_SAN_DEFECT,PT,
2013,U,Jericho & AL Aghwar,N,2013,SH_SAN_DEFECT,PT,
2014,U,Jericho & AL Aghwar,N,2014,SH_SAN_DEFECT,PT,
2015,U,Jericho & AL Aghwar,N,2015,SH_SAN_DEFECT,PT,
2017,U,Jericho & AL Aghwar,N,2017,SH_SAN_DEFECT,PT,
0,U,Jerusalem,N,0,SH_SAN_DEFECT,PT,
2000,U,Jerusalem,N,2000,SH_SAN_DEFECT,PT,
2002,U,Jerusalem,N,2002,SH_SAN_DEFECT,PT,
2003,U,Jerusalem,N,2003,SH_SAN_DEFECT,PT,
2004,U,Jerusalem,N,2004,SH_SAN_DEFECT,PT,
2005,U,Jerusalem,N,2005,SH_SAN_DEFECT,PT,
2006,U,Jerusalem,N,2006,SH_SAN_DEFECT,PT,
2007,U,Jerusalem,N,2007,SH_SAN_DEFECT,PT,
2008,U,Jerusalem,N,2008,SH_SAN_DEFECT,PT,
2009,U,Jerusalem,N,2009,SH_SAN_DEFECT,PT,
2010,U,Jerusalem,N,2010,SH_SAN_DEFECT,PT,
2011,U,Jerusalem,N,2011,SH_SAN_DEFECT,PT,
2012,U,Jerusalem,N,2012,SH_SAN_DEFECT,PT,
2013,U,Jerusalem,N,2013,SH_SAN_DEFECT,PT,
2014,U,Jerusalem,N,2014,SH_SAN_DEFECT,PT,
2015,U,Jerusalem,N,2015,SH_SAN_DEFECT,PT,
2017,U,Jerusalem,N,2017,SH_SAN_DEFECT,PT,
0,U,Bethlehem,N,0,SH_SAN_DEFECT,PT,
2000,U,Bethlehem,N,2000,SH_SAN_DEFECT,PT,
2002,U,Bethlehem,N,2002,SH_SAN_DEFECT,PT,
2003,U,Bethlehem,N,2003,SH_SAN_DEFECT,PT,
2004,U,Bethlehem,N,2004,SH_SAN_DEFECT,PT,
2005,U,Bethlehem,N,2005,SH_SAN_DEFECT,PT,
2006,U,Bethlehem,N,2006,SH_SAN_DEFECT,PT,
2007,U,Bethlehem,N,2007,SH_SAN_DEFECT,PT,
2008,U,Bethlehem,N,2008,SH_SAN_DEFECT,PT,
2009,U,Bethlehem,N,2009,SH_SAN_DEFECT,PT,
2010,U,Bethlehem,N,2010,SH_SAN_DEFECT,PT,
2011,U,Bethlehem,N,2011,SH_SAN_DEFECT,PT,
2012,U,Bethlehem,N,2012,SH_SAN_DEFECT,PT,
2013,U,Bethlehem,N,2013,SH_SAN_DEFECT,PT,
2014,U,Bethlehem,N,2014,SH_SAN_DEFECT,PT,
2015,U,Bethlehem,N,2015,SH_SAN_DEFECT,PT,
2017,U,Bethlehem,N,2017,SH_SAN_DEFECT,PT,
0,U,Hebron,N,0,SH_SAN_DEFECT,PT,
2000,U,Hebron,N,2000,SH_SAN_DEFECT,PT,
2002,U,Hebron,N,2002,SH_SAN_DEFECT,PT,
2003,U,Hebron,N,2003,SH_SAN_DEFECT,PT,
2004,U,Hebron,N,2004,SH_SAN_DEFECT,PT,
2005,U,Hebron,N,2005,SH_SAN_DEFECT,PT,
2006,U,Hebron,N,2006,SH_SAN_DEFECT,PT,
2007,U,Hebron,N,2007,SH_SAN_DEFECT,PT,
2008,U,Hebron,N,2008,SH_SAN_DEFECT,PT,
2009,U,Hebron,N,2009,SH_SAN_DEFECT,PT,
2010,U,Hebron,N,2010,SH_SAN_DEFECT,PT,
2011,U,Hebron,N,2011,SH_SAN_DEFECT,PT,
2012,U,Hebron,N,2012,SH_SAN_DEFECT,PT,
2013,U,Hebron,N,2013,SH_SAN_DEFECT,PT,
2014,U,Hebron,N,2014,SH_SAN_DEFECT,PT,
2015,U,Hebron,N,2015,SH_SAN_DEFECT,PT,
2017,U,Hebron,N,2017,SH_SAN_DEFECT,PT,
0,U,North Gaza,N,0,SH_SAN_DEFECT,PT,
2000,U,North Gaza,N,2000,SH_SAN_DEFECT,PT,
2002,U,North Gaza,N,2002,SH_SAN_DEFECT,PT,
2003,U,North Gaza,N,2003,SH_SAN_DEFECT,PT,
2004,U,North Gaza,N,2004,SH_SAN_DEFECT,PT,
2005,U,North Gaza,N,2005,SH_SAN_DEFECT,PT,
2006,U,North Gaza,N,2006,SH_SAN_DEFECT,PT,
2007,U,North Gaza,N,2007,SH_SAN_DEFECT,PT,
2008,U,North Gaza,N,2008,SH_SAN_DEFECT,PT,
2009,U,North Gaza,N,2009,SH_SAN_DEFECT,PT,
2010,U,North Gaza,N,2010,SH_SAN_DEFECT,PT,
2011,U,North Gaza,N,2011,SH_SAN_DEFECT,PT,
2012,U,North Gaza,N,2012,SH_SAN_DEFECT,PT,
2013,U,North Gaza,N,2013,SH_SAN_DEFECT,PT,
2014,U,North Gaza,N,2014,SH_SAN_DEFECT,PT,
2015,U,North Gaza,N,2015,SH_SAN_DEFECT,PT,
2017,U,North Gaza,N,2017,SH_SAN_DEFECT,PT,
0,U,Gaza,N,0,SH_SAN_DEFECT,PT,
2000,U,Gaza,N,2000,SH_SAN_DEFECT,PT,
2002,U,Gaza,N,2002,SH_SAN_DEFECT,PT,
2003,U,Gaza,N,2003,SH_SAN_DEFECT,PT,
2004,U,Gaza,N,2004,SH_SAN_DEFECT,PT,
2005,U,Gaza,N,2005,SH_SAN_DEFECT,PT,
2006,U,Gaza,N,2006,SH_SAN_DEFECT,PT,
2007,U,Gaza,N,2007,SH_SAN_DEFECT,PT,
2008,U,Gaza,N,2008,SH_SAN_DEFECT,PT,
2009,U,Gaza,N,2009,SH_SAN_DEFECT,PT,
2010,U,Gaza,N,2010,SH_SAN_DEFECT,PT,
2011,U,Gaza,N,2011,SH_SAN_DEFECT,PT,
2012,U,Gaza,N,2012,SH_SAN_DEFECT,PT,
2013,U,Gaza,N,2013,SH_SAN_DEFECT,PT,
2014,U,Gaza,N,2014,SH_SAN_DEFECT,PT,
2015,U,Gaza,N,2015,SH_SAN_DEFECT,PT,
2017,U,Gaza,N,2017,SH_SAN_DEFECT,PT,
0,U,Dier Al-Balah,N,0,SH_SAN_DEFECT,PT,
2000,U,Dier Al-Balah,N,2000,SH_SAN_DEFECT,PT,
2002,U,Dier Al-Balah,N,2002,SH_SAN_DEFECT,PT,
2003,U,Dier Al-Balah,N,2003,SH_SAN_DEFECT,PT,
2004,U,Dier Al-Balah,N,2004,SH_SAN_DEFECT,PT,
2005,U,Dier Al-Balah,N,2005,SH_SAN_DEFECT,PT,
2006,U,Dier Al-Balah,N,2006,SH_SAN_DEFECT,PT,
2007,U,Dier Al-Balah,N,2007,SH_SAN_DEFECT,PT,
2008,U,Dier Al-Balah,N,2008,SH_SAN_DEFECT,PT,
2009,U,Dier Al-Balah,N,2009,SH_SAN_DEFECT,PT,
2010,U,Dier Al-Balah,N,2010,SH_SAN_DEFECT,PT,
2011,U,Dier Al-Balah,N,2011,SH_SAN_DEFECT,PT,
2012,U,Dier Al-Balah,N,2012,SH_SAN_DEFECT,PT,
2013,U,Dier Al-Balah,N,2013,SH_SAN_DEFECT,PT,
2014,U,Dier Al-Balah,N,2014,SH_SAN_DEFECT,PT,
2015,U,Dier Al-Balah,N,2015,SH_SAN_DEFECT,PT,
2017,U,Dier Al-Balah,N,2017,SH_SAN_DEFECT,PT,
0,U,Khan Yunis,N,0,SH_SAN_DEFECT,PT,
2000,U,Khan Yunis,N,2000,SH_SAN_DEFECT,PT,
2002,U,Khan Yunis,N,2002,SH_SAN_DEFECT,PT,
2003,U,Khan Yunis,N,2003,SH_SAN_DEFECT,PT,
2004,U,Khan Yunis,N,2004,SH_SAN_DEFECT,PT,
2005,U,Khan Yunis,N,2005,SH_SAN_DEFECT,PT,
2006,U,Khan Yunis,N,2006,SH_SAN_DEFECT,PT,
2007,U,Khan Yunis,N,2007,SH_SAN_DEFECT,PT,
2008,U,Khan Yunis,N,2008,SH_SAN_DEFECT,PT,
2009,U,Khan Yunis,N,2009,SH_SAN_DEFECT,PT,
2010,U,Khan Yunis,N,2010,SH_SAN_DEFECT,PT,
2011,U,Khan Yunis,N,2011,SH_SAN_DEFECT,PT,
2012,U,Khan Yunis,N,2012,SH_SAN_DEFECT,PT,
2013,U,Khan Yunis,N,2013,SH_SAN_DEFECT,PT,
2014,U,Khan Yunis,N,2014,SH_SAN_DEFECT,PT,
2015,U,Khan Yunis,N,2015,SH_SAN_DEFECT,PT,
2017,U,Khan Yunis,N,2017,SH_SAN_DEFECT,PT,
0,U,Rafah,N,0,SH_SAN_DEFECT,PT,
2000,U,Rafah,N,2000,SH_SAN_DEFECT,PT,
2002,U,Rafah,N,2002,SH_SAN_DEFECT,PT,
2003,U,Rafah,N,2003,SH_SAN_DEFECT,PT,
2004,U,Rafah,N,2004,SH_SAN_DEFECT,PT,
2005,U,Rafah,N,2005,SH_SAN_DEFECT,PT,
2006,U,Rafah,N,2006,SH_SAN_DEFECT,PT,
2007,U,Rafah,N,2007,SH_SAN_DEFECT,PT,
2008,U,Rafah,N,2008,SH_SAN_DEFECT,PT,
2009,U,Rafah,N,2009,SH_SAN_DEFECT,PT,
2010,U,Rafah,N,2010,SH_SAN_DEFECT,PT,
2011,U,Rafah,N,2011,SH_SAN_DEFECT,PT,
2012,U,Rafah,N,2012,SH_SAN_DEFECT,PT,
2013,U,Rafah,N,2013,SH_SAN_DEFECT,PT,
2014,U,Rafah,N,2014,SH_SAN_DEFECT,PT,
2015,U,Rafah,N,2015,SH_SAN_DEFECT,PT,
2017,U,Rafah,N,2017,SH_SAN_DEFECT,PT,
0,R,West Bank,N,0,SH_SAN_DEFECT,PT,
2000,R,West Bank,N,2000,SH_SAN_DEFECT,PT,
2002,R,West Bank,N,2002,SH_SAN_DEFECT,PT,
2003,R,West Bank,N,2003,SH_SAN_DEFECT,PT,
2004,R,West Bank,N,2004,SH_SAN_DEFECT,PT,
2005,R,West Bank,N,2005,SH_SAN_DEFECT,PT,
2006,R,West Bank,N,2006,SH_SAN_DEFECT,PT,
2007,R,West Bank,N,2007,SH_SAN_DEFECT,PT,
2008,R,West Bank,N,2008,SH_SAN_DEFECT,PT,
2009,R,West Bank,N,2009,SH_SAN_DEFECT,PT,
2010,R,West Bank,N,2010,SH_SAN_DEFECT,PT,
2011,R,West Bank,N,2011,SH_SAN_DEFECT,PT,
2012,R,West Bank,N,2012,SH_SAN_DEFECT,PT,
2013,R,West Bank,N,2013,SH_SAN_DEFECT,PT,
2014,R,West Bank,N,2014,SH_SAN_DEFECT,PT,
2015,R,West Bank,N,2015,SH_SAN_DEFECT,PT,
2017,R,West Bank,N,2017,SH_SAN_DEFECT,PT,
0,R,Gaza Strip,N,0,SH_SAN_DEFECT,PT,
2000,R,Gaza Strip,N,2000,SH_SAN_DEFECT,PT,
2002,R,Gaza Strip,N,2002,SH_SAN_DEFECT,PT,
2003,R,Gaza Strip,N,2003,SH_SAN_DEFECT,PT,
2004,R,Gaza Strip,N,2004,SH_SAN_DEFECT,PT,
2005,R,Gaza Strip,N,2005,SH_SAN_DEFECT,PT,
2006,R,Gaza Strip,N,2006,SH_SAN_DEFECT,PT,
2007,R,Gaza Strip,N,2007,SH_SAN_DEFECT,PT,
2008,R,Gaza Strip,N,2008,SH_SAN_DEFECT,PT,
2009,R,Gaza Strip,N,2009,SH_SAN_DEFECT,PT,
2010,R,Gaza Strip,N,2010,SH_SAN_DEFECT,PT,
2011,R,Gaza Strip,N,2011,SH_SAN_DEFECT,PT,
2012,R,Gaza Strip,N,2012,SH_SAN_DEFECT,PT,
2013,R,Gaza Strip,N,2013,SH_SAN_DEFECT,PT,
2014,R,Gaza Strip,N,2014,SH_SAN_DEFECT,PT,
2015,R,Gaza Strip,N,2015,SH_SAN_DEFECT,PT,
2017,R,Gaza Strip,N,2017,SH_SAN_DEFECT,PT,
0,R,PS,N,0,SH_SAN_DEFECT,PT,
2000,R,PS,N,2000,SH_SAN_DEFECT,PT,
2002,R,PS,N,2002,SH_SAN_DEFECT,PT,
2003,R,PS,N,2003,SH_SAN_DEFECT,PT,
2004,R,PS,N,2004,SH_SAN_DEFECT,PT,
2005,R,PS,N,2005,SH_SAN_DEFECT,PT,99.5
2006,R,PS,N,2006,SH_SAN_DEFECT,PT,99.2
2007,R,PS,N,2007,SH_SAN_DEFECT,PT,97.9
2008,R,PS,N,2008,SH_SAN_DEFECT,PT,98.4
2009,R,PS,N,2009,SH_SAN_DEFECT,PT,
2010,R,PS,N,2010,SH_SAN_DEFECT,PT,87.5
2011,R,PS,N,2011,SH_SAN_DEFECT,PT,98.8
2012,R,PS,N,2012,SH_SAN_DEFECT,PT,98.0
2013,R,PS,N,2013,SH_SAN_DEFECT,PT,98.6
2014,R,PS,N,2014,SH_SAN_DEFECT,PT,98.8
2015,R,PS,N,2015,SH_SAN_DEFECT,PT,98.8
2017,R,PS,N,2017,SH_SAN_DEFECT,PT,99.2
0,R,Jenin,N,0,SH_SAN_DEFECT,PT,
2000,R,Jenin,N,2000,SH_SAN_DEFECT,PT,
2002,R,Jenin,N,2002,SH_SAN_DEFECT,PT,
2003,R,Jenin,N,2003,SH_SAN_DEFECT,PT,
2004,R,Jenin,N,2004,SH_SAN_DEFECT,PT,
2005,R,Jenin,N,2005,SH_SAN_DEFECT,PT,
2006,R,Jenin,N,2006,SH_SAN_DEFECT,PT,
2007,R,Jenin,N,2007,SH_SAN_DEFECT,PT,
2008,R,Jenin,N,2008,SH_SAN_DEFECT,PT,
2009,R,Jenin,N,2009,SH_SAN_DEFECT,PT,
2010,R,Jenin,N,2010,SH_SAN_DEFECT,PT,
2011,R,Jenin,N,2011,SH_SAN_DEFECT,PT,
2012,R,Jenin,N,2012,SH_SAN_DEFECT,PT,
2013,R,Jenin,N,2013,SH_SAN_DEFECT,PT,
2014,R,Jenin,N,2014,SH_SAN_DEFECT,PT,
2015,R,Jenin,N,2015,SH_SAN_DEFECT,PT,
2017,R,Jenin,N,2017,SH_SAN_DEFECT,PT,
0,R,Tubas & Northern Valleys,N,0,SH_SAN_DEFECT,PT,
2000,R,Tubas & Northern Valleys,N,2000,SH_SAN_DEFECT,PT,
2002,R,Tubas & Northern Valleys,N,2002,SH_SAN_DEFECT,PT,
2003,R,Tubas & Northern Valleys,N,2003,SH_SAN_DEFECT,PT,
2004,R,Tubas & Northern Valleys,N,2004,SH_SAN_DEFECT,PT,
2005,R,Tubas & Northern Valleys,N,2005,SH_SAN_DEFECT,PT,
2006,R,Tubas & Northern Valleys,N,2006,SH_SAN_DEFECT,PT,
2007,R,Tubas & Northern Valleys,N,2007,SH_SAN_DEFECT,PT,
2008,R,Tubas & Northern Valleys,N,2008,SH_SAN_DEFECT,PT,
2009,R,Tubas & Northern Valleys,N,2009,SH_SAN_DEFECT,PT,
2010,R,Tubas & Northern Valleys,N,2010,SH_SAN_DEFECT,PT,
2011,R,Tubas & Northern Valleys,N,2011,SH_SAN_DEFECT,PT,
2012,R,Tubas & Northern Valleys,N,2012,SH_SAN_DEFECT,PT,
2013,R,Tubas & Northern Valleys,N,2013,SH_SAN_DEFECT,PT,
2014,R,Tubas & Northern Valleys,N,2014,SH_SAN_DEFECT,PT,
2015,R,Tubas & Northern Valleys,N,2015,SH_SAN_DEFECT,PT,
2017,R,Tubas & Northern Valleys,N,2017,SH_SAN_DEFECT,PT,
0,R,Tulkarm,N,0,SH_SAN_DEFECT,PT,
2000,R,Tulkarm,N,2000,SH_SAN_DEFECT,PT,
2002,R,Tulkarm,N,2002,SH_SAN_DEFECT,PT,
2003,R,Tulkarm,N,2003,SH_SAN_DEFECT,PT,
2004,R,Tulkarm,N,2004,SH_SAN_DEFECT,PT,
2005,R,Tulkarm,N,2005,SH_SAN_DEFECT,PT,
2006,R,Tulkarm,N,2006,SH_SAN_DEFECT,PT,
2007,R,Tulkarm,N,2007,SH_SAN_DEFECT,PT,
2008,R,Tulkarm,N,2008,SH_SAN_DEFECT,PT,
2009,R,Tulkarm,N,2009,SH_SAN_DEFECT,PT,
2010,R,Tulkarm,N,2010,SH_SAN_DEFECT,PT,
2011,R,Tulkarm,N,2011,SH_SAN_DEFECT,PT,
2012,R,Tulkarm,N,2012,SH_SAN_DEFECT,PT,
2013,R,Tulkarm,N,2013,SH_SAN_DEFECT,PT,
2014,R,Tulkarm,N,2014,SH_SAN_DEFECT,PT,
2015,R,Tulkarm,N,2015,SH_SAN_DEFECT,PT,
2017,R,Tulkarm,N,2017,SH_SAN_DEFECT,PT,
0,R,Nablus,N,0,SH_SAN_DEFECT,PT,
2000,R,Nablus,N,2000,SH_SAN_DEFECT,PT,
2002,R,Nablus,N,2002,SH_SAN_DEFECT,PT,
2003,R,Nablus,N,2003,SH_SAN_DEFECT,PT,
2004,R,Nablus,N,2004,SH_SAN_DEFECT,PT,
2005,R,Nablus,N,2005,SH_SAN_DEFECT,PT,
2006,R,Nablus,N,2006,SH_SAN_DEFECT,PT,
2007,R,Nablus,N,2007,SH_SAN_DEFECT,PT,
2008,R,Nablus,N,2008,SH_SAN_DEFECT,PT,
2009,R,Nablus,N,2009,SH_SAN_DEFECT,PT,
2010,R,Nablus,N,2010,SH_SAN_DEFECT,PT,
2011,R,Nablus,N,2011,SH_SAN_DEFECT,PT,
2012,R,Nablus,N,2012,SH_SAN_DEFECT,PT,
2013,R,Nablus,N,2013,SH_SAN_DEFECT,PT,
2014,R,Nablus,N,2014,SH_SAN_DEFECT,PT,
2015,R,Nablus,N,2015,SH_SAN_DEFECT,PT,
2017,R,Nablus,N,2017,SH_SAN_DEFECT,PT,
0,R,Qalqiliya,N,0,SH_SAN_DEFECT,PT,
2000,R,Qalqiliya,N,2000,SH_SAN_DEFECT,PT,
2002,R,Qalqiliya,N,2002,SH_SAN_DEFECT,PT,
2003,R,Qalqiliya,N,2003,SH_SAN_DEFECT,PT,
2004,R,Qalqiliya,N,2004,SH_SAN_DEFECT,PT,
2005,R,Qalqiliya,N,2005,SH_SAN_DEFECT,PT,
2006,R,Qalqiliya,N,2006,SH_SAN_DEFECT,PT,
2007,R,Qalqiliya,N,2007,SH_SAN_DEFECT,PT,
2008,R,Qalqiliya,N,2008,SH_SAN_DEFECT,PT,
2009,R,Qalqiliya,N,2009,SH_SAN_DEFECT,PT,
2010,R,Qalqiliya,N,2010,SH_SAN_DEFECT,PT,
2011,R,Qalqiliya,N,2011,SH_SAN_DEFECT,PT,
2012,R,Qalqiliya,N,2012,SH_SAN_DEFECT,PT,
2013,R,Qalqiliya,N,2013,SH_SAN_DEFECT,PT,
2014,R,Qalqiliya,N,2014,SH_SAN_DEFECT,PT,
2015,R,Qalqiliya,N,2015,SH_SAN_DEFECT,PT,
2017,R,Qalqiliya,N,2017,SH_SAN_DEFECT,PT,
0,R,Salfit,N,0,SH_SAN_DEFECT,PT,
2000,R,Salfit,N,2000,SH_SAN_DEFECT,PT,
2002,R,Salfit,N,2002,SH_SAN_DEFECT,PT,
2003,R,Salfit,N,2003,SH_SAN_DEFECT,PT,
2004,R,Salfit,N,2004,SH_SAN_DEFECT,PT,
2005,R,Salfit,N,2005,SH_SAN_DEFECT,PT,
2006,R,Salfit,N,2006,SH_SAN_DEFECT,PT,
2007,R,Salfit,N,2007,SH_SAN_DEFECT,PT,
2008,R,Salfit,N,2008,SH_SAN_DEFECT,PT,
2009,R,Salfit,N,2009,SH_SAN_DEFECT,PT,
2010,R,Salfit,N,2010,SH_SAN_DEFECT,PT,
2011,R,Salfit,N,2011,SH_SAN_DEFECT,PT,
2012,R,Salfit,N,2012,SH_SAN_DEFECT,PT,
2013,R,Salfit,N,2013,SH_SAN_DEFECT,PT,
2014,R,Salfit,N,2014,SH_SAN_DEFECT,PT,
2015,R,Salfit,N,2015,SH_SAN_DEFECT,PT,
2017,R,Salfit,N,2017,SH_SAN_DEFECT,PT,
0,R,Ramallah & Al-Bireh,N,0,SH_SAN_DEFECT,PT,
2000,R,Ramallah & Al-Bireh,N,2000,SH_SAN_DEFECT,PT,
2002,R,Ramallah & Al-Bireh,N,2002,SH_SAN_DEFECT,PT,
2003,R,Ramallah & Al-Bireh,N,2003,SH_SAN_DEFECT,PT,
2004,R,Ramallah & Al-Bireh,N,2004,SH_SAN_DEFECT,PT,
2005,R,Ramallah & Al-Bireh,N,2005,SH_SAN_DEFECT,PT,
2006,R,Ramallah & Al-Bireh,N,2006,SH_SAN_DEFECT,PT,
2007,R,Ramallah & Al-Bireh,N,2007,SH_SAN_DEFECT,PT,
2008,R,Ramallah & Al-Bireh,N,2008,SH_SAN_DEFECT,PT,
2009,R,Ramallah & Al-Bireh,N,2009,SH_SAN_DEFECT,PT,
2010,R,Ramallah & Al-Bireh,N,2010,SH_SAN_DEFECT,PT,
2011,R,Ramallah & Al-Bireh,N,2011,SH_SAN_DEFECT,PT,
2012,R,Ramallah & Al-Bireh,N,2012,SH_SAN_DEFECT,PT,
2013,R,Ramallah & Al-Bireh,N,2013,SH_SAN_DEFECT,PT,
2014,R,Ramallah & Al-Bireh,N,2014,SH_SAN_DEFECT,PT,
2015,R,Ramallah & Al-Bireh,N,2015,SH_SAN_DEFECT,PT,
2017,R,Ramallah & Al-Bireh,N,2017,SH_SAN_DEFECT,PT,
0,R,Jericho & AL Aghwar,N,0,SH_SAN_DEFECT,PT,
2000,R,Jericho & AL Aghwar,N,2000,SH_SAN_DEFECT,PT,
2002,R,Jericho & AL Aghwar,N,2002,SH_SAN_DEFECT,PT,
2003,R,Jericho & AL Aghwar,N,2003,SH_SAN_DEFECT,PT,
2004,R,Jericho & AL Aghwar,N,2004,SH_SAN_DEFECT,PT,
2005,R,Jericho & AL Aghwar,N,2005,SH_SAN_DEFECT,PT,
2006,R,Jericho & AL Aghwar,N,2006,SH_SAN_DEFECT,PT,
2007,R,Jericho & AL Aghwar,N,2007,SH_SAN_DEFECT,PT,
2008,R,Jericho & AL Aghwar,N,2008,SH_SAN_DEFECT,PT,
2009,R,Jericho & AL Aghwar,N,2009,SH_SAN_DEFECT,PT,
2010,R,Jericho & AL Aghwar,N,2010,SH_SAN_DEFECT,PT,
2011,R,Jericho & AL Aghwar,N,2011,SH_SAN_DEFECT,PT,
2012,R,Jericho & AL Aghwar,N,2012,SH_SAN_DEFECT,PT,
2013,R,Jericho & AL Aghwar,N,2013,SH_SAN_DEFECT,PT,
2014,R,Jericho & AL Aghwar,N,2014,SH_SAN_DEFECT,PT,
2015,R,Jericho & AL Aghwar,N,2015,SH_SAN_DEFECT,PT,
2017,R,Jericho & AL Aghwar,N,2017,SH_SAN_DEFECT,PT,
0,R,Jerusalem,N,0,SH_SAN_DEFECT,PT,
2000,R,Jerusalem,N,2000,SH_SAN_DEFECT,PT,
2002,R,Jerusalem,N,2002,SH_SAN_DEFECT,PT,
2003,R,Jerusalem,N,2003,SH_SAN_DEFECT,PT,
2004,R,Jerusalem,N,2004,SH_SAN_DEFECT,PT,
2005,R,Jerusalem,N,2005,SH_SAN_DEFECT,PT,
2006,R,Jerusalem,N,2006,SH_SAN_DEFECT,PT,
2007,R,Jerusalem,N,2007,SH_SAN_DEFECT,PT,
2008,R,Jerusalem,N,2008,SH_SAN_DEFECT,PT,
2009,R,Jerusalem,N,2009,SH_SAN_DEFECT,PT,
2010,R,Jerusalem,N,2010,SH_SAN_DEFECT,PT,
2011,R,Jerusalem,N,2011,SH_SAN_DEFECT,PT,
2012,R,Jerusalem,N,2012,SH_SAN_DEFECT,PT,
2013,R,Jerusalem,N,2013,SH_SAN_DEFECT,PT,
2014,R,Jerusalem,N,2014,SH_SAN_DEFECT,PT,
2015,R,Jerusalem,N,2015,SH_SAN_DEFECT,PT,
2017,R,Jerusalem,N,2017,SH_SAN_DEFECT,PT,
0,R,Bethlehem,N,0,SH_SAN_DEFECT,PT,
2000,R,Bethlehem,N,2000,SH_SAN_DEFECT,PT,
2002,R,Bethlehem,N,2002,SH_SAN_DEFECT,PT,
2003,R,Bethlehem,N,2003,SH_SAN_DEFECT,PT,
2004,R,Bethlehem,N,2004,SH_SAN_DEFECT,PT,
2005,R,Bethlehem,N,2005,SH_SAN_DEFECT,PT,
2006,R,Bethlehem,N,2006,SH_SAN_DEFECT,PT,
2007,R,Bethlehem,N,2007,SH_SAN_DEFECT,PT,
2008,R,Bethlehem,N,2008,SH_SAN_DEFECT,PT,
2009,R,Bethlehem,N,2009,SH_SAN_DEFECT,PT,
2010,R,Bethlehem,N,2010,SH_SAN_DEFECT,PT,
2011,R,Bethlehem,N,2011,SH_SAN_DEFECT,PT,
2012,R,Bethlehem,N,2012,SH_SAN_DEFECT,PT,
2013,R,Bethlehem,N,2013,SH_SAN_DEFECT,PT,
2014,R,Bethlehem,N,2014,SH_SAN_DEFECT,PT,
2015,R,Bethlehem,N,2015,SH_SAN_DEFECT,PT,
2017,R,Bethlehem,N,2017,SH_SAN_DEFECT,PT,
0,R,Hebron,N,0,SH_SAN_DEFECT,PT,
2000,R,Hebron,N,2000,SH_SAN_DEFECT,PT,
2002,R,Hebron,N,2002,SH_SAN_DEFECT,PT,
2003,R,Hebron,N,2003,SH_SAN_DEFECT,PT,
2004,R,Hebron,N,2004,SH_SAN_DEFECT,PT,
2005,R,Hebron,N,2005,SH_SAN_DEFECT,PT,
2006,R,Hebron,N,2006,SH_SAN_DEFECT,PT,
2007,R,Hebron,N,2007,SH_SAN_DEFECT,PT,
2008,R,Hebron,N,2008,SH_SAN_DEFECT,PT,
2009,R,Hebron,N,2009,SH_SAN_DEFECT,PT,
2010,R,Hebron,N,2010,SH_SAN_DEFECT,PT,
2011,R,Hebron,N,2011,SH_SAN_DEFECT,PT,
2012,R,Hebron,N,2012,SH_SAN_DEFECT,PT,
2013,R,Hebron,N,2013,SH_SAN_DEFECT,PT,
2014,R,Hebron,N,2014,SH_SAN_DEFECT,PT,
2015,R,Hebron,N,2015,SH_SAN_DEFECT,PT,
2017,R,Hebron,N,2017,SH_SAN_DEFECT,PT,
0,R,North Gaza,N,0,SH_SAN_DEFECT,PT,
2000,R,North Gaza,N,2000,SH_SAN_DEFECT,PT,
2002,R,North Gaza,N,2002,SH_SAN_DEFECT,PT,
2003,R,North Gaza,N,2003,SH_SAN_DEFECT,PT,
2004,R,North Gaza,N,2004,SH_SAN_DEFECT,PT,
2005,R,North Gaza,N,2005,SH_SAN_DEFECT,PT,
2006,R,North Gaza,N,2006,SH_SAN_DEFECT,PT,
2007,R,North Gaza,N,2007,SH_SAN_DEFECT,PT,
2008,R,North Gaza,N,2008,SH_SAN_DEFECT,PT,
2009,R,North Gaza,N,2009,SH_SAN_DEFECT,PT,
2010,R,North Gaza,N,2010,SH_SAN_DEFECT,PT,
2011,R,North Gaza,N,2011,SH_SAN_DEFECT,PT,
2012,R,North Gaza,N,2012,SH_SAN_DEFECT,PT,
2013,R,North Gaza,N,2013,SH_SAN_DEFECT,PT,
2014,R,North Gaza,N,2014,SH_SAN_DEFECT,PT,
2015,R,North Gaza,N,2015,SH_SAN_DEFECT,PT,
2017,R,North Gaza,N,2017,SH_SAN_DEFECT,PT,
0,R,Gaza,N,0,SH_SAN_DEFECT,PT,
2000,R,Gaza,N,2000,SH_SAN_DEFECT,PT,
2002,R,Gaza,N,2002,SH_SAN_DEFECT,PT,
2003,R,Gaza,N,2003,SH_SAN_DEFECT,PT,
2004,R,Gaza,N,2004,SH_SAN_DEFECT,PT,
2005,R,Gaza,N,2005,SH_SAN_DEFECT,PT,
2006,R,Gaza,N,2006,SH_SAN_DEFECT,PT,
2007,R,Gaza,N,2007,SH_SAN_DEFECT,PT,
2008,R,Gaza,N,2008,SH_SAN_DEFECT,PT,
2009,R,Gaza,N,2009,SH_SAN_DEFECT,PT,
2010,R,Gaza,N,2010,SH_SAN_DEFECT,PT,
2011,R,Gaza,N,2011,SH_SAN_DEFECT,PT,
2012,R,Gaza,N,2012,SH_SAN_DEFECT,PT,
2013,R,Gaza,N,2013,SH_SAN_DEFECT,PT,
2014,R,Gaza,N,2014,SH_SAN_DEFECT,PT,
2015,R,Gaza,N,2015,SH_SAN_DEFECT,PT,
2017,R,Gaza,N,2017,SH_SAN_DEFECT,PT,
0,R,Dier Al-Balah,N,0,SH_SAN_DEFECT,PT,
2000,R,Dier Al-Balah,N,2000,SH_SAN_DEFECT,PT,
2002,R,Dier Al-Balah,N,2002,SH_SAN_DEFECT,PT,
2003,R,Dier Al-Balah,N,2003,SH_SAN_DEFECT,PT,
2004,R,Dier Al-Balah,N,2004,SH_SAN_DEFECT,PT,
2005,R,Dier Al-Balah,N,2005,SH_SAN_DEFECT,PT,
2006,R,Dier Al-Balah,N,2006,SH_SAN_DEFECT,PT,
2007,R,Dier Al-Balah,N,2007,SH_SAN_DEFECT,PT,
2008,R,Dier Al-Balah,N,2008,SH_SAN_DEFECT,PT,
2009,R,Dier Al-Balah,N,2009,SH_SAN_DEFECT,PT,
2010,R,Dier Al-Balah,N,2010,SH_SAN_DEFECT,PT,
2011,R,Dier Al-Balah,N,2011,SH_SAN_DEFECT,PT,
2012,R,Dier Al-Balah,N,2012,SH_SAN_DEFECT,PT,
2013,R,Dier Al-Balah,N,2013,SH_SAN_DEFECT,PT,
2014,R,Dier Al-Balah,N,2014,SH_SAN_DEFECT,PT,
2015,R,Dier Al-Balah,N,2015,SH_SAN_DEFECT,PT,
2017,R,Dier Al-Balah,N,2017,SH_SAN_DEFECT,PT,
0,R,Khan Yunis,N,0,SH_SAN_DEFECT,PT,
2000,R,Khan Yunis,N,2000,SH_SAN_DEFECT,PT,
2002,R,Khan Yunis,N,2002,SH_SAN_DEFECT,PT,
2003,R,Khan Yunis,N,2003,SH_SAN_DEFECT,PT,
2004,R,Khan Yunis,N,2004,SH_SAN_DEFECT,PT,
2005,R,Khan Yunis,N,2005,SH_SAN_DEFECT,PT,
2006,R,Khan Yunis,N,2006,SH_SAN_DEFECT,PT,
2007,R,Khan Yunis,N,2007,SH_SAN_DEFECT,PT,
2008,R,Khan Yunis,N,2008,SH_SAN_DEFECT,PT,
2009,R,Khan Yunis,N,2009,SH_SAN_DEFECT,PT,
2010,R,Khan Yunis,N,2010,SH_SAN_DEFECT,PT,
2011,R,Khan Yunis,N,2011,SH_SAN_DEFECT,PT,
2012,R,Khan Yunis,N,2012,SH_SAN_DEFECT,PT,
2013,R,Khan Yunis,N,2013,SH_SAN_DEFECT,PT,
2014,R,Khan Yunis,N,2014,SH_SAN_DEFECT,PT,
2015,R,Khan Yunis,N,2015,SH_SAN_DEFECT,PT,
2017,R,Khan Yunis,N,2017,SH_SAN_DEFECT,PT,
0,R,Rafah,N,0,SH_SAN_DEFECT,PT,
2000,R,Rafah,N,2000,SH_SAN_DEFECT,PT,
2002,R,Rafah,N,2002,SH_SAN_DEFECT,PT,
2003,R,Rafah,N,2003,SH_SAN_DEFECT,PT,
2004,R,Rafah,N,2004,SH_SAN_DEFECT,PT,
2005,R,Rafah,N,2005,SH_SAN_DEFECT,PT,
2006,R,Rafah,N,2006,SH_SAN_DEFECT,PT,
2007,R,Rafah,N,2007,SH_SAN_DEFECT,PT,
2008,R,Rafah,N,2008,SH_SAN_DEFECT,PT,
2009,R,Rafah,N,2009,SH_SAN_DEFECT,PT,
2010,R,Rafah,N,2010,SH_SAN_DEFECT,PT,
2011,R,Rafah,N,2011,SH_SAN_DEFECT,PT,
2012,R,Rafah,N,2012,SH_SAN_DEFECT,PT,
2013,R,Rafah,N,2013,SH_SAN_DEFECT,PT,
2014,R,Rafah,N,2014,SH_SAN_DEFECT,PT,
2015,R,Rafah,N,2015,SH_SAN_DEFECT,PT,
2017,R,Rafah,N,2017,SH_SAN_DEFECT,PT,
0,Camp,West Bank,N,0,SH_SAN_DEFECT,PT,
2000,Camp,West Bank,N,2000,SH_SAN_DEFECT,PT,
2002,Camp,West Bank,N,2002,SH_SAN_DEFECT,PT,
2003,Camp,West Bank,N,2003,SH_SAN_DEFECT,PT,
2004,Camp,West Bank,N,2004,SH_SAN_DEFECT,PT,
2005,Camp,West Bank,N,2005,SH_SAN_DEFECT,PT,
2006,Camp,West Bank,N,2006,SH_SAN_DEFECT,PT,
2007,Camp,West Bank,N,2007,SH_SAN_DEFECT,PT,
2008,Camp,West Bank,N,2008,SH_SAN_DEFECT,PT,
2009,Camp,West Bank,N,2009,SH_SAN_DEFECT,PT,
2010,Camp,West Bank,N,2010,SH_SAN_DEFECT,PT,
2011,Camp,West Bank,N,2011,SH_SAN_DEFECT,PT,
2012,Camp,West Bank,N,2012,SH_SAN_DEFECT,PT,
2013,Camp,West Bank,N,2013,SH_SAN_DEFECT,PT,
2014,Camp,West Bank,N,2014,SH_SAN_DEFECT,PT,
2015,Camp,West Bank,N,2015,SH_SAN_DEFECT,PT,
2017,Camp,West Bank,N,2017,SH_SAN_DEFECT,PT,
0,Camp,Gaza Strip,N,0,SH_SAN_DEFECT,PT,
2000,Camp,Gaza Strip,N,2000,SH_SAN_DEFECT,PT,
2002,Camp,Gaza Strip,N,2002,SH_SAN_DEFECT,PT,
2003,Camp,Gaza Strip,N,2003,SH_SAN_DEFECT,PT,
2004,Camp,Gaza Strip,N,2004,SH_SAN_DEFECT,PT,
2005,Camp,Gaza Strip,N,2005,SH_SAN_DEFECT,PT,
2006,Camp,Gaza Strip,N,2006,SH_SAN_DEFECT,PT,
2007,Camp,Gaza Strip,N,2007,SH_SAN_DEFECT,PT,
2008,Camp,Gaza Strip,N,2008,SH_SAN_DEFECT,PT,
2009,Camp,Gaza Strip,N,2009,SH_SAN_DEFECT,PT,
2010,Camp,Gaza Strip,N,2010,SH_SAN_DEFECT,PT,
2011,Camp,Gaza Strip,N,2011,SH_SAN_DEFECT,PT,
2012,Camp,Gaza Strip,N,2012,SH_SAN_DEFECT,PT,
2013,Camp,Gaza Strip,N,2013,SH_SAN_DEFECT,PT,
2014,Camp,Gaza Strip,N,2014,SH_SAN_DEFECT,PT,
2015,Camp,Gaza Strip,N,2015,SH_SAN_DEFECT,PT,
2017,Camp,Gaza Strip,N,2017,SH_SAN_DEFECT,PT,
0,Camp,PS,N,0,SH_SAN_DEFECT,PT,
2000,Camp,PS,N,2000,SH_SAN_DEFECT,PT,
2002,Camp,PS,N,2002,SH_SAN_DEFECT,PT,
2003,Camp,PS,N,2003,SH_SAN_DEFECT,PT,
2004,Camp,PS,N,2004,SH_SAN_DEFECT,PT,
2005,Camp,PS,N,2005,SH_SAN_DEFECT,PT,99.8
2006,Camp,PS,N,2006,SH_SAN_DEFECT,PT,100.0
2007,Camp,PS,N,2007,SH_SAN_DEFECT,PT,100.0
2008,Camp,PS,N,2008,SH_SAN_DEFECT,PT,99.4
2009,Camp,PS,N,2009,SH_SAN_DEFECT,PT,
2010,Camp,PS,N,2010,SH_SAN_DEFECT,PT,92.4
2011,Camp,PS,N,2011,SH_SAN_DEFECT,PT,99.9
2012,Camp,PS,N,2012,SH_SAN_DEFECT,PT,100.0
2013,Camp,PS,N,2013,SH_SAN_DEFECT,PT,100.0
2014,Camp,PS,N,2014,SH_SAN_DEFECT,PT,98.3
2015,Camp,PS,N,2015,SH_SAN_DEFECT,PT,100.0
2017,Camp,PS,N,2017,SH_SAN_DEFECT,PT,99.9
0,Camp,Jenin,N,0,SH_SAN_DEFECT,PT,
2000,Camp,Jenin,N,2000,SH_SAN_DEFECT,PT,
2002,Camp,Jenin,N,2002,SH_SAN_DEFECT,PT,
2003,Camp,Jenin,N,2003,SH_SAN_DEFECT,PT,
2004,Camp,Jenin,N,2004,SH_SAN_DEFECT,PT,
2005,Camp,Jenin,N,2005,SH_SAN_DEFECT,PT,
2006,Camp,Jenin,N,2006,SH_SAN_DEFECT,PT,
2007,Camp,Jenin,N,2007,SH_SAN_DEFECT,PT,
2008,Camp,Jenin,N,2008,SH_SAN_DEFECT,PT,
2009,Camp,Jenin,N,2009,SH_SAN_DEFECT,PT,
2010,Camp,Jenin,N,2010,SH_SAN_DEFECT,PT,
2011,Camp,Jenin,N,2011,SH_SAN_DEFECT,PT,
2012,Camp,Jenin,N,2012,SH_SAN_DEFECT,PT,
2013,Camp,Jenin,N,2013,SH_SAN_DEFECT,PT,
2014,Camp,Jenin,N,2014,SH_SAN_DEFECT,PT,
2015,Camp,Jenin,N,2015,SH_SAN_DEFECT,PT,
2017,Camp,Jenin,N,2017,SH_SAN_DEFECT,PT,
0,Camp,Tubas & Northern Valleys,N,0,SH_SAN_DEFECT,PT,
2000,Camp,Tubas & Northern Valleys,N,2000,SH_SAN_DEFECT,PT,
2002,Camp,Tubas & Northern Valleys,N,2002,SH_SAN_DEFECT,PT,
2003,Camp,Tubas & Northern Valleys,N,2003,SH_SAN_DEFECT,PT,
2004,Camp,Tubas & Northern Valleys,N,2004,SH_SAN_DEFECT,PT,
2005,Camp,Tubas & Northern Valleys,N,2005,SH_SAN_DEFECT,PT,
2006,Camp,Tubas & Northern Valleys,N,2006,SH_SAN_DEFECT,PT,
2007,Camp,Tubas & Northern Valleys,N,2007,SH_SAN_DEFECT,PT,
2008,Camp,Tubas & Northern Valleys,N,2008,SH_SAN_DEFECT,PT,
2009,Camp,Tubas & Northern Valleys,N,2009,SH_SAN_DEFECT,PT,
2010,Camp,Tubas & Northern Valleys,N,2010,SH_SAN_DEFECT,PT,
2011,Camp,Tubas & Northern Valleys,N,2011,SH_SAN_DEFECT,PT,
2012,Camp,Tubas & Northern Valleys,N,2012,SH_SAN_DEFECT,PT,
2013,Camp,Tubas & Northern Valleys,N,2013,SH_SAN_DEFECT,PT,
2014,Camp,Tubas & Northern Valleys,N,2014,SH_SAN_DEFECT,PT,
2015,Camp,Tubas & Northern Valleys,N,2015,SH_SAN_DEFECT,PT,
2017,Camp,Tubas & Northern Valleys,N,2017,SH_SAN_DEFECT,PT,
0,Camp,Tulkarm,N,0,SH_SAN_DEFECT,PT,
2000,Camp,Tulkarm,N,2000,SH_SAN_DEFECT,PT,
2002,Camp,Tulkarm,N,2002,SH_SAN_DEFECT,PT,
2003,Camp,Tulkarm,N,2003,SH_SAN_DEFECT,PT,
2004,Camp,Tulkarm,N,2004,SH_SAN_DEFECT,PT,
2005,Camp,Tulkarm,N,2005,SH_SAN_DEFECT,PT,
2006,Camp,Tulkarm,N,2006,SH_SAN_DEFECT,PT,
2007,Camp,Tulkarm,N,2007,SH_SAN_DEFECT,PT,
2008,Camp,Tulkarm,N,2008,SH_SAN_DEFECT,PT,
2009,Camp,Tulkarm,N,2009,SH_SAN_DEFECT,PT,
2010,Camp,Tulkarm,N,2010,SH_SAN_DEFECT,PT,
2011,Camp,Tulkarm,N,2011,SH_SAN_DEFECT,PT,
2012,Camp,Tulkarm,N,2012,SH_SAN_DEFECT,PT,
2013,Camp,Tulkarm,N,2013,SH_SAN_DEFECT,PT,
2014,Camp,Tulkarm,N,2014,SH_SAN_DEFECT,PT,
2015,Camp,Tulkarm,N,2015,SH_SAN_DEFECT,PT,
2017,Camp,Tulkarm,N,2017,SH_SAN_DEFECT,PT,
0,Camp,Nablus,N,0,SH_SAN_DEFECT,PT,
2000,Camp,Nablus,N,2000,SH_SAN_DEFECT,PT,
2002,Camp,Nablus,N,2002,SH_SAN_DEFECT,PT,
2003,Camp,Nablus,N,2003,SH_SAN_DEFECT,PT,
2004,Camp,Nablus,N,2004,SH_SAN_DEFECT,PT,
2005,Camp,Nablus,N,2005,SH_SAN_DEFECT,PT,
2006,Camp,Nablus,N,2006,SH_SAN_DEFECT,PT,
2007,Camp,Nablus,N,2007,SH_SAN_DEFECT,PT,
2008,Camp,Nablus,N,2008,SH_SAN_DEFECT,PT,
2009,Camp,Nablus,N,2009,SH_SAN_DEFECT,PT,
2010,Camp,Nablus,N,2010,SH_SAN_DEFECT,PT,
2011,Camp,Nablus,N,2011,SH_SAN_DEFECT,PT,
2012,Camp,Nablus,N,2012,SH_SAN_DEFECT,PT,
2013,Camp,Nablus,N,2013,SH_SAN_DEFECT,PT,
2014,Camp,Nablus,N,2014,SH_SAN_DEFECT,PT,
2015,Camp,Nablus,N,2015,SH_SAN_DEFECT,PT,
2017,Camp,Nablus,N,2017,SH_SAN_DEFECT,PT,
0,Camp,Qalqiliya,N,0,SH_SAN_DEFECT,PT,
2000,Camp,Qalqiliya,N,2000,SH_SAN_DEFECT,PT,
2002,Camp,Qalqiliya,N,2002,SH_SAN_DEFECT,PT,
2003,Camp,Qalqiliya,N,2003,SH_SAN_DEFECT,PT,
2004,Camp,Qalqiliya,N,2004,SH_SAN_DEFECT,PT,
2005,Camp,Qalqiliya,N,2005,SH_SAN_DEFECT,PT,
2006,Camp,Qalqiliya,N,2006,SH_SAN_DEFECT,PT,
2007,Camp,Qalqiliya,N,2007,SH_SAN_DEFECT,PT,
2008,Camp,Qalqiliya,N,2008,SH_SAN_DEFECT,PT,
2009,Camp,Qalqiliya,N,2009,SH_SAN_DEFECT,PT,
2010,Camp,Qalqiliya,N,2010,SH_SAN_DEFECT,PT,
2011,Camp,Qalqiliya,N,2011,SH_SAN_DEFECT,PT,
2012,Camp,Qalqiliya,N,2012,SH_SAN_DEFECT,PT,
2013,Camp,Qalqiliya,N,2013,SH_SAN_DEFECT,PT,
2014,Camp,Qalqiliya,N,2014,SH_SAN_DEFECT,PT,
2015,Camp,Qalqiliya,N,2015,SH_SAN_DEFECT,PT,
2017,Camp,Qalqiliya,N,2017,SH_SAN_DEFECT,PT,
0,Camp,Salfit,N,0,SH_SAN_DEFECT,PT,
2000,Camp,Salfit,N,2000,SH_SAN_DEFECT,PT,
2002,Camp,Salfit,N,2002,SH_SAN_DEFECT,PT,
2003,Camp,Salfit,N,2003,SH_SAN_DEFECT,PT,
2004,Camp,Salfit,N,2004,SH_SAN_DEFECT,PT,
2005,Camp,Salfit,N,2005,SH_SAN_DEFECT,PT,
2006,Camp,Salfit,N,2006,SH_SAN_DEFECT,PT,
2007,Camp,Salfit,N,2007,SH_SAN_DEFECT,PT,
2008,Camp,Salfit,N,2008,SH_SAN_DEFECT,PT,
2009,Camp,Salfit,N,2009,SH_SAN_DEFECT,PT,
2010,Camp,Salfit,N,2010,SH_SAN_DEFECT,PT,
2011,Camp,Salfit,N,2011,SH_SAN_DEFECT,PT,
2012,Camp,Salfit,N,2012,SH_SAN_DEFECT,PT,
2013,Camp,Salfit,N,2013,SH_SAN_DEFECT,PT,
2014,Camp,Salfit,N,2014,SH_SAN_DEFECT,PT,
2015,Camp,Salfit,N,2015,SH_SAN_DEFECT,PT,
2017,Camp,Salfit,N,2017,SH_SAN_DEFECT,PT,
0,Camp,Ramallah & Al-Bireh,N,0,SH_SAN_DEFECT,PT,
2000,Camp,Ramallah & Al-Bireh,N,2000,SH_SAN_DEFECT,PT,
2002,Camp,Ramallah & Al-Bireh,N,2002,SH_SAN_DEFECT,PT,
2003,Camp,Ramallah & Al-Bireh,N,2003,SH_SAN_DEFECT,PT,
2004,Camp,Ramallah & Al-Bireh,N,2004,SH_SAN_DEFECT,PT,
2005,Camp,Ramallah & Al-Bireh,N,2005,SH_SAN_DEFECT,PT,
2006,Camp,Ramallah & Al-Bireh,N,2006,SH_SAN_DEFECT,PT,
2007,Camp,Ramallah & Al-Bireh,N,2007,SH_SAN_DEFECT,PT,
2008,Camp,Ramallah & Al-Bireh,N,2008,SH_SAN_DEFECT,PT,
2009,Camp,Ramallah & Al-Bireh,N,2009,SH_SAN_DEFECT,PT,
2010,Camp,Ramallah & Al-Bireh,N,2010,SH_SAN_DEFECT,PT,
2011,Camp,Ramallah & Al-Bireh,N,2011,SH_SAN_DEFECT,PT,
2012,Camp,Ramallah & Al-Bireh,N,2012,SH_SAN_DEFECT,PT,
2013,Camp,Ramallah & Al-Bireh,N,2013,SH_SAN_DEFECT,PT,
2014,Camp,Ramallah & Al-Bireh,N,2014,SH_SAN_DEFECT,PT,
2015,Camp,Ramallah & Al-Bireh,N,2015,SH_SAN_DEFECT,PT,
2017,Camp,Ramallah & Al-Bireh,N,2017,SH_SAN_DEFECT,PT,
0,Camp,Jericho & AL Aghwar,N,0,SH_SAN_DEFECT,PT,
2000,Camp,Jericho & AL Aghwar,N,2000,SH_SAN_DEFECT,PT,
2002,Camp,Jericho & AL Aghwar,N,2002,SH_SAN_DEFECT,PT,
2003,Camp,Jericho & AL Aghwar,N,2003,SH_SAN_DEFECT,PT,
2004,Camp,Jericho & AL Aghwar,N,2004,SH_SAN_DEFECT,PT,
2005,Camp,Jericho & AL Aghwar,N,2005,SH_SAN_DEFECT,PT,
2006,Camp,Jericho & AL Aghwar,N,2006,SH_SAN_DEFECT,PT,
2007,Camp,Jericho & AL Aghwar,N,2007,SH_SAN_DEFECT,PT,
2008,Camp,Jericho & AL Aghwar,N,2008,SH_SAN_DEFECT,PT,
2009,Camp,Jericho & AL Aghwar,N,2009,SH_SAN_DEFECT,PT,
2010,Camp,Jericho & AL Aghwar,N,2010,SH_SAN_DEFECT,PT,
2011,Camp,Jericho & AL Aghwar,N,2011,SH_SAN_DEFECT,PT,
2012,Camp,Jericho & AL Aghwar,N,2012,SH_SAN_DEFECT,PT,
2013,Camp,Jericho & AL Aghwar,N,2013,SH_SAN_DEFECT,PT,
2014,Camp,Jericho & AL Aghwar,N,2014,SH_SAN_DEFECT,PT,
2015,Camp,Jericho & AL Aghwar,N,2015,SH_SAN_DEFECT,PT,
2017,Camp,Jericho & AL Aghwar,N,2017,SH_SAN_DEFECT,PT,
0,Camp,Jerusalem,N,0,SH_SAN_DEFECT,PT,
2000,Camp,Jerusalem,N,2000,SH_SAN_DEFECT,PT,
2002,Camp,Jerusalem,N,2002,SH_SAN_DEFECT,PT,
2003,Camp,Jerusalem,N,2003,SH_SAN_DEFECT,PT,
2004,Camp,Jerusalem,N,2004,SH_SAN_DEFECT,PT,
2005,Camp,Jerusalem,N,2005,SH_SAN_DEFECT,PT,
2006,Camp,Jerusalem,N,2006,SH_SAN_DEFECT,PT,
2007,Camp,Jerusalem,N,2007,SH_SAN_DEFECT,PT,
2008,Camp,Jerusalem,N,2008,SH_SAN_DEFECT,PT,
2009,Camp,Jerusalem,N,2009,SH_SAN_DEFECT,PT,
2010,Camp,Jerusalem,N,2010,SH_SAN_DEFECT,PT,
2011,Camp,Jerusalem,N,2011,SH_SAN_DEFECT,PT,
2012,Camp,Jerusalem,N,2012,SH_SAN_DEFECT,PT,
2013,Camp,Jerusalem,N,2013,SH_SAN_DEFECT,PT,
2014,Camp,Jerusalem,N,2014,SH_SAN_DEFECT,PT,
2015,Camp,Jerusalem,N,2015,SH_SAN_DEFECT,PT,
2017,Camp,Jerusalem,N,2017,SH_SAN_DEFECT,PT,
0,Camp,Bethlehem,N,0,SH_SAN_DEFECT,PT,
2000,Camp,Bethlehem,N,2000,SH_SAN_DEFECT,PT,
2002,Camp,Bethlehem,N,2002,SH_SAN_DEFECT,PT,
2003,Camp,Bethlehem,N,2003,SH_SAN_DEFECT,PT,
2004,Camp,Bethlehem,N,2004,SH_SAN_DEFECT,PT,
2005,Camp,Bethlehem,N,2005,SH_SAN_DEFECT,PT,
2006,Camp,Bethlehem,N,2006,SH_SAN_DEFECT,PT,
2007,Camp,Bethlehem,N,2007,SH_SAN_DEFECT,PT,
2008,Camp,Bethlehem,N,2008,SH_SAN_DEFECT,PT,
2009,Camp,Bethlehem,N,2009,SH_SAN_DEFECT,PT,
2010,Camp,Bethlehem,N,2010,SH_SAN_DEFECT,PT,
2011,Camp,Bethlehem,N,2011,SH_SAN_DEFECT,PT,
2012,Camp,Bethlehem,N,2012,SH_SAN_DEFECT,PT,
2013,Camp,Bethlehem,N,2013,SH_SAN_DEFECT,PT,
2014,Camp,Bethlehem,N,2014,SH_SAN_DEFECT,PT,
2015,Camp,Bethlehem,N,2015,SH_SAN_DEFECT,PT,
2017,Camp,Bethlehem,N,2017,SH_SAN_DEFECT,PT,
0,Camp,Hebron,N,0,SH_SAN_DEFECT,PT,
2000,Camp,Hebron,N,2000,SH_SAN_DEFECT,PT,
2002,Camp,Hebron,N,2002,SH_SAN_DEFECT,PT,
2003,Camp,Hebron,N,2003,SH_SAN_DEFECT,PT,
2004,Camp,Hebron,N,2004,SH_SAN_DEFECT,PT,
2005,Camp,Hebron,N,2005,SH_SAN_DEFECT,PT,
2006,Camp,Hebron,N,2006,SH_SAN_DEFECT,PT,
2007,Camp,Hebron,N,2007,SH_SAN_DEFECT,PT,
2008,Camp,Hebron,N,2008,SH_SAN_DEFECT,PT,
2009,Camp,Hebron,N,2009,SH_SAN_DEFECT,PT,
2010,Camp,Hebron,N,2010,SH_SAN_DEFECT,PT,
2011,Camp,Hebron,N,2011,SH_SAN_DEFECT,PT,
2012,Camp,Hebron,N,2012,SH_SAN_DEFECT,PT,
2013,Camp,Hebron,N,2013,SH_SAN_DEFECT,PT,
2014,Camp,Hebron,N,2014,SH_SAN_DEFECT,PT,
2015,Camp,Hebron,N,2015,SH_SAN_DEFECT,PT,
2017,Camp,Hebron,N,2017,SH_SAN_DEFECT,PT,
0,Camp,North Gaza,N,0,SH_SAN_DEFECT,PT,
2000,Camp,North Gaza,N,2000,SH_SAN_DEFECT,PT,
2002,Camp,North Gaza,N,2002,SH_SAN_DEFECT,PT,
2003,Camp,North Gaza,N,2003,SH_SAN_DEFECT,PT,
2004,Camp,North Gaza,N,2004,SH_SAN_DEFECT,PT,
2005,Camp,North Gaza,N,2005,SH_SAN_DEFECT,PT,
2006,Camp,North Gaza,N,2006,SH_SAN_DEFECT,PT,
2007,Camp,North Gaza,N,2007,SH_SAN_DEFECT,PT,
2008,Camp,North Gaza,N,2008,SH_SAN_DEFECT,PT,
2009,Camp,North Gaza,N,2009,SH_SAN_DEFECT,PT,
2010,Camp,North Gaza,N,2010,SH_SAN_DEFECT,PT,
2011,Camp,North Gaza,N,2011,SH_SAN_DEFECT,PT,
2012,Camp,North Gaza,N,2012,SH_SAN_DEFECT,PT,
2013,Camp,North Gaza,N,2013,SH_SAN_DEFECT,PT,
2014,Camp,North Gaza,N,2014,SH_SAN_DEFECT,PT,
2015,Camp,North Gaza,N,2015,SH_SAN_DEFECT,PT,
2017,Camp,North Gaza,N,2017,SH_SAN_DEFECT,PT,
0,Camp,Gaza,N,0,SH_SAN_DEFECT,PT,
2000,Camp,Gaza,N,2000,SH_SAN_DEFECT,PT,
2002,Camp,Gaza,N,2002,SH_SAN_DEFECT,PT,
2003,Camp,Gaza,N,2003,SH_SAN_DEFECT,PT,
2004,Camp,Gaza,N,2004,SH_SAN_DEFECT,PT,
2005,Camp,Gaza,N,2005,SH_SAN_DEFECT,PT,
2006,Camp,Gaza,N,2006,SH_SAN_DEFECT,PT,
2007,Camp,Gaza,N,2007,SH_SAN_DEFECT,PT,
2008,Camp,Gaza,N,2008,SH_SAN_DEFECT,PT,
2009,Camp,Gaza,N,2009,SH_SAN_DEFECT,PT,
2010,Camp,Gaza,N,2010,SH_SAN_DEFECT,PT,
2011,Camp,Gaza,N,2011,SH_SAN_DEFECT,PT,
2012,Camp,Gaza,N,2012,SH_SAN_DEFECT,PT,
2013,Camp,Gaza,N,2013,SH_SAN_DEFECT,PT,
2014,Camp,Gaza,N,2014,SH_SAN_DEFECT,PT,
2015,Camp,Gaza,N,2015,SH_SAN_DEFECT,PT,
2017,Camp,Gaza,N,2017,SH_SAN_DEFECT,PT,
0,Camp,Dier Al-Balah,N,0,SH_SAN_DEFECT,PT,
2000,Camp,Dier Al-Balah,N,2000,SH_SAN_DEFECT,PT,
2002,Camp,Dier Al-Balah,N,2002,SH_SAN_DEFECT,PT,
2003,Camp,Dier Al-Balah,N,2003,SH_SAN_DEFECT,PT,
2004,Camp,Dier Al-Balah,N,2004,SH_SAN_DEFECT,PT,
2005,Camp,Dier Al-Balah,N,2005,SH_SAN_DEFECT,PT,
2006,Camp,Dier Al-Balah,N,2006,SH_SAN_DEFECT,PT,
2007,Camp,Dier Al-Balah,N,2007,SH_SAN_DEFECT,PT,
2008,Camp,Dier Al-Balah,N,2008,SH_SAN_DEFECT,PT,
2009,Camp,Dier Al-Balah,N,2009,SH_SAN_DEFECT,PT,
2010,Camp,Dier Al-Balah,N,2010,SH_SAN_DEFECT,PT,
2011,Camp,Dier Al-Balah,N,2011,SH_SAN_DEFECT,PT,
2012,Camp,Dier Al-Balah,N,2012,SH_SAN_DEFECT,PT,
2013,Camp,Dier Al-Balah,N,2013,SH_SAN_DEFECT,PT,
2014,Camp,Dier Al-Balah,N,2014,SH_SAN_DEFECT,PT,
2015,Camp,Dier Al-Balah,N,2015,SH_SAN_DEFECT,PT,
2017,Camp,Dier Al-Balah,N,2017,SH_SAN_DEFECT,PT,
0,Camp,Khan Yunis,N,0,SH_SAN_DEFECT,PT,
2000,Camp,Khan Yunis,N,2000,SH_SAN_DEFECT,PT,
2002,Camp,Khan Yunis,N,2002,SH_SAN_DEFECT,PT,
2003,Camp,Khan Yunis,N,2003,SH_SAN_DEFECT,PT,
2004,Camp,Khan Yunis,N,2004,SH_SAN_DEFECT,PT,
2005,Camp,Khan Yunis,N,2005,SH_SAN_DEFECT,PT,
2006,Camp,Khan Yunis,N,2006,SH_SAN_DEFECT,PT,
2007,Camp,Khan Yunis,N,2007,SH_SAN_DEFECT,PT,
2008,Camp,Khan Yunis,N,2008,SH_SAN_DEFECT,PT,
2009,Camp,Khan Yunis,N,2009,SH_SAN_DEFECT,PT,
2010,Camp,Khan Yunis,N,2010,SH_SAN_DEFECT,PT,
2011,Camp,Khan Yunis,N,2011,SH_SAN_DEFECT,PT,
2012,Camp,Khan Yunis,N,2012,SH_SAN_DEFECT,PT,
2013,Camp,Khan Yunis,N,2013,SH_SAN_DEFECT,PT,
2014,Camp,Khan Yunis,N,2014,SH_SAN_DEFECT,PT,
2015,Camp,Khan Yunis,N,2015,SH_SAN_DEFECT,PT,
2017,Camp,Khan Yunis,N,2017,SH_SAN_DEFECT,PT,
0,Camp,Rafah,N,0,SH_SAN_DEFECT,PT,
2000,Camp,Rafah,N,2000,SH_SAN_DEFECT,PT,
2002,Camp,Rafah,N,2002,SH_SAN_DEFECT,PT,
2003,Camp,Rafah,N,2003,SH_SAN_DEFECT,PT,
2004,Camp,Rafah,N,2004,SH_SAN_DEFECT,PT,
2005,Camp,Rafah,N,2005,SH_SAN_DEFECT,PT,
2006,Camp,Rafah,N,2006,SH_SAN_DEFECT,PT,
2007,Camp,Rafah,N,2007,SH_SAN_DEFECT,PT,
2008,Camp,Rafah,N,2008,SH_SAN_DEFECT,PT,
2009,Camp,Rafah,N,2009,SH_SAN_DEFECT,PT,
2010,Camp,Rafah,N,2010,SH_SAN_DEFECT,PT,
2011,Camp,Rafah,N,2011,SH_SAN_DEFECT,PT,
2012,Camp,Rafah,N,2012,SH_SAN_DEFECT,PT,
2013,Camp,Rafah,N,2013,SH_SAN_DEFECT,PT,
2014,Camp,Rafah,N,2014,SH_SAN_DEFECT,PT,
2015,Camp,Rafah,N,2015,SH_SAN_DEFECT,PT,
2017,Camp,Rafah,N,2017,SH_SAN_DEFECT,PT,
