Year,REF_AREA,TIME_DETAIL,SERIES,UNIT_MEASURE,Value
2001,West Bank,2001,EG_EGY_CLEAN,,98.8
2003,West Bank,2003,EG_EGY_CLEAN,,97.6
2004,West Bank,2004,EG_EGY_CLEAN,,98.6
2005,West Bank,2005,EG_EGY_CLEAN,,98.0
2006,West Bank,2006,EG_EGY_CLEAN,,96.2
2007,West Bank,2007,EG_EGY_CLEAN,,98.2
2008,West Bank,2008,EG_EGY_CLEAN,,98.6
2009,West Bank,2009,EG_EGY_CLEAN,,99.1
2010,West Bank,2010,EG_EGY_CLEAN,,98.9
2011,West Bank,2011,EG_EGY_CLEAN,,99.0
2013,West Bank,2013,EG_EGY_CLEAN,,99.8
2014,West Bank,2014,EG_EGY_CLEAN,,99.2
2015,West Bank,2015,EG_EGY_CLEAN,,99.1
2017,West Bank,2017,EG_EGY_CLEAN,,99.6
2001,Gaza Strip,2001,EG_EGY_CLEAN,,98.1
2003,Gaza Strip,2003,EG_EGY_CLEAN,,98.2
2004,Gaza Strip,2004,EG_EGY_CLEAN,,99.9
2005,Gaza Strip,2005,EG_EGY_CLEAN,,98.7
2006,Gaza Strip,2006,EG_EGY_CLEAN,,96.1
2007,Gaza Strip,2007,EG_EGY_CLEAN,,98.6
2008,Gaza Strip,2008,EG_EGY_CLEAN,,75.2
2009,Gaza Strip,2009,EG_EGY_CLEAN,,99.6
2010,Gaza Strip,2010,EG_EGY_CLEAN,,98.9
2011,Gaza Strip,2011,EG_EGY_CLEAN,,93.5
2013,Gaza Strip,2013,EG_EGY_CLEAN,,99.1
2014,Gaza Strip,2014,EG_EGY_CLEAN,,96.0
2015,Gaza Strip,2015,EG_EGY_CLEAN,,82.5
2017,Gaza Strip,2017,EG_EGY_CLEAN,,98.8
2001,PS,2001,EG_EGY_CLEAN,,98.6
2003,PS,2003,EG_EGY_CLEAN,,97.8
2004,PS,2004,EG_EGY_CLEAN,,99.0
2005,PS,2005,EG_EGY_CLEAN,,98.2
2006,PS,2006,EG_EGY_CLEAN,,96.1
2007,PS,2007,EG_EGY_CLEAN,,98.3
2008,PS,2008,EG_EGY_CLEAN,,90.7
2009,PS,2009,EG_EGY_CLEAN,,99.3
2010,PS,2010,EG_EGY_CLEAN,,98.9
2011,PS,2011,EG_EGY_CLEAN,,97.2
2013,PS,2013,EG_EGY_CLEAN,,99.6
2014,PS,2014,EG_EGY_CLEAN,,97.9
2015,PS,2015,EG_EGY_CLEAN,,93.4
2017,PS,2017,EG_EGY_CLEAN,,99.2
2001,Jenin,2001,EG_EGY_CLEAN,,
2003,Jenin,2003,EG_EGY_CLEAN,,
2004,Jenin,2004,EG_EGY_CLEAN,,
2005,Jenin,2005,EG_EGY_CLEAN,,
2006,Jenin,2006,EG_EGY_CLEAN,,
2007,Jenin,2007,EG_EGY_CLEAN,,99.8
2008,Jenin,2008,EG_EGY_CLEAN,,
2009,Jenin,2009,EG_EGY_CLEAN,,
2010,Jenin,2010,EG_EGY_CLEAN,,99.4
2011,Jenin,2011,EG_EGY_CLEAN,,
2013,Jenin,2013,EG_EGY_CLEAN,,
2014,Jenin,2014,EG_EGY_CLEAN,,99.8
2015,Jenin,2015,EG_EGY_CLEAN,,
2017,Jenin,2017,EG_EGY_CLEAN,,99.8
2001,Tubas & Northern Valleys,2001,EG_EGY_CLEAN,,
2003,Tubas & Northern Valleys,2003,EG_EGY_CLEAN,,
2004,Tubas & Northern Valleys,2004,EG_EGY_CLEAN,,
2005,Tubas & Northern Valleys,2005,EG_EGY_CLEAN,,
2006,Tubas & Northern Valleys,2006,EG_EGY_CLEAN,,
2007,Tubas & Northern Valleys,2007,EG_EGY_CLEAN,,97.7
2008,Tubas & Northern Valleys,2008,EG_EGY_CLEAN,,
2009,Tubas & Northern Valleys,2009,EG_EGY_CLEAN,,
2010,Tubas & Northern Valleys,2010,EG_EGY_CLEAN,,93.0
2011,Tubas & Northern Valleys,2011,EG_EGY_CLEAN,,
2013,Tubas & Northern Valleys,2013,EG_EGY_CLEAN,,
2014,Tubas & Northern Valleys,2014,EG_EGY_CLEAN,,100.0
2015,Tubas & Northern Valleys,2015,EG_EGY_CLEAN,,
2017,Tubas & Northern Valleys,2017,EG_EGY_CLEAN,,99.5
2001,Tulkarm,2001,EG_EGY_CLEAN,,
2003,Tulkarm,2003,EG_EGY_CLEAN,,
2004,Tulkarm,2004,EG_EGY_CLEAN,,
2005,Tulkarm,2005,EG_EGY_CLEAN,,
2006,Tulkarm,2006,EG_EGY_CLEAN,,
2007,Tulkarm,2007,EG_EGY_CLEAN,,98.7
2008,Tulkarm,2008,EG_EGY_CLEAN,,
2009,Tulkarm,2009,EG_EGY_CLEAN,,
2010,Tulkarm,2010,EG_EGY_CLEAN,,99.9
2011,Tulkarm,2011,EG_EGY_CLEAN,,
2013,Tulkarm,2013,EG_EGY_CLEAN,,
2014,Tulkarm,2014,EG_EGY_CLEAN,,99.3
2015,Tulkarm,2015,EG_EGY_CLEAN,,
2017,Tulkarm,2017,EG_EGY_CLEAN,,99.8
2001,Nablus,2001,EG_EGY_CLEAN,,
2003,Nablus,2003,EG_EGY_CLEAN,,
2004,Nablus,2004,EG_EGY_CLEAN,,
2005,Nablus,2005,EG_EGY_CLEAN,,
2006,Nablus,2006,EG_EGY_CLEAN,,
2007,Nablus,2007,EG_EGY_CLEAN,,99.0
2008,Nablus,2008,EG_EGY_CLEAN,,
2009,Nablus,2009,EG_EGY_CLEAN,,
2010,Nablus,2010,EG_EGY_CLEAN,,99.5
2011,Nablus,2011,EG_EGY_CLEAN,,
2013,Nablus,2013,EG_EGY_CLEAN,,
2014,Nablus,2014,EG_EGY_CLEAN,,99.7
2015,Nablus,2015,EG_EGY_CLEAN,,
2017,Nablus,2017,EG_EGY_CLEAN,,99.8
2001,Qalqiliya,2001,EG_EGY_CLEAN,,
2003,Qalqiliya,2003,EG_EGY_CLEAN,,
2004,Qalqiliya,2004,EG_EGY_CLEAN,,
2005,Qalqiliya,2005,EG_EGY_CLEAN,,
2006,Qalqiliya,2006,EG_EGY_CLEAN,,
2007,Qalqiliya,2007,EG_EGY_CLEAN,,98.9
2008,Qalqiliya,2008,EG_EGY_CLEAN,,
2009,Qalqiliya,2009,EG_EGY_CLEAN,,
2010,Qalqiliya,2010,EG_EGY_CLEAN,,100.0
2011,Qalqiliya,2011,EG_EGY_CLEAN,,
2013,Qalqiliya,2013,EG_EGY_CLEAN,,
2014,Qalqiliya,2014,EG_EGY_CLEAN,,99.9
2015,Qalqiliya,2015,EG_EGY_CLEAN,,
2017,Qalqiliya,2017,EG_EGY_CLEAN,,99.7
2001,Salfit,2001,EG_EGY_CLEAN,,
2003,Salfit,2003,EG_EGY_CLEAN,,
2004,Salfit,2004,EG_EGY_CLEAN,,
2005,Salfit,2005,EG_EGY_CLEAN,,
2006,Salfit,2006,EG_EGY_CLEAN,,
2007,Salfit,2007,EG_EGY_CLEAN,,98.3
2008,Salfit,2008,EG_EGY_CLEAN,,
2009,Salfit,2009,EG_EGY_CLEAN,,
2010,Salfit,2010,EG_EGY_CLEAN,,100.0
2011,Salfit,2011,EG_EGY_CLEAN,,
2013,Salfit,2013,EG_EGY_CLEAN,,
2014,Salfit,2014,EG_EGY_CLEAN,,100.0
2015,Salfit,2015,EG_EGY_CLEAN,,
2017,Salfit,2017,EG_EGY_CLEAN,,99.7
2001,Ramallah & Al-Bireh,2001,EG_EGY_CLEAN,,
2003,Ramallah & Al-Bireh,2003,EG_EGY_CLEAN,,
2004,Ramallah & Al-Bireh,2004,EG_EGY_CLEAN,,
2005,Ramallah & Al-Bireh,2005,EG_EGY_CLEAN,,
2006,Ramallah & Al-Bireh,2006,EG_EGY_CLEAN,,
2007,Ramallah & Al-Bireh,2007,EG_EGY_CLEAN,,98.9
2008,Ramallah & Al-Bireh,2008,EG_EGY_CLEAN,,
2009,Ramallah & Al-Bireh,2009,EG_EGY_CLEAN,,
2010,Ramallah & Al-Bireh,2010,EG_EGY_CLEAN,,99.6
2011,Ramallah & Al-Bireh,2011,EG_EGY_CLEAN,,
2013,Ramallah & Al-Bireh,2013,EG_EGY_CLEAN,,
2014,Ramallah & Al-Bireh,2014,EG_EGY_CLEAN,,99.8
2015,Ramallah & Al-Bireh,2015,EG_EGY_CLEAN,,
2017,Ramallah & Al-Bireh,2017,EG_EGY_CLEAN,,99.4
2001,Jericho & AL Aghwar,2001,EG_EGY_CLEAN,,
2003,Jericho & AL Aghwar,2003,EG_EGY_CLEAN,,
2004,Jericho & AL Aghwar,2004,EG_EGY_CLEAN,,
2005,Jericho & AL Aghwar,2005,EG_EGY_CLEAN,,
2006,Jericho & AL Aghwar,2006,EG_EGY_CLEAN,,
2007,Jericho & AL Aghwar,2007,EG_EGY_CLEAN,,94.3
2008,Jericho & AL Aghwar,2008,EG_EGY_CLEAN,,
2009,Jericho & AL Aghwar,2009,EG_EGY_CLEAN,,
2010,Jericho & AL Aghwar,2010,EG_EGY_CLEAN,,100.0
2011,Jericho & AL Aghwar,2011,EG_EGY_CLEAN,,
2013,Jericho & AL Aghwar,2013,EG_EGY_CLEAN,,
2014,Jericho & AL Aghwar,2014,EG_EGY_CLEAN,,96.7
2015,Jericho & AL Aghwar,2015,EG_EGY_CLEAN,,
2017,Jericho & AL Aghwar,2017,EG_EGY_CLEAN,,98.0
2001,Jerusalem,2001,EG_EGY_CLEAN,,
2003,Jerusalem,2003,EG_EGY_CLEAN,,
2004,Jerusalem,2004,EG_EGY_CLEAN,,
2005,Jerusalem,2005,EG_EGY_CLEAN,,
2006,Jerusalem,2006,EG_EGY_CLEAN,,
2007,Jerusalem,2007,EG_EGY_CLEAN,,97.8
2008,Jerusalem,2008,EG_EGY_CLEAN,,
2009,Jerusalem,2009,EG_EGY_CLEAN,,
2010,Jerusalem,2010,EG_EGY_CLEAN,,98.9
2011,Jerusalem,2011,EG_EGY_CLEAN,,
2013,Jerusalem,2013,EG_EGY_CLEAN,,
2014,Jerusalem,2014,EG_EGY_CLEAN,,99.6
2015,Jerusalem,2015,EG_EGY_CLEAN,,
2017,Jerusalem,2017,EG_EGY_CLEAN,,98.0
2001,Bethlehem,2001,EG_EGY_CLEAN,,
2003,Bethlehem,2003,EG_EGY_CLEAN,,
2004,Bethlehem,2004,EG_EGY_CLEAN,,
2005,Bethlehem,2005,EG_EGY_CLEAN,,
2006,Bethlehem,2006,EG_EGY_CLEAN,,
2007,Bethlehem,2007,EG_EGY_CLEAN,,98.8
2008,Bethlehem,2008,EG_EGY_CLEAN,,
2009,Bethlehem,2009,EG_EGY_CLEAN,,
2010,Bethlehem,2010,EG_EGY_CLEAN,,97.1
2011,Bethlehem,2011,EG_EGY_CLEAN,,
2013,Bethlehem,2013,EG_EGY_CLEAN,,
2014,Bethlehem,2014,EG_EGY_CLEAN,,98.5
2015,Bethlehem,2015,EG_EGY_CLEAN,,
2017,Bethlehem,2017,EG_EGY_CLEAN,,99.5
2001,Hebron,2001,EG_EGY_CLEAN,,
2003,Hebron,2003,EG_EGY_CLEAN,,
2004,Hebron,2004,EG_EGY_CLEAN,,
2005,Hebron,2005,EG_EGY_CLEAN,,
2006,Hebron,2006,EG_EGY_CLEAN,,
2007,Hebron,2007,EG_EGY_CLEAN,,97.3
2008,Hebron,2008,EG_EGY_CLEAN,,
2009,Hebron,2009,EG_EGY_CLEAN,,
2010,Hebron,2010,EG_EGY_CLEAN,,98.6
2011,Hebron,2011,EG_EGY_CLEAN,,
2013,Hebron,2013,EG_EGY_CLEAN,,
2014,Hebron,2014,EG_EGY_CLEAN,,98.3
2015,Hebron,2015,EG_EGY_CLEAN,,
2017,Hebron,2017,EG_EGY_CLEAN,,99.6
2001,North Gaza,2001,EG_EGY_CLEAN,,
2003,North Gaza,2003,EG_EGY_CLEAN,,
2004,North Gaza,2004,EG_EGY_CLEAN,,
2005,North Gaza,2005,EG_EGY_CLEAN,,
2006,North Gaza,2006,EG_EGY_CLEAN,,
2007,North Gaza,2007,EG_EGY_CLEAN,,98.8
2008,North Gaza,2008,EG_EGY_CLEAN,,
2009,North Gaza,2009,EG_EGY_CLEAN,,
2010,North Gaza,2010,EG_EGY_CLEAN,,99.2
2011,North Gaza,2011,EG_EGY_CLEAN,,
2013,North Gaza,2013,EG_EGY_CLEAN,,
2014,North Gaza,2014,EG_EGY_CLEAN,,95.1
2015,North Gaza,2015,EG_EGY_CLEAN,,
2017,North Gaza,2017,EG_EGY_CLEAN,,98.3
2001,Gaza,2001,EG_EGY_CLEAN,,98.1
2003,Gaza,2003,EG_EGY_CLEAN,,98.2
2004,Gaza,2004,EG_EGY_CLEAN,,99.9
2005,Gaza,2005,EG_EGY_CLEAN,,98.7
2006,Gaza,2006,EG_EGY_CLEAN,,96.1
2007,Gaza,2007,EG_EGY_CLEAN,,99.2
2008,Gaza,2008,EG_EGY_CLEAN,,75.2
2009,Gaza,2009,EG_EGY_CLEAN,,99.6
2010,Gaza,2010,EG_EGY_CLEAN,,98.8
2011,Gaza,2011,EG_EGY_CLEAN,,93.5
2013,Gaza,2013,EG_EGY_CLEAN,,99.1
2014,Gaza,2014,EG_EGY_CLEAN,,96.6
2015,Gaza,2015,EG_EGY_CLEAN,,82.5
2017,Gaza,2017,EG_EGY_CLEAN,,99.0
2001,Dier Al-Balah,2001,EG_EGY_CLEAN,,
2003,Dier Al-Balah,2003,EG_EGY_CLEAN,,
2004,Dier Al-Balah,2004,EG_EGY_CLEAN,,
2005,Dier Al-Balah,2005,EG_EGY_CLEAN,,
2006,Dier Al-Balah,2006,EG_EGY_CLEAN,,
2007,Dier Al-Balah,2007,EG_EGY_CLEAN,,97.7
2008,Dier Al-Balah,2008,EG_EGY_CLEAN,,
2009,Dier Al-Balah,2009,EG_EGY_CLEAN,,
2010,Dier Al-Balah,2010,EG_EGY_CLEAN,,98.4
2011,Dier Al-Balah,2011,EG_EGY_CLEAN,,
2013,Dier Al-Balah,2013,EG_EGY_CLEAN,,
2014,Dier Al-Balah,2014,EG_EGY_CLEAN,,94.8
2015,Dier Al-Balah,2015,EG_EGY_CLEAN,,
2017,Dier Al-Balah,2017,EG_EGY_CLEAN,,98.3
2001,Khan Yunis,2001,EG_EGY_CLEAN,,
2003,Khan Yunis,2003,EG_EGY_CLEAN,,
2004,Khan Yunis,2004,EG_EGY_CLEAN,,
2005,Khan Yunis,2005,EG_EGY_CLEAN,,
2006,Khan Yunis,2006,EG_EGY_CLEAN,,
2007,Khan Yunis,2007,EG_EGY_CLEAN,,98.1
2008,Khan Yunis,2008,EG_EGY_CLEAN,,
2009,Khan Yunis,2009,EG_EGY_CLEAN,,
2010,Khan Yunis,2010,EG_EGY_CLEAN,,99.4
2011,Khan Yunis,2011,EG_EGY_CLEAN,,
2013,Khan Yunis,2013,EG_EGY_CLEAN,,
2014,Khan Yunis,2014,EG_EGY_CLEAN,,96.3
2015,Khan Yunis,2015,EG_EGY_CLEAN,,
2017,Khan Yunis,2017,EG_EGY_CLEAN,,98.9
2001,Rafah,2001,EG_EGY_CLEAN,,
2003,Rafah,2003,EG_EGY_CLEAN,,
2004,Rafah,2004,EG_EGY_CLEAN,,
2005,Rafah,2005,EG_EGY_CLEAN,,
2006,Rafah,2006,EG_EGY_CLEAN,,
2007,Rafah,2007,EG_EGY_CLEAN,,98.1
2008,Rafah,2008,EG_EGY_CLEAN,,
2009,Rafah,2009,EG_EGY_CLEAN,,
2010,Rafah,2010,EG_EGY_CLEAN,,98.6
2011,Rafah,2011,EG_EGY_CLEAN,,
2013,Rafah,2013,EG_EGY_CLEAN,,
2014,Rafah,2014,EG_EGY_CLEAN,,96.6
2015,Rafah,2015,EG_EGY_CLEAN,,
2017,Rafah,2017,EG_EGY_CLEAN,,99.6
