Year,SEX,REF_AREA,REPORTING_TYPE,TIME_DETAIL,SERIES,UNIT_MEASURE,Value
2000,M,West Bank,N,2000,SL_TLF_NEET,PT,
2001,M,West Bank,N,2001,SL_TLF_NEET,PT,
2002,M,West Bank,N,2002,SL_TLF_NEET,PT,
2003,M,West Bank,N,2003,SL_TLF_NEET,PT,
2004,M,West Bank,N,2004,SL_TLF_NEET,PT,
2005,M,West Bank,N,2005,SL_TLF_NEET,PT,
2006,M,West Bank,N,2006,SL_TLF_NEET,PT,
2007,M,West Bank,N,2007,SL_TLF_NEET,PT,
2008,M,West Bank,N,2008,SL_TLF_NEET,PT,
2009,M,West Bank,N,2009,SL_TLF_NEET,PT,
2010,M,West Bank,N,2010,SL_TLF_NEET,PT,
2011,M,West Bank,N,2011,SL_TLF_NEET,PT,
2012,M,West Bank,N,2012,SL_TLF_NEET,PT,
2013,M,West Bank,N,2013,SL_TLF_NEET,PT,
2014,M,West Bank,N,2014,SL_TLF_NEET,PT,
2015,M,West Bank,N,2015,SL_TLF_NEET,PT,
2016,M,West Bank,N,2016,SL_TLF_NEET,PT,
2017,M,West Bank,N,2017,SL_TLF_NEET,PT,
2000,M,Gaza Strip,N,2000,SL_TLF_NEET,PT,
2001,M,Gaza Strip,N,2001,SL_TLF_NEET,PT,
2002,M,Gaza Strip,N,2002,SL_TLF_NEET,PT,
2003,M,Gaza Strip,N,2003,SL_TLF_NEET,PT,
2004,M,Gaza Strip,N,2004,SL_TLF_NEET,PT,
2005,M,Gaza Strip,N,2005,SL_TLF_NEET,PT,
2006,M,Gaza Strip,N,2006,SL_TLF_NEET,PT,
2007,M,Gaza Strip,N,2007,SL_TLF_NEET,PT,
2008,M,Gaza Strip,N,2008,SL_TLF_NEET,PT,
2009,M,Gaza Strip,N,2009,SL_TLF_NEET,PT,
2010,M,Gaza Strip,N,2010,SL_TLF_NEET,PT,
2011,M,Gaza Strip,N,2011,SL_TLF_NEET,PT,
2012,M,Gaza Strip,N,2012,SL_TLF_NEET,PT,
2013,M,Gaza Strip,N,2013,SL_TLF_NEET,PT,
2014,M,Gaza Strip,N,2014,SL_TLF_NEET,PT,
2015,M,Gaza Strip,N,2015,SL_TLF_NEET,PT,
2016,M,Gaza Strip,N,2016,SL_TLF_NEET,PT,
2017,M,Gaza Strip,N,2017,SL_TLF_NEET,PT,
2000,M,PS,N,2000,SL_TLF_NEET,PT,19.7
2001,M,PS,N,2001,SL_TLF_NEET,PT,27.4
2002,M,PS,N,2002,SL_TLF_NEET,PT,29.1
2003,M,PS,N,2003,SL_TLF_NEET,PT,25.3
2004,M,PS,N,2004,SL_TLF_NEET,PT,24.7
2005,M,PS,N,2005,SL_TLF_NEET,PT,22.3
2006,M,PS,N,2006,SL_TLF_NEET,PT,22.9
2007,M,PS,N,2007,SL_TLF_NEET,PT,23.7
2008,M,PS,N,2008,SL_TLF_NEET,PT,24.6
2009,M,PS,N,2009,SL_TLF_NEET,PT,23.6
2010,M,PS,N,2010,SL_TLF_NEET,PT,24.3
2011,M,PS,N,2011,SL_TLF_NEET,PT,21.2
2012,M,PS,N,2012,SL_TLF_NEET,PT,22.9
2013,M,PS,N,2013,SL_TLF_NEET,PT,24.3
2014,M,PS,N,2014,SL_TLF_NEET,PT,26.5
2015,M,PS,N,2015,SL_TLF_NEET,PT,26.6
2016,M,PS,N,2016,SL_TLF_NEET,PT,26.3
2017,M,PS,N,2017,SL_TLF_NEET,PT,27.7
2000,F,West Bank,N,2000,SL_TLF_NEET,PT,
2001,F,West Bank,N,2001,SL_TLF_NEET,PT,
2002,F,West Bank,N,2002,SL_TLF_NEET,PT,
2003,F,West Bank,N,2003,SL_TLF_NEET,PT,
2004,F,West Bank,N,2004,SL_TLF_NEET,PT,
2005,F,West Bank,N,2005,SL_TLF_NEET,PT,
2006,F,West Bank,N,2006,SL_TLF_NEET,PT,
2007,F,West Bank,N,2007,SL_TLF_NEET,PT,
2008,F,West Bank,N,2008,SL_TLF_NEET,PT,
2009,F,West Bank,N,2009,SL_TLF_NEET,PT,
2010,F,West Bank,N,2010,SL_TLF_NEET,PT,
2011,F,West Bank,N,2011,SL_TLF_NEET,PT,
2012,F,West Bank,N,2012,SL_TLF_NEET,PT,
2013,F,West Bank,N,2013,SL_TLF_NEET,PT,
2014,F,West Bank,N,2014,SL_TLF_NEET,PT,
2015,F,West Bank,N,2015,SL_TLF_NEET,PT,
2016,F,West Bank,N,2016,SL_TLF_NEET,PT,
2017,F,West Bank,N,2017,SL_TLF_NEET,PT,
2000,F,Gaza Strip,N,2000,SL_TLF_NEET,PT,
2001,F,Gaza Strip,N,2001,SL_TLF_NEET,PT,
2002,F,Gaza Strip,N,2002,SL_TLF_NEET,PT,
2003,F,Gaza Strip,N,2003,SL_TLF_NEET,PT,
2004,F,Gaza Strip,N,2004,SL_TLF_NEET,PT,
2005,F,Gaza Strip,N,2005,SL_TLF_NEET,PT,
2006,F,Gaza Strip,N,2006,SL_TLF_NEET,PT,
2007,F,Gaza Strip,N,2007,SL_TLF_NEET,PT,
2008,F,Gaza Strip,N,2008,SL_TLF_NEET,PT,
2009,F,Gaza Strip,N,2009,SL_TLF_NEET,PT,
2010,F,Gaza Strip,N,2010,SL_TLF_NEET,PT,
2011,F,Gaza Strip,N,2011,SL_TLF_NEET,PT,
2012,F,Gaza Strip,N,2012,SL_TLF_NEET,PT,
2013,F,Gaza Strip,N,2013,SL_TLF_NEET,PT,
2014,F,Gaza Strip,N,2014,SL_TLF_NEET,PT,
2015,F,Gaza Strip,N,2015,SL_TLF_NEET,PT,
2016,F,Gaza Strip,N,2016,SL_TLF_NEET,PT,
2017,F,Gaza Strip,N,2017,SL_TLF_NEET,PT,
2000,F,PS,N,2000,SL_TLF_NEET,PT,47.2
2001,F,PS,N,2001,SL_TLF_NEET,PT,46.7
2002,F,PS,N,2002,SL_TLF_NEET,PT,43.3
2003,F,PS,N,2003,SL_TLF_NEET,PT,39.3
2004,F,PS,N,2004,SL_TLF_NEET,PT,37.2
2005,F,PS,N,2005,SL_TLF_NEET,PT,37.4
2006,F,PS,N,2006,SL_TLF_NEET,PT,35.6
2007,F,PS,N,2007,SL_TLF_NEET,PT,34.7
2008,F,PS,N,2008,SL_TLF_NEET,PT,33.2
2009,F,PS,N,2009,SL_TLF_NEET,PT,33.0
2010,F,PS,N,2010,SL_TLF_NEET,PT,34.5
2011,F,PS,N,2011,SL_TLF_NEET,PT,34.0
2012,F,PS,N,2012,SL_TLF_NEET,PT,37.5
2013,F,PS,N,2013,SL_TLF_NEET,PT,39.0
2014,F,PS,N,2014,SL_TLF_NEET,PT,38.3
2015,F,PS,N,2015,SL_TLF_NEET,PT,38.2
2016,F,PS,N,2016,SL_TLF_NEET,PT,38.9
2017,F,PS,N,2017,SL_TLF_NEET,PT,39.0
2000,_T,West Bank,N,2000,SL_TLF_NEET,PT,32.3
2001,_T,West Bank,N,2001,SL_TLF_NEET,PT,35.4
2002,_T,West Bank,N,2002,SL_TLF_NEET,PT,35.5
2003,_T,West Bank,N,2003,SL_TLF_NEET,PT,32.0
2004,_T,West Bank,N,2004,SL_TLF_NEET,PT,30.2
2005,_T,West Bank,N,2005,SL_TLF_NEET,PT,29.1
2006,_T,West Bank,N,2006,SL_TLF_NEET,PT,27.2
2007,_T,West Bank,N,2007,SL_TLF_NEET,PT,27.0
2008,_T,West Bank,N,2008,SL_TLF_NEET,PT,26.3
2009,_T,West Bank,N,2009,SL_TLF_NEET,PT,26.0
2010,_T,West Bank,N,2010,SL_TLF_NEET,PT,26.8
2011,_T,West Bank,N,2011,SL_TLF_NEET,PT,26.0
2012,_T,West Bank,N,2012,SL_TLF_NEET,PT,27.6
2013,_T,West Bank,N,2013,SL_TLF_NEET,PT,29.0
2014,_T,West Bank,N,2014,SL_TLF_NEET,PT,28.1
2015,_T,West Bank,N,2015,SL_TLF_NEET,PT,29.2
2016,_T,West Bank,N,2016,SL_TLF_NEET,PT,29.3
2017,_T,West Bank,N,2017,SL_TLF_NEET,PT,29.1
2000,_T,Gaza Strip,N,2000,SL_TLF_NEET,PT,34.8
2001,_T,Gaza Strip,N,2001,SL_TLF_NEET,PT,39.4
2002,_T,Gaza Strip,N,2002,SL_TLF_NEET,PT,37.2
2003,_T,Gaza Strip,N,2003,SL_TLF_NEET,PT,32.6
2004,_T,Gaza Strip,N,2004,SL_TLF_NEET,PT,31.9
2005,_T,Gaza Strip,N,2005,SL_TLF_NEET,PT,30.9
2006,_T,Gaza Strip,N,2006,SL_TLF_NEET,PT,32.3
2007,_T,Gaza Strip,N,2007,SL_TLF_NEET,PT,32.5
2008,_T,Gaza Strip,N,2008,SL_TLF_NEET,PT,32.7
2009,_T,Gaza Strip,N,2009,SL_TLF_NEET,PT,31.7
2010,_T,Gaza Strip,N,2010,SL_TLF_NEET,PT,33.2
2011,_T,Gaza Strip,N,2011,SL_TLF_NEET,PT,29.8
2012,_T,Gaza Strip,N,2012,SL_TLF_NEET,PT,33.7
2013,_T,Gaza Strip,N,2013,SL_TLF_NEET,PT,35.3
2014,_T,Gaza Strip,N,2014,SL_TLF_NEET,PT,38.5
2015,_T,Gaza Strip,N,2015,SL_TLF_NEET,PT,36.7
2016,_T,Gaza Strip,N,2016,SL_TLF_NEET,PT,37.2
2017,_T,Gaza Strip,N,2017,SL_TLF_NEET,PT,39.4
2000,_T,PS,N,2000,SL_TLF_NEET,PT,33.3
2001,_T,PS,N,2001,SL_TLF_NEET,PT,36.9
2002,_T,PS,N,2002,SL_TLF_NEET,PT,36.1
2003,_T,PS,N,2003,SL_TLF_NEET,PT,32.2
2004,_T,PS,N,2004,SL_TLF_NEET,PT,30.8
2005,_T,PS,N,2005,SL_TLF_NEET,PT,29.8
2006,_T,PS,N,2006,SL_TLF_NEET,PT,29.1
2007,_T,PS,N,2007,SL_TLF_NEET,PT,29.1
2008,_T,PS,N,2008,SL_TLF_NEET,PT,28.8
2009,_T,PS,N,2009,SL_TLF_NEET,PT,28.2
2010,_T,PS,N,2010,SL_TLF_NEET,PT,29.3
2011,_T,PS,N,2011,SL_TLF_NEET,PT,27.5
2012,_T,PS,N,2012,SL_TLF_NEET,PT,30.0
2013,_T,PS,N,2013,SL_TLF_NEET,PT,31.4
2014,_T,PS,N,2014,SL_TLF_NEET,PT,32.2
2015,_T,PS,N,2015,SL_TLF_NEET,PT,32.2
2016,_T,PS,N,2016,SL_TLF_NEET,PT,32.4
2017,_T,PS,N,2017,SL_TLF_NEET,PT,33.2
