Year,SEX,AREA,AGE,TIME_DETAIL,Value
2000,Male,West Bank,All age ranges or no breakdown by age,2000,
2001,Male,West Bank,All age ranges or no breakdown by age,2001,
2002,Male,West Bank,All age ranges or no breakdown by age,2002,
2003,Male,West Bank,All age ranges or no breakdown by age,2003,
2004,Male,West Bank,All age ranges or no breakdown by age,2004,
2005,Male,West Bank,All age ranges or no breakdown by age,2005,
2006,Male,West Bank,All age ranges or no breakdown by age,2006,
2007,Male,West Bank,All age ranges or no breakdown by age,2007,
2008,Male,West Bank,All age ranges or no breakdown by age,2008,
2009,Male,West Bank,All age ranges or no breakdown by age,2009,
2010,Male,West Bank,All age ranges or no breakdown by age,2010,
2011,Male,West Bank,All age ranges or no breakdown by age,2011,
2012,Male,West Bank,All age ranges or no breakdown by age,2012,
2013,Male,West Bank,All age ranges or no breakdown by age,2013,
2014,Male,West Bank,All age ranges or no breakdown by age,2014,
2015,Male,West Bank,All age ranges or no breakdown by age,2015,
2016,Male,West Bank,All age ranges or no breakdown by age,2016,
2017,Male,West Bank,All age ranges or no breakdown by age,2017,
2018,Male,West Bank,All age ranges or no breakdown by age,2018,
2000,Male,West Bank,10 to 14 years old,2000,
2001,Male,West Bank,10 to 14 years old,2001,
2002,Male,West Bank,10 to 14 years old,2002,
2003,Male,West Bank,10 to 14 years old,2003,
2004,Male,West Bank,10 to 14 years old,2004,
2005,Male,West Bank,10 to 14 years old,2005,
2006,Male,West Bank,10 to 14 years old,2006,
2007,Male,West Bank,10 to 14 years old,2007,
2008,Male,West Bank,10 to 14 years old,2008,
2009,Male,West Bank,10 to 14 years old,2009,
2010,Male,West Bank,10 to 14 years old,2010,
2011,Male,West Bank,10 to 14 years old,2011,
2012,Male,West Bank,10 to 14 years old,2012,
2013,Male,West Bank,10 to 14 years old,2013,
2014,Male,West Bank,10 to 14 years old,2014,
2015,Male,West Bank,10 to 14 years old,2015,
2016,Male,West Bank,10 to 14 years old,2016,
2017,Male,West Bank,10 to 14 years old,2017,
2018,Male,West Bank,10 to 14 years old,2018,
2000,Male,West Bank,10 to 17 years old,2000,
2001,Male,West Bank,10 to 17 years old,2001,
2002,Male,West Bank,10 to 17 years old,2002,
2003,Male,West Bank,10 to 17 years old,2003,
2004,Male,West Bank,10 to 17 years old,2004,
2005,Male,West Bank,10 to 17 years old,2005,
2006,Male,West Bank,10 to 17 years old,2006,
2007,Male,West Bank,10 to 17 years old,2007,
2008,Male,West Bank,10 to 17 years old,2008,
2009,Male,West Bank,10 to 17 years old,2009,
2010,Male,West Bank,10 to 17 years old,2010,
2011,Male,West Bank,10 to 17 years old,2011,
2012,Male,West Bank,10 to 17 years old,2012,
2013,Male,West Bank,10 to 17 years old,2013,
2014,Male,West Bank,10 to 17 years old,2014,
2015,Male,West Bank,10 to 17 years old,2015,
2016,Male,West Bank,10 to 17 years old,2016,
2017,Male,West Bank,10 to 17 years old,2017,
2018,Male,West Bank,10 to 17 years old,2018,
2000,Male,West Bank,15 to 17 years old,2000,
2001,Male,West Bank,15 to 17 years old,2001,
2002,Male,West Bank,15 to 17 years old,2002,
2003,Male,West Bank,15 to 17 years old,2003,
2004,Male,West Bank,15 to 17 years old,2004,
2005,Male,West Bank,15 to 17 years old,2005,
2006,Male,West Bank,15 to 17 years old,2006,
2007,Male,West Bank,15 to 17 years old,2007,
2008,Male,West Bank,15 to 17 years old,2008,
2009,Male,West Bank,15 to 17 years old,2009,
2010,Male,West Bank,15 to 17 years old,2010,
2011,Male,West Bank,15 to 17 years old,2011,
2012,Male,West Bank,15 to 17 years old,2012,
2013,Male,West Bank,15 to 17 years old,2013,
2014,Male,West Bank,15 to 17 years old,2014,
2015,Male,West Bank,15 to 17 years old,2015,
2016,Male,West Bank,15 to 17 years old,2016,
2017,Male,West Bank,15 to 17 years old,2017,
2018,Male,West Bank,15 to 17 years old,2018,
2000,Male,Gaza Strip,All age ranges or no breakdown by age,2000,
2001,Male,Gaza Strip,All age ranges or no breakdown by age,2001,
2002,Male,Gaza Strip,All age ranges or no breakdown by age,2002,
2003,Male,Gaza Strip,All age ranges or no breakdown by age,2003,
2004,Male,Gaza Strip,All age ranges or no breakdown by age,2004,
2005,Male,Gaza Strip,All age ranges or no breakdown by age,2005,
2006,Male,Gaza Strip,All age ranges or no breakdown by age,2006,
2007,Male,Gaza Strip,All age ranges or no breakdown by age,2007,
2008,Male,Gaza Strip,All age ranges or no breakdown by age,2008,
2009,Male,Gaza Strip,All age ranges or no breakdown by age,2009,
2010,Male,Gaza Strip,All age ranges or no breakdown by age,2010,
2011,Male,Gaza Strip,All age ranges or no breakdown by age,2011,
2012,Male,Gaza Strip,All age ranges or no breakdown by age,2012,
2013,Male,Gaza Strip,All age ranges or no breakdown by age,2013,
2014,Male,Gaza Strip,All age ranges or no breakdown by age,2014,
2015,Male,Gaza Strip,All age ranges or no breakdown by age,2015,
2016,Male,Gaza Strip,All age ranges or no breakdown by age,2016,
2017,Male,Gaza Strip,All age ranges or no breakdown by age,2017,
2018,Male,Gaza Strip,All age ranges or no breakdown by age,2018,
2000,Male,Gaza Strip,10 to 14 years old,2000,
2001,Male,Gaza Strip,10 to 14 years old,2001,
2002,Male,Gaza Strip,10 to 14 years old,2002,
2003,Male,Gaza Strip,10 to 14 years old,2003,
2004,Male,Gaza Strip,10 to 14 years old,2004,
2005,Male,Gaza Strip,10 to 14 years old,2005,
2006,Male,Gaza Strip,10 to 14 years old,2006,
2007,Male,Gaza Strip,10 to 14 years old,2007,
2008,Male,Gaza Strip,10 to 14 years old,2008,
2009,Male,Gaza Strip,10 to 14 years old,2009,
2010,Male,Gaza Strip,10 to 14 years old,2010,
2011,Male,Gaza Strip,10 to 14 years old,2011,
2012,Male,Gaza Strip,10 to 14 years old,2012,
2013,Male,Gaza Strip,10 to 14 years old,2013,
2014,Male,Gaza Strip,10 to 14 years old,2014,
2015,Male,Gaza Strip,10 to 14 years old,2015,
2016,Male,Gaza Strip,10 to 14 years old,2016,
2017,Male,Gaza Strip,10 to 14 years old,2017,
2018,Male,Gaza Strip,10 to 14 years old,2018,
2000,Male,Gaza Strip,10 to 17 years old,2000,
2001,Male,Gaza Strip,10 to 17 years old,2001,
2002,Male,Gaza Strip,10 to 17 years old,2002,
2003,Male,Gaza Strip,10 to 17 years old,2003,
2004,Male,Gaza Strip,10 to 17 years old,2004,
2005,Male,Gaza Strip,10 to 17 years old,2005,
2006,Male,Gaza Strip,10 to 17 years old,2006,
2007,Male,Gaza Strip,10 to 17 years old,2007,
2008,Male,Gaza Strip,10 to 17 years old,2008,
2009,Male,Gaza Strip,10 to 17 years old,2009,
2010,Male,Gaza Strip,10 to 17 years old,2010,
2011,Male,Gaza Strip,10 to 17 years old,2011,
2012,Male,Gaza Strip,10 to 17 years old,2012,
2013,Male,Gaza Strip,10 to 17 years old,2013,
2014,Male,Gaza Strip,10 to 17 years old,2014,
2015,Male,Gaza Strip,10 to 17 years old,2015,
2016,Male,Gaza Strip,10 to 17 years old,2016,
2017,Male,Gaza Strip,10 to 17 years old,2017,
2018,Male,Gaza Strip,10 to 17 years old,2018,
2000,Male,Gaza Strip,15 to 17 years old,2000,
2001,Male,Gaza Strip,15 to 17 years old,2001,
2002,Male,Gaza Strip,15 to 17 years old,2002,
2003,Male,Gaza Strip,15 to 17 years old,2003,
2004,Male,Gaza Strip,15 to 17 years old,2004,
2005,Male,Gaza Strip,15 to 17 years old,2005,
2006,Male,Gaza Strip,15 to 17 years old,2006,
2007,Male,Gaza Strip,15 to 17 years old,2007,
2008,Male,Gaza Strip,15 to 17 years old,2008,
2009,Male,Gaza Strip,15 to 17 years old,2009,
2010,Male,Gaza Strip,15 to 17 years old,2010,
2011,Male,Gaza Strip,15 to 17 years old,2011,
2012,Male,Gaza Strip,15 to 17 years old,2012,
2013,Male,Gaza Strip,15 to 17 years old,2013,
2014,Male,Gaza Strip,15 to 17 years old,2014,
2015,Male,Gaza Strip,15 to 17 years old,2015,
2016,Male,Gaza Strip,15 to 17 years old,2016,
2017,Male,Gaza Strip,15 to 17 years old,2017,
2018,Male,Gaza Strip,15 to 17 years old,2018,
2000,Male,Palestine,All age ranges or no breakdown by age,2000,7.9
2001,Male,Palestine,All age ranges or no breakdown by age,2001,4.2
2002,Male,Palestine,All age ranges or no breakdown by age,2002,2.9
2003,Male,Palestine,All age ranges or no breakdown by age,2003,4.7
2004,Male,Palestine,All age ranges or no breakdown by age,2004,4.1
2005,Male,Palestine,All age ranges or no breakdown by age,2005,5.2
2006,Male,Palestine,All age ranges or no breakdown by age,2006,7.4
2007,Male,Palestine,All age ranges or no breakdown by age,2007,7.8
2008,Male,Palestine,All age ranges or no breakdown by age,2008,6.4
2009,Male,Palestine,All age ranges or no breakdown by age,2009,6.4
2010,Male,Palestine,All age ranges or no breakdown by age,2010,6.2
2011,Male,Palestine,All age ranges or no breakdown by age,2011,7.4
2012,Male,Palestine,All age ranges or no breakdown by age,2012,7.4
2013,Male,Palestine,All age ranges or no breakdown by age,2013,6.4
2014,Male,Palestine,All age ranges or no breakdown by age,2014,6.8
2015,Male,Palestine,All age ranges or no breakdown by age,2015,8.3
2016,Male,Palestine,All age ranges or no breakdown by age,2016,7.3
2017,Male,Palestine,All age ranges or no breakdown by age,2017,6.6
2018,Male,Palestine,All age ranges or no breakdown by age,2018,
2000,Male,Palestine,10 to 14 years old,2000,
2001,Male,Palestine,10 to 14 years old,2001,
2002,Male,Palestine,10 to 14 years old,2002,
2003,Male,Palestine,10 to 14 years old,2003,
2004,Male,Palestine,10 to 14 years old,2004,
2005,Male,Palestine,10 to 14 years old,2005,
2006,Male,Palestine,10 to 14 years old,2006,
2007,Male,Palestine,10 to 14 years old,2007,
2008,Male,Palestine,10 to 14 years old,2008,
2009,Male,Palestine,10 to 14 years old,2009,
2010,Male,Palestine,10 to 14 years old,2010,
2011,Male,Palestine,10 to 14 years old,2011,
2012,Male,Palestine,10 to 14 years old,2012,
2013,Male,Palestine,10 to 14 years old,2013,
2014,Male,Palestine,10 to 14 years old,2014,
2015,Male,Palestine,10 to 14 years old,2015,
2016,Male,Palestine,10 to 14 years old,2016,
2017,Male,Palestine,10 to 14 years old,2017,
2018,Male,Palestine,10 to 14 years old,2018,
2000,Male,Palestine,10 to 17 years old,2000,7.9
2001,Male,Palestine,10 to 17 years old,2001,4.2
2002,Male,Palestine,10 to 17 years old,2002,2.9
2003,Male,Palestine,10 to 17 years old,2003,4.7
2004,Male,Palestine,10 to 17 years old,2004,4.1
2005,Male,Palestine,10 to 17 years old,2005,5.2
2006,Male,Palestine,10 to 17 years old,2006,7.4
2007,Male,Palestine,10 to 17 years old,2007,7.8
2008,Male,Palestine,10 to 17 years old,2008,6.4
2009,Male,Palestine,10 to 17 years old,2009,6.4
2010,Male,Palestine,10 to 17 years old,2010,6.2
2011,Male,Palestine,10 to 17 years old,2011,7.4
2012,Male,Palestine,10 to 17 years old,2012,7.4
2013,Male,Palestine,10 to 17 years old,2013,6.4
2014,Male,Palestine,10 to 17 years old,2014,6.8
2015,Male,Palestine,10 to 17 years old,2015,8.3
2016,Male,Palestine,10 to 17 years old,2016,7.3
2017,Male,Palestine,10 to 17 years old,2017,6.6
2018,Male,Palestine,10 to 17 years old,2018,5.5
2000,Male,Palestine,15 to 17 years old,2000,
2001,Male,Palestine,15 to 17 years old,2001,
2002,Male,Palestine,15 to 17 years old,2002,
2003,Male,Palestine,15 to 17 years old,2003,
2004,Male,Palestine,15 to 17 years old,2004,
2005,Male,Palestine,15 to 17 years old,2005,
2006,Male,Palestine,15 to 17 years old,2006,
2007,Male,Palestine,15 to 17 years old,2007,
2008,Male,Palestine,15 to 17 years old,2008,
2009,Male,Palestine,15 to 17 years old,2009,
2010,Male,Palestine,15 to 17 years old,2010,
2011,Male,Palestine,15 to 17 years old,2011,
2012,Male,Palestine,15 to 17 years old,2012,
2013,Male,Palestine,15 to 17 years old,2013,
2014,Male,Palestine,15 to 17 years old,2014,
2015,Male,Palestine,15 to 17 years old,2015,
2016,Male,Palestine,15 to 17 years old,2016,
2017,Male,Palestine,15 to 17 years old,2017,
2018,Male,Palestine,15 to 17 years old,2018,
2000,Female,West Bank,All age ranges or no breakdown by age,2000,
2001,Female,West Bank,All age ranges or no breakdown by age,2001,
2002,Female,West Bank,All age ranges or no breakdown by age,2002,
2003,Female,West Bank,All age ranges or no breakdown by age,2003,
2004,Female,West Bank,All age ranges or no breakdown by age,2004,
2005,Female,West Bank,All age ranges or no breakdown by age,2005,
2006,Female,West Bank,All age ranges or no breakdown by age,2006,
2007,Female,West Bank,All age ranges or no breakdown by age,2007,
2008,Female,West Bank,All age ranges or no breakdown by age,2008,
2009,Female,West Bank,All age ranges or no breakdown by age,2009,
2010,Female,West Bank,All age ranges or no breakdown by age,2010,
2011,Female,West Bank,All age ranges or no breakdown by age,2011,
2012,Female,West Bank,All age ranges or no breakdown by age,2012,
2013,Female,West Bank,All age ranges or no breakdown by age,2013,
2014,Female,West Bank,All age ranges or no breakdown by age,2014,
2015,Female,West Bank,All age ranges or no breakdown by age,2015,
2016,Female,West Bank,All age ranges or no breakdown by age,2016,
2017,Female,West Bank,All age ranges or no breakdown by age,2017,
2018,Female,West Bank,All age ranges or no breakdown by age,2018,
2000,Female,West Bank,10 to 14 years old,2000,
2001,Female,West Bank,10 to 14 years old,2001,
2002,Female,West Bank,10 to 14 years old,2002,
2003,Female,West Bank,10 to 14 years old,2003,
2004,Female,West Bank,10 to 14 years old,2004,
2005,Female,West Bank,10 to 14 years old,2005,
2006,Female,West Bank,10 to 14 years old,2006,
2007,Female,West Bank,10 to 14 years old,2007,
2008,Female,West Bank,10 to 14 years old,2008,
2009,Female,West Bank,10 to 14 years old,2009,
2010,Female,West Bank,10 to 14 years old,2010,
2011,Female,West Bank,10 to 14 years old,2011,
2012,Female,West Bank,10 to 14 years old,2012,
2013,Female,West Bank,10 to 14 years old,2013,
2014,Female,West Bank,10 to 14 years old,2014,
2015,Female,West Bank,10 to 14 years old,2015,
2016,Female,West Bank,10 to 14 years old,2016,
2017,Female,West Bank,10 to 14 years old,2017,
2018,Female,West Bank,10 to 14 years old,2018,
2000,Female,West Bank,10 to 17 years old,2000,
2001,Female,West Bank,10 to 17 years old,2001,
2002,Female,West Bank,10 to 17 years old,2002,
2003,Female,West Bank,10 to 17 years old,2003,
2004,Female,West Bank,10 to 17 years old,2004,
2005,Female,West Bank,10 to 17 years old,2005,
2006,Female,West Bank,10 to 17 years old,2006,
2007,Female,West Bank,10 to 17 years old,2007,
2008,Female,West Bank,10 to 17 years old,2008,
2009,Female,West Bank,10 to 17 years old,2009,
2010,Female,West Bank,10 to 17 years old,2010,
2011,Female,West Bank,10 to 17 years old,2011,
2012,Female,West Bank,10 to 17 years old,2012,
2013,Female,West Bank,10 to 17 years old,2013,
2014,Female,West Bank,10 to 17 years old,2014,
2015,Female,West Bank,10 to 17 years old,2015,
2016,Female,West Bank,10 to 17 years old,2016,
2017,Female,West Bank,10 to 17 years old,2017,
2018,Female,West Bank,10 to 17 years old,2018,
2000,Female,West Bank,15 to 17 years old,2000,
2001,Female,West Bank,15 to 17 years old,2001,
2002,Female,West Bank,15 to 17 years old,2002,
2003,Female,West Bank,15 to 17 years old,2003,
2004,Female,West Bank,15 to 17 years old,2004,
2005,Female,West Bank,15 to 17 years old,2005,
2006,Female,West Bank,15 to 17 years old,2006,
2007,Female,West Bank,15 to 17 years old,2007,
2008,Female,West Bank,15 to 17 years old,2008,
2009,Female,West Bank,15 to 17 years old,2009,
2010,Female,West Bank,15 to 17 years old,2010,
2011,Female,West Bank,15 to 17 years old,2011,
2012,Female,West Bank,15 to 17 years old,2012,
2013,Female,West Bank,15 to 17 years old,2013,
2014,Female,West Bank,15 to 17 years old,2014,
2015,Female,West Bank,15 to 17 years old,2015,
2016,Female,West Bank,15 to 17 years old,2016,
2017,Female,West Bank,15 to 17 years old,2017,
2018,Female,West Bank,15 to 17 years old,2018,
2000,Female,Gaza Strip,All age ranges or no breakdown by age,2000,
2001,Female,Gaza Strip,All age ranges or no breakdown by age,2001,
2002,Female,Gaza Strip,All age ranges or no breakdown by age,2002,
2003,Female,Gaza Strip,All age ranges or no breakdown by age,2003,
2004,Female,Gaza Strip,All age ranges or no breakdown by age,2004,
2005,Female,Gaza Strip,All age ranges or no breakdown by age,2005,
2006,Female,Gaza Strip,All age ranges or no breakdown by age,2006,
2007,Female,Gaza Strip,All age ranges or no breakdown by age,2007,
2008,Female,Gaza Strip,All age ranges or no breakdown by age,2008,
2009,Female,Gaza Strip,All age ranges or no breakdown by age,2009,
2010,Female,Gaza Strip,All age ranges or no breakdown by age,2010,
2011,Female,Gaza Strip,All age ranges or no breakdown by age,2011,
2012,Female,Gaza Strip,All age ranges or no breakdown by age,2012,
2013,Female,Gaza Strip,All age ranges or no breakdown by age,2013,
2014,Female,Gaza Strip,All age ranges or no breakdown by age,2014,
2015,Female,Gaza Strip,All age ranges or no breakdown by age,2015,
2016,Female,Gaza Strip,All age ranges or no breakdown by age,2016,
2017,Female,Gaza Strip,All age ranges or no breakdown by age,2017,
2018,Female,Gaza Strip,All age ranges or no breakdown by age,2018,
2000,Female,Gaza Strip,10 to 14 years old,2000,
2001,Female,Gaza Strip,10 to 14 years old,2001,
2002,Female,Gaza Strip,10 to 14 years old,2002,
2003,Female,Gaza Strip,10 to 14 years old,2003,
2004,Female,Gaza Strip,10 to 14 years old,2004,
2005,Female,Gaza Strip,10 to 14 years old,2005,
2006,Female,Gaza Strip,10 to 14 years old,2006,
2007,Female,Gaza Strip,10 to 14 years old,2007,
2008,Female,Gaza Strip,10 to 14 years old,2008,
2009,Female,Gaza Strip,10 to 14 years old,2009,
2010,Female,Gaza Strip,10 to 14 years old,2010,
2011,Female,Gaza Strip,10 to 14 years old,2011,
2012,Female,Gaza Strip,10 to 14 years old,2012,
2013,Female,Gaza Strip,10 to 14 years old,2013,
2014,Female,Gaza Strip,10 to 14 years old,2014,
2015,Female,Gaza Strip,10 to 14 years old,2015,
2016,Female,Gaza Strip,10 to 14 years old,2016,
2017,Female,Gaza Strip,10 to 14 years old,2017,
2018,Female,Gaza Strip,10 to 14 years old,2018,
2000,Female,Gaza Strip,10 to 17 years old,2000,
2001,Female,Gaza Strip,10 to 17 years old,2001,
2002,Female,Gaza Strip,10 to 17 years old,2002,
2003,Female,Gaza Strip,10 to 17 years old,2003,
2004,Female,Gaza Strip,10 to 17 years old,2004,
2005,Female,Gaza Strip,10 to 17 years old,2005,
2006,Female,Gaza Strip,10 to 17 years old,2006,
2007,Female,Gaza Strip,10 to 17 years old,2007,
2008,Female,Gaza Strip,10 to 17 years old,2008,
2009,Female,Gaza Strip,10 to 17 years old,2009,
2010,Female,Gaza Strip,10 to 17 years old,2010,
2011,Female,Gaza Strip,10 to 17 years old,2011,
2012,Female,Gaza Strip,10 to 17 years old,2012,
2013,Female,Gaza Strip,10 to 17 years old,2013,
2014,Female,Gaza Strip,10 to 17 years old,2014,
2015,Female,Gaza Strip,10 to 17 years old,2015,
2016,Female,Gaza Strip,10 to 17 years old,2016,
2017,Female,Gaza Strip,10 to 17 years old,2017,
2018,Female,Gaza Strip,10 to 17 years old,2018,
2000,Female,Gaza Strip,15 to 17 years old,2000,
2001,Female,Gaza Strip,15 to 17 years old,2001,
2002,Female,Gaza Strip,15 to 17 years old,2002,
2003,Female,Gaza Strip,15 to 17 years old,2003,
2004,Female,Gaza Strip,15 to 17 years old,2004,
2005,Female,Gaza Strip,15 to 17 years old,2005,
2006,Female,Gaza Strip,15 to 17 years old,2006,
2007,Female,Gaza Strip,15 to 17 years old,2007,
2008,Female,Gaza Strip,15 to 17 years old,2008,
2009,Female,Gaza Strip,15 to 17 years old,2009,
2010,Female,Gaza Strip,15 to 17 years old,2010,
2011,Female,Gaza Strip,15 to 17 years old,2011,
2012,Female,Gaza Strip,15 to 17 years old,2012,
2013,Female,Gaza Strip,15 to 17 years old,2013,
2014,Female,Gaza Strip,15 to 17 years old,2014,
2015,Female,Gaza Strip,15 to 17 years old,2015,
2016,Female,Gaza Strip,15 to 17 years old,2016,
2017,Female,Gaza Strip,15 to 17 years old,2017,
2018,Female,Gaza Strip,15 to 17 years old,2018,
2000,Female,Palestine,All age ranges or no breakdown by age,2000,0.7
2001,Female,Palestine,All age ranges or no breakdown by age,2001,0.2
2002,Female,Palestine,All age ranges or no breakdown by age,2002,0.3
2003,Female,Palestine,All age ranges or no breakdown by age,2003,0.6
2004,Female,Palestine,All age ranges or no breakdown by age,2004,0.4
2005,Female,Palestine,All age ranges or no breakdown by age,2005,0.6
2006,Female,Palestine,All age ranges or no breakdown by age,2006,1.4
2007,Female,Palestine,All age ranges or no breakdown by age,2007,1.3
2008,Female,Palestine,All age ranges or no breakdown by age,2008,1.0
2009,Female,Palestine,All age ranges or no breakdown by age,2009,0.8
2010,Female,Palestine,All age ranges or no breakdown by age,2010,1.1
2011,Female,Palestine,All age ranges or no breakdown by age,2011,0.8
2012,Female,Palestine,All age ranges or no breakdown by age,2012,0.6
2013,Female,Palestine,All age ranges or no breakdown by age,2013,0.3
2014,Female,Palestine,All age ranges or no breakdown by age,2014,0.3
2015,Female,Palestine,All age ranges or no breakdown by age,2015,0.4
2016,Female,Palestine,All age ranges or no breakdown by age,2016,0.3
2017,Female,Palestine,All age ranges or no breakdown by age,2017,0.1
2018,Female,Palestine,All age ranges or no breakdown by age,2018,
2000,Female,Palestine,10 to 14 years old,2000,
2001,Female,Palestine,10 to 14 years old,2001,
2002,Female,Palestine,10 to 14 years old,2002,
2003,Female,Palestine,10 to 14 years old,2003,
2004,Female,Palestine,10 to 14 years old,2004,
2005,Female,Palestine,10 to 14 years old,2005,
2006,Female,Palestine,10 to 14 years old,2006,
2007,Female,Palestine,10 to 14 years old,2007,
2008,Female,Palestine,10 to 14 years old,2008,
2009,Female,Palestine,10 to 14 years old,2009,
2010,Female,Palestine,10 to 14 years old,2010,
2011,Female,Palestine,10 to 14 years old,2011,
2012,Female,Palestine,10 to 14 years old,2012,
2013,Female,Palestine,10 to 14 years old,2013,
2014,Female,Palestine,10 to 14 years old,2014,
2015,Female,Palestine,10 to 14 years old,2015,
2016,Female,Palestine,10 to 14 years old,2016,
2017,Female,Palestine,10 to 14 years old,2017,
2018,Female,Palestine,10 to 14 years old,2018,
2000,Female,Palestine,10 to 17 years old,2000,0.7
2001,Female,Palestine,10 to 17 years old,2001,0.2
2002,Female,Palestine,10 to 17 years old,2002,0.3
2003,Female,Palestine,10 to 17 years old,2003,0.6
2004,Female,Palestine,10 to 17 years old,2004,0.4
2005,Female,Palestine,10 to 17 years old,2005,0.6
2006,Female,Palestine,10 to 17 years old,2006,1.4
2007,Female,Palestine,10 to 17 years old,2007,1.3
2008,Female,Palestine,10 to 17 years old,2008,1.0
2009,Female,Palestine,10 to 17 years old,2009,0.8
2010,Female,Palestine,10 to 17 years old,2010,1.1
2011,Female,Palestine,10 to 17 years old,2011,0.8
2012,Female,Palestine,10 to 17 years old,2012,0.6
2013,Female,Palestine,10 to 17 years old,2013,0.3
2014,Female,Palestine,10 to 17 years old,2014,0.3
2015,Female,Palestine,10 to 17 years old,2015,0.4
2016,Female,Palestine,10 to 17 years old,2016,0.3
2017,Female,Palestine,10 to 17 years old,2017,0.1
2018,Female,Palestine,10 to 17 years old,2018,0.2
2000,Female,Palestine,15 to 17 years old,2000,
2001,Female,Palestine,15 to 17 years old,2001,
2002,Female,Palestine,15 to 17 years old,2002,
2003,Female,Palestine,15 to 17 years old,2003,
2004,Female,Palestine,15 to 17 years old,2004,
2005,Female,Palestine,15 to 17 years old,2005,
2006,Female,Palestine,15 to 17 years old,2006,
2007,Female,Palestine,15 to 17 years old,2007,
2008,Female,Palestine,15 to 17 years old,2008,
2009,Female,Palestine,15 to 17 years old,2009,
2010,Female,Palestine,15 to 17 years old,2010,
2011,Female,Palestine,15 to 17 years old,2011,
2012,Female,Palestine,15 to 17 years old,2012,
2013,Female,Palestine,15 to 17 years old,2013,
2014,Female,Palestine,15 to 17 years old,2014,
2015,Female,Palestine,15 to 17 years old,2015,
2016,Female,Palestine,15 to 17 years old,2016,
2017,Female,Palestine,15 to 17 years old,2017,
2018,Female,Palestine,15 to 17 years old,2018,
2000,Both sexes or no breakdown by sex,West Bank,All age ranges or no breakdown by age,2000,5.3
2001,Both sexes or no breakdown by sex,West Bank,All age ranges or no breakdown by age,2001,2.6
2002,Both sexes or no breakdown by sex,West Bank,All age ranges or no breakdown by age,2002,2.0
2003,Both sexes or no breakdown by sex,West Bank,All age ranges or no breakdown by age,2003,3.2
2004,Both sexes or no breakdown by sex,West Bank,All age ranges or no breakdown by age,2004,2.9
2005,Both sexes or no breakdown by sex,West Bank,All age ranges or no breakdown by age,2005,3.8
2006,Both sexes or no breakdown by sex,West Bank,All age ranges or no breakdown by age,2006,6.5
2007,Both sexes or no breakdown by sex,West Bank,All age ranges or no breakdown by age,2007,6.5
2008,Both sexes or no breakdown by sex,West Bank,All age ranges or no breakdown by age,2008,5.2
2009,Both sexes or no breakdown by sex,West Bank,All age ranges or no breakdown by age,2009,5.4
2010,Both sexes or no breakdown by sex,West Bank,All age ranges or no breakdown by age,2010,5.6
2011,Both sexes or no breakdown by sex,West Bank,All age ranges or no breakdown by age,2011,5.7
2012,Both sexes or no breakdown by sex,West Bank,All age ranges or no breakdown by age,2012,5.7
2013,Both sexes or no breakdown by sex,West Bank,All age ranges or no breakdown by age,2013,4.7
2014,Both sexes or no breakdown by sex,West Bank,All age ranges or no breakdown by age,2014,5.2
2015,Both sexes or no breakdown by sex,West Bank,All age ranges or no breakdown by age,2015,5.6
2016,Both sexes or no breakdown by sex,West Bank,All age ranges or no breakdown by age,2016,5.2
2017,Both sexes or no breakdown by sex,West Bank,All age ranges or no breakdown by age,2017,4.6
2018,Both sexes or no breakdown by sex,West Bank,All age ranges or no breakdown by age,2018,
2000,Both sexes or no breakdown by sex,West Bank,10 to 14 years old,2000,
2001,Both sexes or no breakdown by sex,West Bank,10 to 14 years old,2001,
2002,Both sexes or no breakdown by sex,West Bank,10 to 14 years old,2002,
2003,Both sexes or no breakdown by sex,West Bank,10 to 14 years old,2003,
2004,Both sexes or no breakdown by sex,West Bank,10 to 14 years old,2004,
2005,Both sexes or no breakdown by sex,West Bank,10 to 14 years old,2005,
2006,Both sexes or no breakdown by sex,West Bank,10 to 14 years old,2006,
2007,Both sexes or no breakdown by sex,West Bank,10 to 14 years old,2007,
2008,Both sexes or no breakdown by sex,West Bank,10 to 14 years old,2008,
2009,Both sexes or no breakdown by sex,West Bank,10 to 14 years old,2009,
2010,Both sexes or no breakdown by sex,West Bank,10 to 14 years old,2010,
2011,Both sexes or no breakdown by sex,West Bank,10 to 14 years old,2011,
2012,Both sexes or no breakdown by sex,West Bank,10 to 14 years old,2012,
2013,Both sexes or no breakdown by sex,West Bank,10 to 14 years old,2013,
2014,Both sexes or no breakdown by sex,West Bank,10 to 14 years old,2014,
2015,Both sexes or no breakdown by sex,West Bank,10 to 14 years old,2015,
2016,Both sexes or no breakdown by sex,West Bank,10 to 14 years old,2016,
2017,Both sexes or no breakdown by sex,West Bank,10 to 14 years old,2017,
2018,Both sexes or no breakdown by sex,West Bank,10 to 14 years old,2018,
2000,Both sexes or no breakdown by sex,West Bank,10 to 17 years old,2000,5.3
2001,Both sexes or no breakdown by sex,West Bank,10 to 17 years old,2001,2.6
2002,Both sexes or no breakdown by sex,West Bank,10 to 17 years old,2002,2.0
2003,Both sexes or no breakdown by sex,West Bank,10 to 17 years old,2003,3.2
2004,Both sexes or no breakdown by sex,West Bank,10 to 17 years old,2004,2.9
2005,Both sexes or no breakdown by sex,West Bank,10 to 17 years old,2005,3.8
2006,Both sexes or no breakdown by sex,West Bank,10 to 17 years old,2006,6.5
2007,Both sexes or no breakdown by sex,West Bank,10 to 17 years old,2007,6.5
2008,Both sexes or no breakdown by sex,West Bank,10 to 17 years old,2008,5.2
2009,Both sexes or no breakdown by sex,West Bank,10 to 17 years old,2009,5.4
2010,Both sexes or no breakdown by sex,West Bank,10 to 17 years old,2010,5.6
2011,Both sexes or no breakdown by sex,West Bank,10 to 17 years old,2011,5.7
2012,Both sexes or no breakdown by sex,West Bank,10 to 17 years old,2012,5.7
2013,Both sexes or no breakdown by sex,West Bank,10 to 17 years old,2013,4.7
2014,Both sexes or no breakdown by sex,West Bank,10 to 17 years old,2014,5.2
2015,Both sexes or no breakdown by sex,West Bank,10 to 17 years old,2015,5.6
2016,Both sexes or no breakdown by sex,West Bank,10 to 17 years old,2016,5.2
2017,Both sexes or no breakdown by sex,West Bank,10 to 17 years old,2017,4.6
2018,Both sexes or no breakdown by sex,West Bank,10 to 17 years old,2018,4.0
2000,Both sexes or no breakdown by sex,West Bank,15 to 17 years old,2000,
2001,Both sexes or no breakdown by sex,West Bank,15 to 17 years old,2001,
2002,Both sexes or no breakdown by sex,West Bank,15 to 17 years old,2002,
2003,Both sexes or no breakdown by sex,West Bank,15 to 17 years old,2003,
2004,Both sexes or no breakdown by sex,West Bank,15 to 17 years old,2004,
2005,Both sexes or no breakdown by sex,West Bank,15 to 17 years old,2005,
2006,Both sexes or no breakdown by sex,West Bank,15 to 17 years old,2006,
2007,Both sexes or no breakdown by sex,West Bank,15 to 17 years old,2007,
2008,Both sexes or no breakdown by sex,West Bank,15 to 17 years old,2008,
2009,Both sexes or no breakdown by sex,West Bank,15 to 17 years old,2009,
2010,Both sexes or no breakdown by sex,West Bank,15 to 17 years old,2010,
2011,Both sexes or no breakdown by sex,West Bank,15 to 17 years old,2011,
2012,Both sexes or no breakdown by sex,West Bank,15 to 17 years old,2012,
2013,Both sexes or no breakdown by sex,West Bank,15 to 17 years old,2013,
2014,Both sexes or no breakdown by sex,West Bank,15 to 17 years old,2014,
2015,Both sexes or no breakdown by sex,West Bank,15 to 17 years old,2015,
2016,Both sexes or no breakdown by sex,West Bank,15 to 17 years old,2016,
2017,Both sexes or no breakdown by sex,West Bank,15 to 17 years old,2017,
2018,Both sexes or no breakdown by sex,West Bank,15 to 17 years old,2018,
2000,Both sexes or no breakdown by sex,Gaza Strip,All age ranges or no breakdown by age,2000,2.7
2001,Both sexes or no breakdown by sex,Gaza Strip,All age ranges or no breakdown by age,2001,1.5
2002,Both sexes or no breakdown by sex,Gaza Strip,All age ranges or no breakdown by age,2002,1.0
2003,Both sexes or no breakdown by sex,Gaza Strip,All age ranges or no breakdown by age,2003,1.8
2004,Both sexes or no breakdown by sex,Gaza Strip,All age ranges or no breakdown by age,2004,1.3
2005,Both sexes or no breakdown by sex,Gaza Strip,All age ranges or no breakdown by age,2005,1.4
2006,Both sexes or no breakdown by sex,Gaza Strip,All age ranges or no breakdown by age,2006,1.1
2007,Both sexes or no breakdown by sex,Gaza Strip,All age ranges or no breakdown by age,2007,1.5
2008,Both sexes or no breakdown by sex,Gaza Strip,All age ranges or no breakdown by age,2008,1.2
2009,Both sexes or no breakdown by sex,Gaza Strip,All age ranges or no breakdown by age,2009,0.9
2010,Both sexes or no breakdown by sex,Gaza Strip,All age ranges or no breakdown by age,2010,0.5
2011,Both sexes or no breakdown by sex,Gaza Strip,All age ranges or no breakdown by age,2011,1.7
2012,Both sexes or no breakdown by sex,Gaza Strip,All age ranges or no breakdown by age,2012,1.5
2013,Both sexes or no breakdown by sex,Gaza Strip,All age ranges or no breakdown by age,2013,1.4
2014,Both sexes or no breakdown by sex,Gaza Strip,All age ranges or no breakdown by age,2014,1.3
2015,Both sexes or no breakdown by sex,Gaza Strip,All age ranges or no breakdown by age,2015,2.8
2016,Both sexes or no breakdown by sex,Gaza Strip,All age ranges or no breakdown by age,2016,1.9
2017,Both sexes or no breakdown by sex,Gaza Strip,All age ranges or no breakdown by age,2017,1.7
2018,Both sexes or no breakdown by sex,Gaza Strip,All age ranges or no breakdown by age,2018,
2000,Both sexes or no breakdown by sex,Gaza Strip,10 to 14 years old,2000,
2001,Both sexes or no breakdown by sex,Gaza Strip,10 to 14 years old,2001,
2002,Both sexes or no breakdown by sex,Gaza Strip,10 to 14 years old,2002,
2003,Both sexes or no breakdown by sex,Gaza Strip,10 to 14 years old,2003,
2004,Both sexes or no breakdown by sex,Gaza Strip,10 to 14 years old,2004,
2005,Both sexes or no breakdown by sex,Gaza Strip,10 to 14 years old,2005,
2006,Both sexes or no breakdown by sex,Gaza Strip,10 to 14 years old,2006,
2007,Both sexes or no breakdown by sex,Gaza Strip,10 to 14 years old,2007,
2008,Both sexes or no breakdown by sex,Gaza Strip,10 to 14 years old,2008,
2009,Both sexes or no breakdown by sex,Gaza Strip,10 to 14 years old,2009,
2010,Both sexes or no breakdown by sex,Gaza Strip,10 to 14 years old,2010,
2011,Both sexes or no breakdown by sex,Gaza Strip,10 to 14 years old,2011,
2012,Both sexes or no breakdown by sex,Gaza Strip,10 to 14 years old,2012,
2013,Both sexes or no breakdown by sex,Gaza Strip,10 to 14 years old,2013,
2014,Both sexes or no breakdown by sex,Gaza Strip,10 to 14 years old,2014,
2015,Both sexes or no breakdown by sex,Gaza Strip,10 to 14 years old,2015,
2016,Both sexes or no breakdown by sex,Gaza Strip,10 to 14 years old,2016,
2017,Both sexes or no breakdown by sex,Gaza Strip,10 to 14 years old,2017,
2018,Both sexes or no breakdown by sex,Gaza Strip,10 to 14 years old,2018,
2000,Both sexes or no breakdown by sex,Gaza Strip,10 to 17 years old,2000,2.7
2001,Both sexes or no breakdown by sex,Gaza Strip,10 to 17 years old,2001,1.5
2002,Both sexes or no breakdown by sex,Gaza Strip,10 to 17 years old,2002,1.0
2003,Both sexes or no breakdown by sex,Gaza Strip,10 to 17 years old,2003,1.8
2004,Both sexes or no breakdown by sex,Gaza Strip,10 to 17 years old,2004,1.3
2005,Both sexes or no breakdown by sex,Gaza Strip,10 to 17 years old,2005,1.4
2006,Both sexes or no breakdown by sex,Gaza Strip,10 to 17 years old,2006,1.1
2007,Both sexes or no breakdown by sex,Gaza Strip,10 to 17 years old,2007,1.5
2008,Both sexes or no breakdown by sex,Gaza Strip,10 to 17 years old,2008,1.2
2009,Both sexes or no breakdown by sex,Gaza Strip,10 to 17 years old,2009,0.9
2010,Both sexes or no breakdown by sex,Gaza Strip,10 to 17 years old,2010,0.5
2011,Both sexes or no breakdown by sex,Gaza Strip,10 to 17 years old,2011,1.7
2012,Both sexes or no breakdown by sex,Gaza Strip,10 to 17 years old,2012,1.5
2013,Both sexes or no breakdown by sex,Gaza Strip,10 to 17 years old,2013,1.4
2014,Both sexes or no breakdown by sex,Gaza Strip,10 to 17 years old,2014,1.3
2015,Both sexes or no breakdown by sex,Gaza Strip,10 to 17 years old,2015,2.8
2016,Both sexes or no breakdown by sex,Gaza Strip,10 to 17 years old,2016,1.9
2017,Both sexes or no breakdown by sex,Gaza Strip,10 to 17 years old,2017,1.7
2018,Both sexes or no breakdown by sex,Gaza Strip,10 to 17 years old,2018,1.3
2000,Both sexes or no breakdown by sex,Gaza Strip,15 to 17 years old,2000,
2001,Both sexes or no breakdown by sex,Gaza Strip,15 to 17 years old,2001,
2002,Both sexes or no breakdown by sex,Gaza Strip,15 to 17 years old,2002,
2003,Both sexes or no breakdown by sex,Gaza Strip,15 to 17 years old,2003,
2004,Both sexes or no breakdown by sex,Gaza Strip,15 to 17 years old,2004,
2005,Both sexes or no breakdown by sex,Gaza Strip,15 to 17 years old,2005,
2006,Both sexes or no breakdown by sex,Gaza Strip,15 to 17 years old,2006,
2007,Both sexes or no breakdown by sex,Gaza Strip,15 to 17 years old,2007,
2008,Both sexes or no breakdown by sex,Gaza Strip,15 to 17 years old,2008,
2009,Both sexes or no breakdown by sex,Gaza Strip,15 to 17 years old,2009,
2010,Both sexes or no breakdown by sex,Gaza Strip,15 to 17 years old,2010,
2011,Both sexes or no breakdown by sex,Gaza Strip,15 to 17 years old,2011,
2012,Both sexes or no breakdown by sex,Gaza Strip,15 to 17 years old,2012,
2013,Both sexes or no breakdown by sex,Gaza Strip,15 to 17 years old,2013,
2014,Both sexes or no breakdown by sex,Gaza Strip,15 to 17 years old,2014,
2015,Both sexes or no breakdown by sex,Gaza Strip,15 to 17 years old,2015,
2016,Both sexes or no breakdown by sex,Gaza Strip,15 to 17 years old,2016,
2017,Both sexes or no breakdown by sex,Gaza Strip,15 to 17 years old,2017,
2018,Both sexes or no breakdown by sex,Gaza Strip,15 to 17 years old,2018,
2000,Both sexes or no breakdown by sex,Palestine,All age ranges or no breakdown by age,2000,4.3
2001,Both sexes or no breakdown by sex,Palestine,All age ranges or no breakdown by age,2001,2.2
2002,Both sexes or no breakdown by sex,Palestine,All age ranges or no breakdown by age,2002,1.6
2003,Both sexes or no breakdown by sex,Palestine,All age ranges or no breakdown by age,2003,2.7
2004,Both sexes or no breakdown by sex,Palestine,All age ranges or no breakdown by age,2004,2.3
2005,Both sexes or no breakdown by sex,Palestine,All age ranges or no breakdown by age,2005,2.9
2006,Both sexes or no breakdown by sex,Palestine,All age ranges or no breakdown by age,2006,4.4
2007,Both sexes or no breakdown by sex,Palestine,All age ranges or no breakdown by age,2007,4.6
2008,Both sexes or no breakdown by sex,Palestine,All age ranges or no breakdown by age,2008,3.7
2009,Both sexes or no breakdown by sex,Palestine,All age ranges or no breakdown by age,2009,3.6
2010,Both sexes or no breakdown by sex,Palestine,All age ranges or no breakdown by age,2010,3.6
2011,Both sexes or no breakdown by sex,Palestine,All age ranges or no breakdown by age,2011,4.1
2012,Both sexes or no breakdown by sex,Palestine,All age ranges or no breakdown by age,2012,4.0
2013,Both sexes or no breakdown by sex,Palestine,All age ranges or no breakdown by age,2013,3.4
2014,Both sexes or no breakdown by sex,Palestine,All age ranges or no breakdown by age,2014,3.6
2015,Both sexes or no breakdown by sex,Palestine,All age ranges or no breakdown by age,2015,4.5
2016,Both sexes or no breakdown by sex,Palestine,All age ranges or no breakdown by age,2016,3.9
2017,Both sexes or no breakdown by sex,Palestine,All age ranges or no breakdown by age,2017,3.4
2018,Both sexes or no breakdown by sex,Palestine,All age ranges or no breakdown by age,2018,
2000,Both sexes or no breakdown by sex,Palestine,10 to 14 years old,2000,1.7
2001,Both sexes or no breakdown by sex,Palestine,10 to 14 years old,2001,0.5
2002,Both sexes or no breakdown by sex,Palestine,10 to 14 years old,2002,0.5
2003,Both sexes or no breakdown by sex,Palestine,10 to 14 years old,2003,1.2
2004,Both sexes or no breakdown by sex,Palestine,10 to 14 years old,2004,1.0
2005,Both sexes or no breakdown by sex,Palestine,10 to 14 years old,2005,1.3
2006,Both sexes or no breakdown by sex,Palestine,10 to 14 years old,2006,2.9
2007,Both sexes or no breakdown by sex,Palestine,10 to 14 years old,2007,3.1
2008,Both sexes or no breakdown by sex,Palestine,10 to 14 years old,2008,2.3
2009,Both sexes or no breakdown by sex,Palestine,10 to 14 years old,2009,2.1
2010,Both sexes or no breakdown by sex,Palestine,10 to 14 years old,2010,2.3
2011,Both sexes or no breakdown by sex,Palestine,10 to 14 years old,2011,2.2
2012,Both sexes or no breakdown by sex,Palestine,10 to 14 years old,2012,2.1
2013,Both sexes or no breakdown by sex,Palestine,10 to 14 years old,2013,1.5
2014,Both sexes or no breakdown by sex,Palestine,10 to 14 years old,2014,1.6
2015,Both sexes or no breakdown by sex,Palestine,10 to 14 years old,2015,2.0
2016,Both sexes or no breakdown by sex,Palestine,10 to 14 years old,2016,1.7
2017,Both sexes or no breakdown by sex,Palestine,10 to 14 years old,2017,1.2
2018,Both sexes or no breakdown by sex,Palestine,10 to 14 years old,2018,0.9
2000,Both sexes or no breakdown by sex,Palestine,10 to 17 years old,2000,4.3
2001,Both sexes or no breakdown by sex,Palestine,10 to 17 years old,2001,2.2
2002,Both sexes or no breakdown by sex,Palestine,10 to 17 years old,2002,1.6
2003,Both sexes or no breakdown by sex,Palestine,10 to 17 years old,2003,2.7
2004,Both sexes or no breakdown by sex,Palestine,10 to 17 years old,2004,2.3
2005,Both sexes or no breakdown by sex,Palestine,10 to 17 years old,2005,2.9
2006,Both sexes or no breakdown by sex,Palestine,10 to 17 years old,2006,4.4
2007,Both sexes or no breakdown by sex,Palestine,10 to 17 years old,2007,4.6
2008,Both sexes or no breakdown by sex,Palestine,10 to 17 years old,2008,3.7
2009,Both sexes or no breakdown by sex,Palestine,10 to 17 years old,2009,3.6
2010,Both sexes or no breakdown by sex,Palestine,10 to 17 years old,2010,3.6
2011,Both sexes or no breakdown by sex,Palestine,10 to 17 years old,2011,4.1
2012,Both sexes or no breakdown by sex,Palestine,10 to 17 years old,2012,4.0
2013,Both sexes or no breakdown by sex,Palestine,10 to 17 years old,2013,3.4
2014,Both sexes or no breakdown by sex,Palestine,10 to 17 years old,2014,3.6
2015,Both sexes or no breakdown by sex,Palestine,10 to 17 years old,2015,4.5
2016,Both sexes or no breakdown by sex,Palestine,10 to 17 years old,2016,3.9
2017,Both sexes or no breakdown by sex,Palestine,10 to 17 years old,2017,3.4
2018,Both sexes or no breakdown by sex,Palestine,10 to 17 years old,2018,2.9
2000,Both sexes or no breakdown by sex,Palestine,15 to 17 years old,2000,9.9
2001,Both sexes or no breakdown by sex,Palestine,15 to 17 years old,2001,5.7
2002,Both sexes or no breakdown by sex,Palestine,15 to 17 years old,2002,3.9
2003,Both sexes or no breakdown by sex,Palestine,15 to 17 years old,2003,5.6
2004,Both sexes or no breakdown by sex,Palestine,15 to 17 years old,2004,4.7
2005,Both sexes or no breakdown by sex,Palestine,15 to 17 years old,2005,5.7
2006,Both sexes or no breakdown by sex,Palestine,15 to 17 years old,2006,7.3
2007,Both sexes or no breakdown by sex,Palestine,15 to 17 years old,2007,7.2
2008,Both sexes or no breakdown by sex,Palestine,15 to 17 years old,2008,6.1
2009,Both sexes or no breakdown by sex,Palestine,15 to 17 years old,2009,6.4
2010,Both sexes or no breakdown by sex,Palestine,15 to 17 years old,2010,6.1
2011,Both sexes or no breakdown by sex,Palestine,15 to 17 years old,2011,7.5
2012,Both sexes or no breakdown by sex,Palestine,15 to 17 years old,2012,7.7
2013,Both sexes or no breakdown by sex,Palestine,15 to 17 years old,2013,7.0
2014,Both sexes or no breakdown by sex,Palestine,15 to 17 years old,2014,7.5
2015,Both sexes or no breakdown by sex,Palestine,15 to 17 years old,2015,9.0
2016,Both sexes or no breakdown by sex,Palestine,15 to 17 years old,2016,7.8
2017,Both sexes or no breakdown by sex,Palestine,15 to 17 years old,2017,7.2
2018,Both sexes or no breakdown by sex,Palestine,15 to 17 years old,2018,6.6
