Year,SERIES,REF_AREA,SEX,AGE,URBANISATION,EDUCATION_LEV,UNIT_MEASURE,UNIT_MULT,REPORTING_TYPE,TIME_DETAIL,Value
2010,SG_GEN_PARL,BI,F,_T,_T,_T,PT,0,N,2010,32.0
2011,SG_GEN_PARL,BI,F,_T,_T,_T,PT,0,N,2011,32.0
2012,SG_GEN_PARL,BI,F,_T,_T,_T,PT,0,N,2012,32.0
2013,SG_GEN_PARL,BI,F,_T,_T,_T,PT,0,N,2013,32.0
2014,SG_GEN_PARL,BI,F,_T,_T,_T,PT,0,N,2014,32.0
2015,SG_GEN_PARL,BI,F,_T,_T,_T,PT,0,N,2015,36.4
2016,SG_GEN_PARL,BI,F,_T,_T,_T,PT,0,N,2016,36.4
2017,SG_GEN_PARL,BI,F,_T,_T,_T,PT,0,N,2017,36.4
2018,SG_GEN_PARL,BI,F,_T,_T,_T,PT,0,N,2018,36.4
