Year,OBS_STATUS,UNIT_MULT,NATURE,SOURCE_DETAIL,FREQ,REPORTING_TYPE,SERIES,REF_AREA,UNIT_MEASURE,TIME_DETAIL,Value
2015,A,0,C,CMAA_Cambodia Mine Action Authority/DBU,A,N,N_KH_180302_01,KH,NUMBER,2020,1500
2016,A,0,C,CMAA_Cambodia Mine Action Authority/DBU,A,N,N_KH_180302_01,KH,NUMBER,2020,2300
2017,A,0,C,CMAA_Cambodia Mine Action Authority/DBU,A,N,N_KH_180302_01,KH,NUMBER,2020,3577
2018,A,0,C,CMAA_Cambodia Mine Action Authority/DBU,A,N,N_KH_180302_01,KH,NUMBER,2020,3648
2019,A,0,C,CMAA_Cambodia Mine Action Authority/DBU,A,N,N_KH_180302_01,KH,NUMBER,2020,3731
2020,A,0,C,CMAA_Cambodia Mine Action Authority/DBU,A,N,N_KH_180302_01,KH,NUMBER,2020,3785
