Year,OBS_STATUS,UNIT_MULT,NATURE,SOURCE_DETAIL,FREQ,REPORTING_TYPE,SERIES,REF_AREA,UNIT_MEASURE,TIME_DETAIL,Value
2000,A,0,C,MoH_National Tuberculosis Control (CENET),A,N,SH_TBS_INCD,KH,PER_1000_POP,2020,254
2005,A,0,C,MoH_National Tuberculosis Control (CENET),A,N,SH_TBS_INCD,KH,PER_1000_POP,2020,175
2010,A,0,C,MoH_National Tuberculosis Control (CENET),A,N,SH_TBS_INCD,KH,PER_1000_POP,2020,125
2015,A,0,C,MoH_National Tuberculosis Control (CENET),A,N,SH_TBS_INCD,KH,PER_1000_POP,2020,380
2016,A,0,C,MoH_National Tuberculosis Control (CENET),A,N,SH_TBS_INCD,KH,PER_1000_POP,2020,365
2017,A,0,C,MoH_National Tuberculosis Control (CENET),A,N,SH_TBS_INCD,KH,PER_1000_POP,2020,350
2018,A,0,C,MoH_National Tuberculosis Control (CENET),A,N,SH_TBS_INCD,KH,PER_1000_POP,2020,336
2019,A,0,C,MoH_National Tuberculosis Control (CENET),A,N,SH_TBS_INCD,KH,PER_1000_POP,2020,323
2020,A,0,C,MoH_National Tuberculosis Control (CENET),A,N,SH_TBS_INCD,KH,PER_1000_POP,2020,281
