Year,OBS_STATUS,UNIT_MULT,NATURE,SOURCE_DETAIL,FREQ,REPORTING_TYPE,SERIES,REF_AREA,SEX,URBANISATION,UNIT_MEASURE,TIME_DETAIL,Value
2004,A,0,C,MoEYS_Education Statistics & Indicators,A,N,N_KH_04010101_01,KH,F,,PT,2019-2020,45.7
2005,A,0,C,MoEYS_Education Statistics & Indicators,A,N,N_KH_04010101_01,KH,F,,PT,2019-2020,42.2
2006,A,0,C,MoEYS_Education Statistics & Indicators,A,N,N_KH_04010101_01,KH,F,,PT,2019-2020,89.8
2007,A,0,C,MoEYS_Education Statistics & Indicators,A,N,N_KH_04010101_01,KH,F,,PT,2019-2020,88.0
2008,A,0,C,MoEYS_Education Statistics & Indicators,A,N,N_KH_04010101_01,KH,F,,PT,2019-2020,85.7
2009,A,0,C,MoEYS_Education Statistics & Indicators,A,N,N_KH_04010101_01,KH,F,,PT,2019-2020,83.6
2010,A,0,C,MoEYS_Education Statistics & Indicators,A,N,N_KH_04010101_01,KH,F,,PT,2019-2020,85.0
2011,A,0,C,MoEYS_Education Statistics & Indicators,A,N,N_KH_04010101_01,KH,F,,PT,2019-2020,89.9
2012,A,0,C,MoEYS_Education Statistics & Indicators,A,N,N_KH_04010101_01,KH,F,,PT,2019-2020,87.8
2013,A,0,C,MoEYS_Education Statistics & Indicators,A,N,N_KH_04010101_01,KH,F,,PT,2019-2020,90.2
2014,A,0,C,MoEYS_Education Statistics & Indicators,A,N,N_KH_04010101_01,KH,F,,PT,2019-2020,86.6
2015,A,0,C,MoEYS_Education Statistics & Indicators,A,N,N_KH_04010101_01,KH,F,,PT,2019-2020,84.0
2016,A,0,C,MoEYS_Education Statistics & Indicators,A,N,N_KH_04010101_01,KH,F,,PT,2019-2020,83.2
2017,A,0,C,MoEYS_Education Statistics & Indicators,A,N,N_KH_04010101_01,KH,F,,PT,2019-2020,82.7
2018,A,0,C,MoEYS_Education Statistics & Indicators,A,N,N_KH_04010101_01,KH,F,,PT,2019-2020,86.1
2019,A,0,C,MoEYS_Education Statistics & Indicators,A,N,N_KH_04010101_01,KH,F,,PT,2019-2020,87.6
2004,A,0,C,MoEYS_Education Statistics & Indicators,A,N,N_KH_04010101_01,KH,F,U,PT,2019-2020,56.4
2005,A,0,C,MoEYS_Education Statistics & Indicators,A,N,N_KH_04010101_01,KH,F,U,PT,2019-2020,54.2
2006,A,0,C,MoEYS_Education Statistics & Indicators,A,N,N_KH_04010101_01,KH,F,U,PT,2019-2020,94.9
2007,A,0,C,MoEYS_Education Statistics & Indicators,A,N,N_KH_04010101_01,KH,F,U,PT,2019-2020,91.5
2008,A,0,C,MoEYS_Education Statistics & Indicators,A,N,N_KH_04010101_01,KH,F,U,PT,2019-2020,88.3
2009,A,0,C,MoEYS_Education Statistics & Indicators,A,N,N_KH_04010101_01,KH,F,U,PT,2019-2020,84.4
2010,A,0,C,MoEYS_Education Statistics & Indicators,A,N,N_KH_04010101_01,KH,F,U,PT,2019-2020,88.2
2011,A,0,C,MoEYS_Education Statistics & Indicators,A,N,N_KH_04010101_01,KH,F,U,PT,2019-2020,78.8
2012,A,0,C,MoEYS_Education Statistics & Indicators,A,N,N_KH_04010101_01,KH,F,U,PT,2019-2020,79.2
2013,A,0,C,MoEYS_Education Statistics & Indicators,A,N,N_KH_04010101_01,KH,F,U,PT,2019-2020,78.6
2014,A,0,C,MoEYS_Education Statistics & Indicators,A,N,N_KH_04010101_01,KH,F,U,PT,2019-2020,76.6
2015,A,0,C,MoEYS_Education Statistics & Indicators,A,N,N_KH_04010101_01,KH,F,U,PT,2019-2020,75.2
2016,A,0,C,MoEYS_Education Statistics & Indicators,A,N,N_KH_04010101_01,KH,F,U,PT,2019-2020,74.0
2017,A,0,C,MoEYS_Education Statistics & Indicators,A,N,N_KH_04010101_01,KH,F,U,PT,2019-2020,72.5
2018,A,0,C,MoEYS_Education Statistics & Indicators,A,N,N_KH_04010101_01,KH,F,U,PT,2019-2020,77.1
2019,A,0,C,MoEYS_Education Statistics & Indicators,A,N,N_KH_04010101_01,KH,F,U,PT,2019-2020,77.2
2004,A,0,C,MoEYS_Education Statistics & Indicators,A,N,N_KH_04010101_01,KH,F,R,PT,2019-2020,44.5
2005,A,0,C,MoEYS_Education Statistics & Indicators,A,N,N_KH_04010101_01,KH,F,R,PT,2019-2020,41.1
2006,A,0,C,MoEYS_Education Statistics & Indicators,A,N,N_KH_04010101_01,KH,F,R,PT,2019-2020,90.5
2007,A,0,C,MoEYS_Education Statistics & Indicators,A,N,N_KH_04010101_01,KH,F,R,PT,2019-2020,88.8
2008,A,0,C,MoEYS_Education Statistics & Indicators,A,N,N_KH_04010101_01,KH,F,R,PT,2019-2020,87.0
2009,A,0,C,MoEYS_Education Statistics & Indicators,A,N,N_KH_04010101_01,KH,F,R,PT,2019-2020,83.5
2010,A,0,C,MoEYS_Education Statistics & Indicators,A,N,N_KH_04010101_01,KH,F,R,PT,2019-2020,84.4
2011,A,0,C,MoEYS_Education Statistics & Indicators,A,N,N_KH_04010101_01,KH,F,R,PT,2019-2020,92.4
2012,A,0,C,MoEYS_Education Statistics & Indicators,A,N,N_KH_04010101_01,KH,F,R,PT,2019-2020,90.2
2013,A,0,C,MoEYS_Education Statistics & Indicators,A,N,N_KH_04010101_01,KH,F,R,PT,2019-2020,92.8
2014,A,0,C,MoEYS_Education Statistics & Indicators,A,N,N_KH_04010101_01,KH,F,R,PT,2019-2020,88.8
2015,A,0,C,MoEYS_Education Statistics & Indicators,A,N,N_KH_04010101_01,KH,F,R,PT,2019-2020,86.0
2016,A,0,C,MoEYS_Education Statistics & Indicators,A,N,N_KH_04010101_01,KH,F,R,PT,2019-2020,85.4
2017,A,0,C,MoEYS_Education Statistics & Indicators,A,N,N_KH_04010101_01,KH,F,R,PT,2019-2020,85.1
2018,A,0,C,MoEYS_Education Statistics & Indicators,A,N,N_KH_04010101_01,KH,F,R,PT,2019-2020,88.2
2019,A,0,C,MoEYS_Education Statistics & Indicators,A,N,N_KH_04010101_01,KH,F,R,PT,2019-2020,90.1
2004,A,0,C,MoEYS_Education Statistics & Indicators,A,N,N_KH_04010101_01,KH,F,REMOTE,PT,2008-2009,25.3
2005,A,0,C,MoEYS_Education Statistics & Indicators,A,N,N_KH_04010101_01,KH,F,REMOTE,PT,2008-2009,22.8
2006,A,0,C,MoEYS_Education Statistics & Indicators,A,N,N_KH_04010101_01,KH,F,REMOTE,PT,2008-2009,52.2
2007,A,0,C,MoEYS_Education Statistics & Indicators,A,N,N_KH_04010101_01,KH,F,REMOTE,PT,2008-2009,56.2
2008,A,0,C,MoEYS_Education Statistics & Indicators,A,N,N_KH_04010101_01,KH,F,REMOTE,PT,2008-2009,60.4
2005,A,0,C,MoEYS_Education Statistics & Indicators,A,N,N_KH_04010101_01,KH,M,,PT,2019-2020,43.5
2006,A,0,C,MoEYS_Education Statistics & Indicators,A,N,N_KH_04010101_01,KH,M,,PT,2019-2020,90.4
2007,A,0,C,MoEYS_Education Statistics & Indicators,A,N,N_KH_04010101_01,KH,M,,PT,2019-2020,84.7
2008,A,0,C,MoEYS_Education Statistics & Indicators,A,N,N_KH_04010101_01,KH,M,,PT,2019-2020,85.4
2009,A,0,C,MoEYS_Education Statistics & Indicators,A,N,N_KH_04010101_01,KH,M,,PT,2019-2020,82.8
2010,A,0,C,MoEYS_Education Statistics & Indicators,A,N,N_KH_04010101_01,KH,M,,PT,2019-2020,85.6
2011,A,0,C,MoEYS_Education Statistics & Indicators,A,N,N_KH_04010101_01,KH,M,,PT,2019-2020,89.6
2012,A,0,C,MoEYS_Education Statistics & Indicators,A,N,N_KH_04010101_01,KH,M,,PT,2019-2020,86.9
2013,A,0,C,MoEYS_Education Statistics & Indicators,A,N,N_KH_04010101_01,KH,M,,PT,2019-2020,87.8
2014,A,0,C,MoEYS_Education Statistics & Indicators,A,N,N_KH_04010101_01,KH,M,,PT,2019-2020,81.8
2015,A,0,C,MoEYS_Education Statistics & Indicators,A,N,N_KH_04010101_01,KH,M,,PT,2019-2020,77.5
2016,A,0,C,MoEYS_Education Statistics & Indicators,A,N,N_KH_04010101_01,KH,M,,PT,2019-2020,76.7
2017,A,0,C,MoEYS_Education Statistics & Indicators,A,N,N_KH_04010101_01,KH,M,,PT,2019-2020,75.7
2018,A,0,C,MoEYS_Education Statistics & Indicators,A,N,N_KH_04010101_01,KH,M,,PT,2019-2020,78.5
2019,A,0,C,MoEYS_Education Statistics & Indicators,A,N,N_KH_04010101_01,KH,M,,PT,2019-2020,79.4
2005,A,0,C,MoEYS_Education Statistics & Indicators,A,N,N_KH_04010101_01,KH,M,U,PT,2019-2020,54.5
2006,A,0,C,MoEYS_Education Statistics & Indicators,A,N,N_KH_04010101_01,KH,M,U,PT,2019-2020,103.1
2007,A,0,C,MoEYS_Education Statistics & Indicators,A,N,N_KH_04010101_01,KH,M,U,PT,2019-2020,91.6
2008,A,0,C,MoEYS_Education Statistics & Indicators,A,N,N_KH_04010101_01,KH,M,U,PT,2019-2020,93.7
2009,A,0,C,MoEYS_Education Statistics & Indicators,A,N,N_KH_04010101_01,KH,M,U,PT,2019-2020,84.3
2010,A,0,C,MoEYS_Education Statistics & Indicators,A,N,N_KH_04010101_01,KH,M,U,PT,2019-2020,93.7
2011,A,0,C,MoEYS_Education Statistics & Indicators,A,N,N_KH_04010101_01,KH,M,U,PT,2019-2020,77.2
2012,A,0,C,MoEYS_Education Statistics & Indicators,A,N,N_KH_04010101_01,KH,M,U,PT,2019-2020,79.0
2013,A,0,C,MoEYS_Education Statistics & Indicators,A,N,N_KH_04010101_01,KH,M,U,PT,2019-2020,75.3
2014,A,0,C,MoEYS_Education Statistics & Indicators,A,N,N_KH_04010101_01,KH,M,U,PT,2019-2020,71.8
2015,A,0,C,MoEYS_Education Statistics & Indicators,A,N,N_KH_04010101_01,KH,M,U,PT,2019-2020,70.2
2016,A,0,C,MoEYS_Education Statistics & Indicators,A,N,N_KH_04010101_01,KH,M,U,PT,2019-2020,68.3
2017,A,0,C,MoEYS_Education Statistics & Indicators,A,N,N_KH_04010101_01,KH,M,U,PT,2019-2020,66.3
2018,A,0,C,MoEYS_Education Statistics & Indicators,A,N,N_KH_04010101_01,KH,M,U,PT,2019-2020,69.2
2019,A,0,C,MoEYS_Education Statistics & Indicators,A,N,N_KH_04010101_01,KH,M,U,PT,2019-2020,69.4
2005,A,0,C,MoEYS_Education Statistics & Indicators,A,N,N_KH_04010101_01,KH,M,R,PT,2019-2020,42.3
2006,A,0,C,MoEYS_Education Statistics & Indicators,A,N,N_KH_04010101_01,KH,M,R,PT,2019-2020,89.6
2007,A,0,C,MoEYS_Education Statistics & Indicators,A,N,N_KH_04010101_01,KH,M,R,PT,2019-2020,84.9
2008,A,0,C,MoEYS_Education Statistics & Indicators,A,N,N_KH_04010101_01,KH,M,R,PT,2019-2020,85.8
2009,A,0,C,MoEYS_Education Statistics & Indicators,A,N,N_KH_04010101_01,KH,M,R,PT,2019-2020,82.5
2010,A,0,C,MoEYS_Education Statistics & Indicators,A,N,N_KH_04010101_01,KH,M,R,PT,2019-2020,84.1
2011,A,0,C,MoEYS_Education Statistics & Indicators,A,N,N_KH_04010101_01,KH,M,R,PT,2019-2020,92.4
2012,A,0,C,MoEYS_Education Statistics & Indicators,A,N,N_KH_04010101_01,KH,M,R,PT,2019-2020,97.7
2013,A,0,C,MoEYS_Education Statistics & Indicators,A,N,N_KH_04010101_01,KH,M,R,PT,2019-2020,90.6
2014,A,0,C,MoEYS_Education Statistics & Indicators,A,N,N_KH_04010101_01,KH,M,R,PT,2019-2020,84.2
2015,A,0,C,MoEYS_Education Statistics & Indicators,A,N,N_KH_04010101_01,KH,M,R,PT,2019-2020,79.2
2016,A,0,C,MoEYS_Education Statistics & Indicators,A,N,N_KH_04010101_01,KH,M,R,PT,2019-2020,78.7
2017,A,0,C,MoEYS_Education Statistics & Indicators,A,N,N_KH_04010101_01,KH,M,R,PT,2019-2020,78.0
2018,A,0,C,MoEYS_Education Statistics & Indicators,A,N,N_KH_04010101_01,KH,M,R,PT,2019-2020,80.7
2019,A,0,C,MoEYS_Education Statistics & Indicators,A,N,N_KH_04010101_01,KH,M,R,PT,2019-2020,81.9
2005,A,0,C,MoEYS_Education Statistics & Indicators,A,N,N_KH_04010101_01,KH,M,REMOTE,PT,2008-2009,26.6
2006,A,0,C,MoEYS_Education Statistics & Indicators,A,N,N_KH_04010101_01,KH,M,REMOTE,PT,2008-2009,52.7
2007,A,0,C,MoEYS_Education Statistics & Indicators,A,N,N_KH_04010101_01,KH,M,REMOTE,PT,2008-2009,52.3
2008,A,0,C,MoEYS_Education Statistics & Indicators,A,N,N_KH_04010101_01,KH,M,REMOTE,PT,2008-2009,57.6
2004,A,0,C,MoEYS_Education Statistics & Indicators,A,N,N_KH_04010101_01,KH,,,PT,2019-2020,46.8
2005,A,0,C,MoEYS_Education Statistics & Indicators,A,N,N_KH_04010101_01,KH,,,PT,2019-2020,42.9
2006,A,0,C,MoEYS_Education Statistics & Indicators,A,N,N_KH_04010101_01,KH,,,PT,2019-2020,90.1
2007,A,0,C,MoEYS_Education Statistics & Indicators,A,N,N_KH_04010101_01,KH,,,PT,2019-2020,86.2
2008,A,0,C,MoEYS_Education Statistics & Indicators,A,N,N_KH_04010101_01,KH,,,PT,2019-2020,85.6
2009,A,0,C,MoEYS_Education Statistics & Indicators,A,N,N_KH_04010101_01,KH,,,PT,2019-2020,83.2
2010,A,0,C,MoEYS_Education Statistics & Indicators,A,N,N_KH_04010101_01,KH,,,PT,2019-2020,85.3
2011,A,0,C,MoEYS_Education Statistics & Indicators,A,N,N_KH_04010101_01,KH,,,PT,2019-2020,89.7
2012,A,0,C,MoEYS_Education Statistics & Indicators,A,N,N_KH_04010101_01,KH,,,PT,2019-2020,87.4
2013,A,0,C,MoEYS_Education Statistics & Indicators,A,N,N_KH_04010101_01,KH,,,PT,2019-2020,88.9
2014,A,0,C,MoEYS_Education Statistics & Indicators,A,N,N_KH_04010101_01,KH,,,PT,2019-2020,84.1
2015,A,0,C,MoEYS_Education Statistics & Indicators,A,N,N_KH_04010101_01,KH,,,PT,2019-2020,80.6
2016,A,0,C,MoEYS_Education Statistics & Indicators,A,N,N_KH_04010101_01,KH,,,PT,2019-2020,79.9
2017,A,0,C,MoEYS_Education Statistics & Indicators,A,N,N_KH_04010101_01,KH,,,PT,2019-2020,79.1
2018,A,0,C,MoEYS_Education Statistics & Indicators,A,N,N_KH_04010101_01,KH,,,PT,2019-2020,82.1
2019,A,0,C,MoEYS_Education Statistics & Indicators,A,N,N_KH_04010101_01,KH,,,PT,2019-2020,83.3
2004,A,0,C,MoEYS_Education Statistics & Indicators,A,N,N_KH_04010101_01,KH,,U,PT,2019-2020,56.9
2005,A,0,C,MoEYS_Education Statistics & Indicators,A,N,N_KH_04010101_01,KH,,U,PT,2019-2020,54.4
2006,A,0,C,MoEYS_Education Statistics & Indicators,A,N,N_KH_04010101_01,KH,,U,PT,2019-2020,99.0
2007,A,0,C,MoEYS_Education Statistics & Indicators,A,N,N_KH_04010101_01,KH,,U,PT,2019-2020,91.6
2008,A,0,C,MoEYS_Education Statistics & Indicators,A,N,N_KH_04010101_01,KH,,U,PT,2019-2020,91.0
2009,A,0,C,MoEYS_Education Statistics & Indicators,A,N,N_KH_04010101_01,KH,,U,PT,2019-2020,84.3
2010,A,0,C,MoEYS_Education Statistics & Indicators,A,N,N_KH_04010101_01,KH,,U,PT,2019-2020,91.0
2011,A,0,C,MoEYS_Education Statistics & Indicators,A,N,N_KH_04010101_01,KH,,U,PT,2019-2020,78.0
2012,A,0,C,MoEYS_Education Statistics & Indicators,A,N,N_KH_04010101_01,KH,,U,PT,2019-2020,79.1
2013,A,0,C,MoEYS_Education Statistics & Indicators,A,N,N_KH_04010101_01,KH,,U,PT,2019-2020,76.9
2014,A,0,C,MoEYS_Education Statistics & Indicators,A,N,N_KH_04010101_01,KH,,U,PT,2019-2020,74.1
2015,A,0,C,MoEYS_Education Statistics & Indicators,A,N,N_KH_04010101_01,KH,,U,PT,2019-2020,72.6
2016,A,0,C,MoEYS_Education Statistics & Indicators,A,N,N_KH_04010101_01,KH,,U,PT,2019-2020,71.0
2017,A,0,C,MoEYS_Education Statistics & Indicators,A,N,N_KH_04010101_01,KH,,U,PT,2019-2020,69.3
2018,A,0,C,MoEYS_Education Statistics & Indicators,A,N,N_KH_04010101_01,KH,,U,PT,2019-2020,73.0
2019,A,0,C,MoEYS_Education Statistics & Indicators,A,N,N_KH_04010101_01,KH,,U,PT,2019-2020,73.1
2004,A,0,C,MoEYS_Education Statistics & Indicators,A,N,N_KH_04010101_01,KH,,R,PT,2019-2020,45.7
2005,A,0,C,MoEYS_Education Statistics & Indicators,A,N,N_KH_04010101_01,KH,,R,PT,2019-2020,41.7
2006,A,0,C,MoEYS_Education Statistics & Indicators,A,N,N_KH_04010101_01,KH,,R,PT,2019-2020,90.0
2007,A,0,C,MoEYS_Education Statistics & Indicators,A,N,N_KH_04010101_01,KH,,R,PT,2019-2020,86.8
2008,A,0,C,MoEYS_Education Statistics & Indicators,A,N,N_KH_04010101_01,KH,,R,PT,2019-2020,86.4
2009,A,0,C,MoEYS_Education Statistics & Indicators,A,N,N_KH_04010101_01,KH,,R,PT,2019-2020,83.0
2010,A,0,C,MoEYS_Education Statistics & Indicators,A,N,N_KH_04010101_01,KH,,R,PT,2019-2020,84.3
2011,A,0,C,MoEYS_Education Statistics & Indicators,A,N,N_KH_04010101_01,KH,,R,PT,2019-2020,92.4
2012,A,0,C,MoEYS_Education Statistics & Indicators,A,N,N_KH_04010101_01,KH,,R,PT,2019-2020,94.0
2013,A,0,C,MoEYS_Education Statistics & Indicators,A,N,N_KH_04010101_01,KH,,R,PT,2019-2020,91.7
2014,A,0,C,MoEYS_Education Statistics & Indicators,A,N,N_KH_04010101_01,KH,,R,PT,2019-2020,86.5
2015,A,0,C,MoEYS_Education Statistics & Indicators,A,N,N_KH_04010101_01,KH,,R,PT,2019-2020,82.5
2016,A,0,C,MoEYS_Education Statistics & Indicators,A,N,N_KH_04010101_01,KH,,R,PT,2019-2020,82.0
2017,A,0,C,MoEYS_Education Statistics & Indicators,A,N,N_KH_04010101_01,KH,,R,PT,2019-2020,81.4
2018,A,0,C,MoEYS_Education Statistics & Indicators,A,N,N_KH_04010101_01,KH,,R,PT,2019-2020,84.4
2019,A,0,C,MoEYS_Education Statistics & Indicators,A,N,N_KH_04010101_01,KH,,R,PT,2019-2020,85.8
2004,A,0,C,MoEYS_Education Statistics & Indicators,A,N,N_KH_04010101_01,KH,,REMOTE,PT,2008-2009,26.0
2005,A,0,C,MoEYS_Education Statistics & Indicators,A,N,N_KH_04010101_01,KH,,REMOTE,PT,2008-2009,24.7
2006,A,0,C,MoEYS_Education Statistics & Indicators,A,N,N_KH_04010101_01,KH,,REMOTE,PT,2008-2009,52.4
2007,A,0,C,MoEYS_Education Statistics & Indicators,A,N,N_KH_04010101_01,KH,,REMOTE,PT,2008-2009,54.1
2008,A,0,C,MoEYS_Education Statistics & Indicators,A,N,N_KH_04010101_01,KH,,REMOTE,PT,2008-2009,59.0
2009,A,0,C,MoEYS_Education Statistics & Indicators,A,N,N_KH_04010101_01,KH01,F,,PT,2019-2020,90.7
2010,A,0,C,MoEYS_Education Statistics & Indicators,A,N,N_KH_04010101_01,KH01,F,,PT,2019-2020,94.6
2011,A,0,C,MoEYS_Education Statistics & Indicators,A,N,N_KH_04010101_01,KH01,F,,PT,2019-2020,93.0
2012,A,0,C,MoEYS_Education Statistics & Indicators,A,N,N_KH_04010101_01,KH01,F,,PT,2019-2020,85.1
2013,A,0,C,MoEYS_Education Statistics & Indicators,A,N,N_KH_04010101_01,KH01,F,,PT,2019-2020,84.4
2014,A,0,C,MoEYS_Education Statistics & Indicators,A,N,N_KH_04010101_01,KH01,F,,PT,2019-2020,77.5
2015,A,0,C,MoEYS_Education Statistics & Indicators,A,N,N_KH_04010101_01,KH01,F,,PT,2019-2020,74.4
2016,A,0,C,MoEYS_Education Statistics & Indicators,A,N,N_KH_04010101_01,KH01,F,,PT,2019-2020,73.2
2017,A,0,C,MoEYS_Education Statistics & Indicators,A,N,N_KH_04010101_01,KH01,F,,PT,2019-2020,74.3
2018,A,0,C,MoEYS_Education Statistics & Indicators,A,N,N_KH_04010101_01,KH01,F,,PT,2019-2020,78.4
2019,A,0,C,MoEYS_Education Statistics & Indicators,A,N,N_KH_04010101_01,KH01,F,,PT,2019-2020,78.8
2009,A,0,C,MoEYS_Education Statistics & Indicators,A,N,N_KH_04010101_01,KH01,M,,PT,2019-2020,85.4
2010,A,0,C,MoEYS_Education Statistics & Indicators,A,N,N_KH_04010101_01,KH01,M,,PT,2019-2020,93.1
2011,A,0,C,MoEYS_Education Statistics & Indicators,A,N,N_KH_04010101_01,KH01,M,,PT,2019-2020,90.2
2012,A,0,C,MoEYS_Education Statistics & Indicators,A,N,N_KH_04010101_01,KH01,M,,PT,2019-2020,96.1
2013,A,0,C,MoEYS_Education Statistics & Indicators,A,N,N_KH_04010101_01,KH01,M,,PT,2019-2020,82.4
2014,A,0,C,MoEYS_Education Statistics & Indicators,A,N,N_KH_04010101_01,KH01,M,,PT,2019-2020,73.9
2015,A,0,C,MoEYS_Education Statistics & Indicators,A,N,N_KH_04010101_01,KH01,M,,PT,2019-2020,67.6
2016,A,0,C,MoEYS_Education Statistics & Indicators,A,N,N_KH_04010101_01,KH01,M,,PT,2019-2020,66.8
2017,A,0,C,MoEYS_Education Statistics & Indicators,A,N,N_KH_04010101_01,KH01,M,,PT,2019-2020,65.1
2018,A,0,C,MoEYS_Education Statistics & Indicators,A,N,N_KH_04010101_01,KH01,M,,PT,2019-2020,69.4
2019,A,0,C,MoEYS_Education Statistics & Indicators,A,N,N_KH_04010101_01,KH01,M,,PT,2019-2020,73.1
2009,A,0,C,MoEYS_Education Statistics & Indicators,A,N,N_KH_04010101_01,KH01,,,PT,2019-2020,88.0
2010,A,0,C,MoEYS_Education Statistics & Indicators,A,N,N_KH_04010101_01,KH01,,,PT,2019-2020,93.9
2011,A,0,C,MoEYS_Education Statistics & Indicators,A,N,N_KH_04010101_01,KH01,,,PT,2019-2020,91.6
2012,A,0,C,MoEYS_Education Statistics & Indicators,A,N,N_KH_04010101_01,KH01,,,PT,2019-2020,90.8
2013,A,0,C,MoEYS_Education Statistics & Indicators,A,N,N_KH_04010101_01,KH01,,,PT,2019-2020,83.4
2014,A,0,C,MoEYS_Education Statistics & Indicators,A,N,N_KH_04010101_01,KH01,,,PT,2019-2020,75.6
2015,A,0,C,MoEYS_Education Statistics & Indicators,A,N,N_KH_04010101_01,KH01,,,PT,2019-2020,70.9
2016,A,0,C,MoEYS_Education Statistics & Indicators,A,N,N_KH_04010101_01,KH01,,,PT,2019-2020,69.9
2017,A,0,C,MoEYS_Education Statistics & Indicators,A,N,N_KH_04010101_01,KH01,,,PT,2019-2020,69.5
2018,A,0,C,MoEYS_Education Statistics & Indicators,A,N,N_KH_04010101_01,KH01,,,PT,2019-2020,73.7
2019,A,0,C,MoEYS_Education Statistics & Indicators,A,N,N_KH_04010101_01,KH01,,,PT,2019-2020,75.8
2009,A,0,C,MoEYS_Education Statistics & Indicators,A,N,N_KH_04010101_01,KH02,F,,PT,2019-2020,85.6
2010,A,0,C,MoEYS_Education Statistics & Indicators,A,N,N_KH_04010101_01,KH02,F,,PT,2019-2020,73.5
2011,A,0,C,MoEYS_Education Statistics & Indicators,A,N,N_KH_04010101_01,KH02,F,,PT,2019-2020,85.4
2012,A,0,C,MoEYS_Education Statistics & Indicators,A,N,N_KH_04010101_01,KH02,F,,PT,2019-2020,82.1
2013,A,0,C,MoEYS_Education Statistics & Indicators,A,N,N_KH_04010101_01,KH02,F,,PT,2019-2020,86.4
2014,A,0,C,MoEYS_Education Statistics & Indicators,A,N,N_KH_04010101_01,KH02,F,,PT,2019-2020,82.1
2015,A,0,C,MoEYS_Education Statistics & Indicators,A,N,N_KH_04010101_01,KH02,F,,PT,2019-2020,80.2
2016,A,0,C,MoEYS_Education Statistics & Indicators,A,N,N_KH_04010101_01,KH02,F,,PT,2019-2020,79.3
2017,A,0,C,MoEYS_Education Statistics & Indicators,A,N,N_KH_04010101_01,KH02,F,,PT,2019-2020,81.0
2018,A,0,C,MoEYS_Education Statistics & Indicators,A,N,N_KH_04010101_01,KH02,F,,PT,2019-2020,84.8
2019,A,0,C,MoEYS_Education Statistics & Indicators,A,N,N_KH_04010101_01,KH02,F,,PT,2019-2020,85.9
2009,A,0,C,MoEYS_Education Statistics & Indicators,A,N,N_KH_04010101_01,KH02,M,,PT,2019-2020,81.3
2010,A,0,C,MoEYS_Education Statistics & Indicators,A,N,N_KH_04010101_01,KH02,M,,PT,2019-2020,76.9
2011,A,0,C,MoEYS_Education Statistics & Indicators,A,N,N_KH_04010101_01,KH02,M,,PT,2019-2020,80.8
2012,A,0,C,MoEYS_Education Statistics & Indicators,A,N,N_KH_04010101_01,KH02,M,,PT,2019-2020,90.7
2013,A,0,C,MoEYS_Education Statistics & Indicators,A,N,N_KH_04010101_01,KH02,M,,PT,2019-2020,80.2
2014,A,0,C,MoEYS_Education Statistics & Indicators,A,N,N_KH_04010101_01,KH02,M,,PT,2019-2020,77.4
2015,A,0,C,MoEYS_Education Statistics & Indicators,A,N,N_KH_04010101_01,KH02,M,,PT,2019-2020,73.7
2016,A,0,C,MoEYS_Education Statistics & Indicators,A,N,N_KH_04010101_01,KH02,M,,PT,2019-2020,71.6
2017,A,0,C,MoEYS_Education Statistics & Indicators,A,N,N_KH_04010101_01,KH02,M,,PT,2019-2020,74.0
2018,A,0,C,MoEYS_Education Statistics & Indicators,A,N,N_KH_04010101_01,KH02,M,,PT,2019-2020,77.3
2019,A,0,C,MoEYS_Education Statistics & Indicators,A,N,N_KH_04010101_01,KH02,M,,PT,2019-2020,79.2
2009,A,0,C,MoEYS_Education Statistics & Indicators,A,N,N_KH_04010101_01,KH02,,,PT,2019-2020,83.4
2010,A,0,C,MoEYS_Education Statistics & Indicators,A,N,N_KH_04010101_01,KH02,,,PT,2019-2020,75.2
2011,A,0,C,MoEYS_Education Statistics & Indicators,A,N,N_KH_04010101_01,KH02,,,PT,2019-2020,83.0
2012,A,0,C,MoEYS_Education Statistics & Indicators,A,N,N_KH_04010101_01,KH02,,,PT,2019-2020,86.5
2013,A,0,C,MoEYS_Education Statistics & Indicators,A,N,N_KH_04010101_01,KH02,,,PT,2019-2020,83.2
2014,A,0,C,MoEYS_Education Statistics & Indicators,A,N,N_KH_04010101_01,KH02,,,PT,2019-2020,79.7
2015,A,0,C,MoEYS_Education Statistics & Indicators,A,N,N_KH_04010101_01,KH02,,,PT,2019-2020,76.8
2016,A,0,C,MoEYS_Education Statistics & Indicators,A,N,N_KH_04010101_01,KH02,,,PT,2019-2020,75.3
2017,A,0,C,MoEYS_Education Statistics & Indicators,A,N,N_KH_04010101_01,KH02,,,PT,2019-2020,77.4
2018,A,0,C,MoEYS_Education Statistics & Indicators,A,N,N_KH_04010101_01,KH02,,,PT,2019-2020,80.9
2019,A,0,C,MoEYS_Education Statistics & Indicators,A,N,N_KH_04010101_01,KH02,,,PT,2019-2020,82.4
2009,A,0,C,MoEYS_Education Statistics & Indicators,A,N,N_KH_04010101_01,KH03,F,,PT,2019-2020,82.2
2010,A,0,C,MoEYS_Education Statistics & Indicators,A,N,N_KH_04010101_01,KH03,F,,PT,2019-2020,84.0
2011,A,0,C,MoEYS_Education Statistics & Indicators,A,N,N_KH_04010101_01,KH03,F,,PT,2019-2020,91.6
2012,A,0,C,MoEYS_Education Statistics & Indicators,A,N,N_KH_04010101_01,KH03,F,,PT,2019-2020,88.1
2013,A,0,C,MoEYS_Education Statistics & Indicators,A,N,N_KH_04010101_01,KH03,F,,PT,2019-2020,94.4
2014,A,0,C,MoEYS_Education Statistics & Indicators,A,N,N_KH_04010101_01,KH03,F,,PT,2019-2020,92.1
2015,A,0,C,MoEYS_Education Statistics & Indicators,A,N,N_KH_04010101_01,KH03,F,,PT,2019-2020,87.8
2016,A,0,C,MoEYS_Education Statistics & Indicators,A,N,N_KH_04010101_01,KH03,F,,PT,2019-2020,88.8
2017,A,0,C,MoEYS_Education Statistics & Indicators,A,N,N_KH_04010101_01,KH03,F,,PT,2019-2020,88.1
2018,A,0,C,MoEYS_Education Statistics & Indicators,A,N,N_KH_04010101_01,KH03,F,,PT,2019-2020,91.4
2019,A,0,C,MoEYS_Education Statistics & Indicators,A,N,N_KH_04010101_01,KH03,F,,PT,2019-2020,91.9
2009,A,0,C,MoEYS_Education Statistics & Indicators,A,N,N_KH_04010101_01,KH03,M,,PT,2019-2020,81.5
2010,A,0,C,MoEYS_Education Statistics & Indicators,A,N,N_KH_04010101_01,KH03,M,,PT,2019-2020,77.9
2011,A,0,C,MoEYS_Education Statistics & Indicators,A,N,N_KH_04010101_01,KH03,M,,PT,2019-2020,91.9
2012,A,0,C,MoEYS_Education Statistics & Indicators,A,N,N_KH_04010101_01,KH03,M,,PT,2019-2020,97.3
2013,A,0,C,MoEYS_Education Statistics & Indicators,A,N,N_KH_04010101_01,KH03,M,,PT,2019-2020,92.4
2014,A,0,C,MoEYS_Education Statistics & Indicators,A,N,N_KH_04010101_01,KH03,M,,PT,2019-2020,86.8
2015,A,0,C,MoEYS_Education Statistics & Indicators,A,N,N_KH_04010101_01,KH03,M,,PT,2019-2020,80.9
2016,A,0,C,MoEYS_Education Statistics & Indicators,A,N,N_KH_04010101_01,KH03,M,,PT,2019-2020,79.4
2017,A,0,C,MoEYS_Education Statistics & Indicators,A,N,N_KH_04010101_01,KH03,M,,PT,2019-2020,81.2
2018,A,0,C,MoEYS_Education Statistics & Indicators,A,N,N_KH_04010101_01,KH03,M,,PT,2019-2020,82.8
2019,A,0,C,MoEYS_Education Statistics & Indicators,A,N,N_KH_04010101_01,KH03,M,,PT,2019-2020,83.1
2009,A,0,C,MoEYS_Education Statistics & Indicators,A,N,N_KH_04010101_01,KH03,,,PT,2019-2020,81.8
2010,A,0,C,MoEYS_Education Statistics & Indicators,A,N,N_KH_04010101_01,KH03,,,PT,2019-2020,80.9
2011,A,0,C,MoEYS_Education Statistics & Indicators,A,N,N_KH_04010101_01,KH03,,,PT,2019-2020,91.8
2012,A,0,C,MoEYS_Education Statistics & Indicators,A,N,N_KH_04010101_01,KH03,,,PT,2019-2020,92.8
2013,A,0,C,MoEYS_Education Statistics & Indicators,A,N,N_KH_04010101_01,KH03,,,PT,2019-2020,93.4
2014,A,0,C,MoEYS_Education Statistics & Indicators,A,N,N_KH_04010101_01,KH03,,,PT,2019-2020,89.4
2015,A,0,C,MoEYS_Education Statistics & Indicators,A,N,N_KH_04010101_01,KH03,,,PT,2019-2020,84.2
2016,A,0,C,MoEYS_Education Statistics & Indicators,A,N,N_KH_04010101_01,KH03,,,PT,2019-2020,84.0
2017,A,0,C,MoEYS_Education Statistics & Indicators,A,N,N_KH_04010101_01,KH03,,,PT,2019-2020,84.6
2018,A,0,C,MoEYS_Education Statistics & Indicators,A,N,N_KH_04010101_01,KH03,,,PT,2019-2020,87.0
2019,A,0,C,MoEYS_Education Statistics & Indicators,A,N,N_KH_04010101_01,KH03,,,PT,2019-2020,87.4
2009,A,0,C,MoEYS_Education Statistics & Indicators,A,N,N_KH_04010101_01,KH04,F,,PT,2019-2020,88.0
2010,A,0,C,MoEYS_Education Statistics & Indicators,A,N,N_KH_04010101_01,KH04,F,,PT,2019-2020,97.9
2011,A,0,C,MoEYS_Education Statistics & Indicators,A,N,N_KH_04010101_01,KH04,F,,PT,2019-2020,89.9
2012,A,0,C,MoEYS_Education Statistics & Indicators,A,N,N_KH_04010101_01,KH04,F,,PT,2019-2020,88.9
2013,A,0,C,MoEYS_Education Statistics & Indicators,A,N,N_KH_04010101_01,KH04,F,,PT,2019-2020,91.4
2014,A,0,C,MoEYS_Education Statistics & Indicators,A,N,N_KH_04010101_01,KH04,F,,PT,2019-2020,90.2
2015,A,0,C,MoEYS_Education Statistics & Indicators,A,N,N_KH_04010101_01,KH04,F,,PT,2019-2020,87.7
2016,A,0,C,MoEYS_Education Statistics & Indicators,A,N,N_KH_04010101_01,KH04,F,,PT,2019-2020,84.5
2017,A,0,C,MoEYS_Education Statistics & Indicators,A,N,N_KH_04010101_01,KH04,F,,PT,2019-2020,85.3
2018,A,0,C,MoEYS_Education Statistics & Indicators,A,N,N_KH_04010101_01,KH04,F,,PT,2019-2020,87.7
2019,A,0,C,MoEYS_Education Statistics & Indicators,A,N,N_KH_04010101_01,KH04,F,,PT,2019-2020,87.8
2009,A,0,C,MoEYS_Education Statistics & Indicators,A,N,N_KH_04010101_01,KH04,M,,PT,2019-2020,82.2
2010,A,0,C,MoEYS_Education Statistics & Indicators,A,N,N_KH_04010101_01,KH04,M,,PT,2019-2020,94.4
2011,A,0,C,MoEYS_Education Statistics & Indicators,A,N,N_KH_04010101_01,KH04,M,,PT,2019-2020,85.0
2012,A,0,C,MoEYS_Education Statistics & Indicators,A,N,N_KH_04010101_01,KH04,M,,PT,2019-2020,94.9
2013,A,0,C,MoEYS_Education Statistics & Indicators,A,N,N_KH_04010101_01,KH04,M,,PT,2019-2020,84.1
2014,A,0,C,MoEYS_Education Statistics & Indicators,A,N,N_KH_04010101_01,KH04,M,,PT,2019-2020,84.1
2015,A,0,C,MoEYS_Education Statistics & Indicators,A,N,N_KH_04010101_01,KH04,M,,PT,2019-2020,77.9
2016,A,0,C,MoEYS_Education Statistics & Indicators,A,N,N_KH_04010101_01,KH04,M,,PT,2019-2020,79.0
2017,A,0,C,MoEYS_Education Statistics & Indicators,A,N,N_KH_04010101_01,KH04,M,,PT,2019-2020,76.8
2018,A,0,C,MoEYS_Education Statistics & Indicators,A,N,N_KH_04010101_01,KH04,M,,PT,2019-2020,78.0
2019,A,0,C,MoEYS_Education Statistics & Indicators,A,N,N_KH_04010101_01,KH04,M,,PT,2019-2020,79.2
2009,A,0,C,MoEYS_Education Statistics & Indicators,A,N,N_KH_04010101_01,KH04,,,PT,2019-2020,85.1
2010,A,0,C,MoEYS_Education Statistics & Indicators,A,N,N_KH_04010101_01,KH04,,,PT,2019-2020,96.1
2011,A,0,C,MoEYS_Education Statistics & Indicators,A,N,N_KH_04010101_01,KH04,,,PT,2019-2020,87.4
2012,A,0,C,MoEYS_Education Statistics & Indicators,A,N,N_KH_04010101_01,KH04,,,PT,2019-2020,92.0
2013,A,0,C,MoEYS_Education Statistics & Indicators,A,N,N_KH_04010101_01,KH04,,,PT,2019-2020,87.7
2014,A,0,C,MoEYS_Education Statistics & Indicators,A,N,N_KH_04010101_01,KH04,,,PT,2019-2020,87.1
2015,A,0,C,MoEYS_Education Statistics & Indicators,A,N,N_KH_04010101_01,KH04,,,PT,2019-2020,82.7
2016,A,0,C,MoEYS_Education Statistics & Indicators,A,N,N_KH_04010101_01,KH04,,,PT,2019-2020,81.7
2017,A,0,C,MoEYS_Education Statistics & Indicators,A,N,N_KH_04010101_01,KH04,,,PT,2019-2020,80.9
2018,A,0,C,MoEYS_Education Statistics & Indicators,A,N,N_KH_04010101_01,KH04,,,PT,2019-2020,82.8
2019,A,0,C,MoEYS_Education Statistics & Indicators,A,N,N_KH_04010101_01,KH04,,,PT,2019-2020,83.4
2009,A,0,C,MoEYS_Education Statistics & Indicators,A,N,N_KH_04010101_01,KH05,F,,PT,2019-2020,86.4
2010,A,0,C,MoEYS_Education Statistics & Indicators,A,N,N_KH_04010101_01,KH05,F,,PT,2019-2020,94.8
2011,A,0,C,MoEYS_Education Statistics & Indicators,A,N,N_KH_04010101_01,KH05,F,,PT,2019-2020,88.3
2012,A,0,C,MoEYS_Education Statistics & Indicators,A,N,N_KH_04010101_01,KH05,F,,PT,2019-2020,88.6
2013,A,0,C,MoEYS_Education Statistics & Indicators,A,N,N_KH_04010101_01,KH05,F,,PT,2019-2020,94.4
2014,A,0,C,MoEYS_Education Statistics & Indicators,A,N,N_KH_04010101_01,KH05,F,,PT,2019-2020,88.6
2015,A,0,C,MoEYS_Education Statistics & Indicators,A,N,N_KH_04010101_01,KH05,F,,PT,2019-2020,82.6
2016,A,0,C,MoEYS_Education Statistics & Indicators,A,N,N_KH_04010101_01,KH05,F,,PT,2019-2020,83.4
2017,A,0,C,MoEYS_Education Statistics & Indicators,A,N,N_KH_04010101_01,KH05,F,,PT,2019-2020,78.4
2018,A,0,C,MoEYS_Education Statistics & Indicators,A,N,N_KH_04010101_01,KH05,F,,PT,2019-2020,86.4
2019,A,0,C,MoEYS_Education Statistics & Indicators,A,N,N_KH_04010101_01,KH05,F,,PT,2019-2020,87.3
2009,A,0,C,MoEYS_Education Statistics & Indicators,A,N,N_KH_04010101_01,KH05,M,,PT,2019-2020,84.5
2010,A,0,C,MoEYS_Education Statistics & Indicators,A,N,N_KH_04010101_01,KH05,M,,PT,2019-2020,103.5
2011,A,0,C,MoEYS_Education Statistics & Indicators,A,N,N_KH_04010101_01,KH05,M,,PT,2019-2020,92.2
2012,A,0,C,MoEYS_Education Statistics & Indicators,A,N,N_KH_04010101_01,KH05,M,,PT,2019-2020,96.6
2013,A,0,C,MoEYS_Education Statistics & Indicators,A,N,N_KH_04010101_01,KH05,M,,PT,2019-2020,94.0
2014,A,0,C,MoEYS_Education Statistics & Indicators,A,N,N_KH_04010101_01,KH05,M,,PT,2019-2020,88.2
2015,A,0,C,MoEYS_Education Statistics & Indicators,A,N,N_KH_04010101_01,KH05,M,,PT,2019-2020,79.3
2016,A,0,C,MoEYS_Education Statistics & Indicators,A,N,N_KH_04010101_01,KH05,M,,PT,2019-2020,77.0
2017,A,0,C,MoEYS_Education Statistics & Indicators,A,N,N_KH_04010101_01,KH05,M,,PT,2019-2020,78.6
2018,A,0,C,MoEYS_Education Statistics & Indicators,A,N,N_KH_04010101_01,KH05,M,,PT,2019-2020,80.3
2019,A,0,C,MoEYS_Education Statistics & Indicators,A,N,N_KH_04010101_01,KH05,M,,PT,2019-2020,80.7
2009,A,0,C,MoEYS_Education Statistics & Indicators,A,N,N_KH_04010101_01,KH05,,,PT,2019-2020,85.5
2010,A,0,C,MoEYS_Education Statistics & Indicators,A,N,N_KH_04010101_01,KH05,,,PT,2019-2020,99.1
2011,A,0,C,MoEYS_Education Statistics & Indicators,A,N,N_KH_04010101_01,KH05,,,PT,2019-2020,90.2
2012,A,0,C,MoEYS_Education Statistics & Indicators,A,N,N_KH_04010101_01,KH05,,,PT,2019-2020,92.7
2013,A,0,C,MoEYS_Education Statistics & Indicators,A,N,N_KH_04010101_01,KH05,,,PT,2019-2020,94.2
2014,A,0,C,MoEYS_Education Statistics & Indicators,A,N,N_KH_04010101_01,KH05,,,PT,2019-2020,88.4
2015,A,0,C,MoEYS_Education Statistics & Indicators,A,N,N_KH_04010101_01,KH05,,,PT,2019-2020,80.9
2016,A,0,C,MoEYS_Education Statistics & Indicators,A,N,N_KH_04010101_01,KH05,,,PT,2019-2020,80.2
2017,A,0,C,MoEYS_Education Statistics & Indicators,A,N,N_KH_04010101_01,KH05,,,PT,2019-2020,78.5
2018,A,0,C,MoEYS_Education Statistics & Indicators,A,N,N_KH_04010101_01,KH05,,,PT,2019-2020,83.3
2019,A,0,C,MoEYS_Education Statistics & Indicators,A,N,N_KH_04010101_01,KH05,,,PT,2019-2020,84.0
2009,A,0,C,MoEYS_Education Statistics & Indicators,A,N,N_KH_04010101_01,KH06,F,,PT,2019-2020,79.3
2010,A,0,C,MoEYS_Education Statistics & Indicators,A,N,N_KH_04010101_01,KH06,F,,PT,2019-2020,83.4
2011,A,0,C,MoEYS_Education Statistics & Indicators,A,N,N_KH_04010101_01,KH06,F,,PT,2019-2020,86.4
2012,A,0,C,MoEYS_Education Statistics & Indicators,A,N,N_KH_04010101_01,KH06,F,,PT,2019-2020,82.7
2013,A,0,C,MoEYS_Education Statistics & Indicators,A,N,N_KH_04010101_01,KH06,F,,PT,2019-2020,87.2
2014,A,0,C,MoEYS_Education Statistics & Indicators,A,N,N_KH_04010101_01,KH06,F,,PT,2019-2020,83.1
2015,A,0,C,MoEYS_Education Statistics & Indicators,A,N,N_KH_04010101_01,KH06,F,,PT,2019-2020,83.4
2016,A,0,C,MoEYS_Education Statistics & Indicators,A,N,N_KH_04010101_01,KH06,F,,PT,2019-2020,84.1
2017,A,0,C,MoEYS_Education Statistics & Indicators,A,N,N_KH_04010101_01,KH06,F,,PT,2019-2020,87.1
2018,A,0,C,MoEYS_Education Statistics & Indicators,A,N,N_KH_04010101_01,KH06,F,,PT,2019-2020,84.7
2019,A,0,C,MoEYS_Education Statistics & Indicators,A,N,N_KH_04010101_01,KH06,F,,PT,2019-2020,85.8
2009,A,0,C,MoEYS_Education Statistics & Indicators,A,N,N_KH_04010101_01,KH06,M,,PT,2019-2020,74.8
2010,A,0,C,MoEYS_Education Statistics & Indicators,A,N,N_KH_04010101_01,KH06,M,,PT,2019-2020,76.0
2011,A,0,C,MoEYS_Education Statistics & Indicators,A,N,N_KH_04010101_01,KH06,M,,PT,2019-2020,82.0
2012,A,0,C,MoEYS_Education Statistics & Indicators,A,N,N_KH_04010101_01,KH06,M,,PT,2019-2020,90.0
2013,A,0,C,MoEYS_Education Statistics & Indicators,A,N,N_KH_04010101_01,KH06,M,,PT,2019-2020,81.3
2014,A,0,C,MoEYS_Education Statistics & Indicators,A,N,N_KH_04010101_01,KH06,M,,PT,2019-2020,74.9
2015,A,0,C,MoEYS_Education Statistics & Indicators,A,N,N_KH_04010101_01,KH06,M,,PT,2019-2020,69.8
2016,A,0,C,MoEYS_Education Statistics & Indicators,A,N,N_KH_04010101_01,KH06,M,,PT,2019-2020,73.3
2017,A,0,C,MoEYS_Education Statistics & Indicators,A,N,N_KH_04010101_01,KH06,M,,PT,2019-2020,70.8
2018,A,0,C,MoEYS_Education Statistics & Indicators,A,N,N_KH_04010101_01,KH06,M,,PT,2019-2020,75.8
2019,A,0,C,MoEYS_Education Statistics & Indicators,A,N,N_KH_04010101_01,KH06,M,,PT,2019-2020,73.9
2009,A,0,C,MoEYS_Education Statistics & Indicators,A,N,N_KH_04010101_01,KH06,,,PT,2019-2020,77.0
2010,A,0,C,MoEYS_Education Statistics & Indicators,A,N,N_KH_04010101_01,KH06,,,PT,2019-2020,79.6
2011,A,0,C,MoEYS_Education Statistics & Indicators,A,N,N_KH_04010101_01,KH06,,,PT,2019-2020,84.2
2012,A,0,C,MoEYS_Education Statistics & Indicators,A,N,N_KH_04010101_01,KH06,,,PT,2019-2020,86.4
2013,A,0,C,MoEYS_Education Statistics & Indicators,A,N,N_KH_04010101_01,KH06,,,PT,2019-2020,84.2
2014,A,0,C,MoEYS_Education Statistics & Indicators,A,N,N_KH_04010101_01,KH06,,,PT,2019-2020,79.0
2015,A,0,C,MoEYS_Education Statistics & Indicators,A,N,N_KH_04010101_01,KH06,,,PT,2019-2020,76.4
2016,A,0,C,MoEYS_Education Statistics & Indicators,A,N,N_KH_04010101_01,KH06,,,PT,2019-2020,78.6
2017,A,0,C,MoEYS_Education Statistics & Indicators,A,N,N_KH_04010101_01,KH06,,,PT,2019-2020,78.8
2018,A,0,C,MoEYS_Education Statistics & Indicators,A,N,N_KH_04010101_01,KH06,,,PT,2019-2020,80.1
2019,A,0,C,MoEYS_Education Statistics & Indicators,A,N,N_KH_04010101_01,KH06,,,PT,2019-2020,79.7
2009,A,0,C,MoEYS_Education Statistics & Indicators,A,N,N_KH_04010101_01,KH07,F,,PT,2019-2020,84.4
2010,A,0,C,MoEYS_Education Statistics & Indicators,A,N,N_KH_04010101_01,KH07,F,,PT,2019-2020,87.7
2011,A,0,C,MoEYS_Education Statistics & Indicators,A,N,N_KH_04010101_01,KH07,F,,PT,2019-2020,90.8
2012,A,0,C,MoEYS_Education Statistics & Indicators,A,N,N_KH_04010101_01,KH07,F,,PT,2019-2020,89.4
2013,A,0,C,MoEYS_Education Statistics & Indicators,A,N,N_KH_04010101_01,KH07,F,,PT,2019-2020,92.8
2014,A,0,C,MoEYS_Education Statistics & Indicators,A,N,N_KH_04010101_01,KH07,F,,PT,2019-2020,91.0
2015,A,0,C,MoEYS_Education Statistics & Indicators,A,N,N_KH_04010101_01,KH07,F,,PT,2019-2020,85.9
2016,A,0,C,MoEYS_Education Statistics & Indicators,A,N,N_KH_04010101_01,KH07,F,,PT,2019-2020,84.3
2017,A,0,C,MoEYS_Education Statistics & Indicators,A,N,N_KH_04010101_01,KH07,F,,PT,2019-2020,77.5
2018,A,0,C,MoEYS_Education Statistics & Indicators,A,N,N_KH_04010101_01,KH07,F,,PT,2019-2020,80.4
2019,A,0,C,MoEYS_Education Statistics & Indicators,A,N,N_KH_04010101_01,KH07,F,,PT,2019-2020,77.3
2009,A,0,C,MoEYS_Education Statistics & Indicators,A,N,N_KH_04010101_01,KH07,M,,PT,2019-2020,88.2
2010,A,0,C,MoEYS_Education Statistics & Indicators,A,N,N_KH_04010101_01,KH07,M,,PT,2019-2020,75.4
2011,A,0,C,MoEYS_Education Statistics & Indicators,A,N,N_KH_04010101_01,KH07,M,,PT,2019-2020,93.2
2012,A,0,C,MoEYS_Education Statistics & Indicators,A,N,N_KH_04010101_01,KH07,M,,PT,2019-2020,98.7
2013,A,0,C,MoEYS_Education Statistics & Indicators,A,N,N_KH_04010101_01,KH07,M,,PT,2019-2020,93.6
2014,A,0,C,MoEYS_Education Statistics & Indicators,A,N,N_KH_04010101_01,KH07,M,,PT,2019-2020,92.2
2015,A,0,C,MoEYS_Education Statistics & Indicators,A,N,N_KH_04010101_01,KH07,M,,PT,2019-2020,85.8
2016,A,0,C,MoEYS_Education Statistics & Indicators,A,N,N_KH_04010101_01,KH07,M,,PT,2019-2020,82.0
2017,A,0,C,MoEYS_Education Statistics & Indicators,A,N,N_KH_04010101_01,KH07,M,,PT,2019-2020,71.6
2018,A,0,C,MoEYS_Education Statistics & Indicators,A,N,N_KH_04010101_01,KH07,M,,PT,2019-2020,74.5
2019,A,0,C,MoEYS_Education Statistics & Indicators,A,N,N_KH_04010101_01,KH07,M,,PT,2019-2020,70.7
2009,A,0,C,MoEYS_Education Statistics & Indicators,A,N,N_KH_04010101_01,KH07,,,PT,2019-2020,86.4
2010,A,0,C,MoEYS_Education Statistics & Indicators,A,N,N_KH_04010101_01,KH07,,,PT,2019-2020,80.8
2011,A,0,C,MoEYS_Education Statistics & Indicators,A,N,N_KH_04010101_01,KH07,,,PT,2019-2020,92.1
2012,A,0,C,MoEYS_Education Statistics & Indicators,A,N,N_KH_04010101_01,KH07,,,PT,2019-2020,94.2
2013,A,0,C,MoEYS_Education Statistics & Indicators,A,N,N_KH_04010101_01,KH07,,,PT,2019-2020,93.2
2014,A,0,C,MoEYS_Education Statistics & Indicators,A,N,N_KH_04010101_01,KH07,,,PT,2019-2020,91.6
2015,A,0,C,MoEYS_Education Statistics & Indicators,A,N,N_KH_04010101_01,KH07,,,PT,2019-2020,85.9
2016,A,0,C,MoEYS_Education Statistics & Indicators,A,N,N_KH_04010101_01,KH07,,,PT,2019-2020,83.1
2017,A,0,C,MoEYS_Education Statistics & Indicators,A,N,N_KH_04010101_01,KH07,,,PT,2019-2020,74.5
2018,A,0,C,MoEYS_Education Statistics & Indicators,A,N,N_KH_04010101_01,KH07,,,PT,2019-2020,77.4
2019,A,0,C,MoEYS_Education Statistics & Indicators,A,N,N_KH_04010101_01,KH07,,,PT,2019-2020,73.9
2009,A,0,C,MoEYS_Education Statistics & Indicators,A,N,N_KH_04010101_01,KH08,F,,PT,2019-2020,84.7
2010,A,0,C,MoEYS_Education Statistics & Indicators,A,N,N_KH_04010101_01,KH08,F,,PT,2019-2020,93.1
2011,A,0,C,MoEYS_Education Statistics & Indicators,A,N,N_KH_04010101_01,KH08,F,,PT,2019-2020,94.2
2012,A,0,C,MoEYS_Education Statistics & Indicators,A,N,N_KH_04010101_01,KH08,F,,PT,2019-2020,92.3
2013,A,0,C,MoEYS_Education Statistics & Indicators,A,N,N_KH_04010101_01,KH08,F,,PT,2019-2020,97.3
2014,A,0,C,MoEYS_Education Statistics & Indicators,A,N,N_KH_04010101_01,KH08,F,,PT,2019-2020,90.6
2015,A,0,C,MoEYS_Education Statistics & Indicators,A,N,N_KH_04010101_01,KH08,F,,PT,2019-2020,86.6
2016,A,0,C,MoEYS_Education Statistics & Indicators,A,N,N_KH_04010101_01,KH08,F,,PT,2019-2020,84.0
2017,A,0,C,MoEYS_Education Statistics & Indicators,A,N,N_KH_04010101_01,KH08,F,,PT,2019-2020,84.6
2018,A,0,C,MoEYS_Education Statistics & Indicators,A,N,N_KH_04010101_01,KH08,F,,PT,2019-2020,90.3
2019,A,0,C,MoEYS_Education Statistics & Indicators,A,N,N_KH_04010101_01,KH08,F,,PT,2019-2020,95.8
2009,A,0,C,MoEYS_Education Statistics & Indicators,A,N,N_KH_04010101_01,KH08,M,,PT,2019-2020,86.9
2010,A,0,C,MoEYS_Education Statistics & Indicators,A,N,N_KH_04010101_01,KH08,M,,PT,2019-2020,97.2
2011,A,0,C,MoEYS_Education Statistics & Indicators,A,N,N_KH_04010101_01,KH08,M,,PT,2019-2020,98.0
2012,A,0,C,MoEYS_Education Statistics & Indicators,A,N,N_KH_04010101_01,KH08,M,,PT,2019-2020,108.4
2013,A,0,C,MoEYS_Education Statistics & Indicators,A,N,N_KH_04010101_01,KH08,M,,PT,2019-2020,99.1
2014,A,0,C,MoEYS_Education Statistics & Indicators,A,N,N_KH_04010101_01,KH08,M,,PT,2019-2020,86.2
2015,A,0,C,MoEYS_Education Statistics & Indicators,A,N,N_KH_04010101_01,KH08,M,,PT,2019-2020,80.0
2016,A,0,C,MoEYS_Education Statistics & Indicators,A,N,N_KH_04010101_01,KH08,M,,PT,2019-2020,80.7
2017,A,0,C,MoEYS_Education Statistics & Indicators,A,N,N_KH_04010101_01,KH08,M,,PT,2019-2020,81.1
2018,A,0,C,MoEYS_Education Statistics & Indicators,A,N,N_KH_04010101_01,KH08,M,,PT,2019-2020,84.7
2019,A,0,C,MoEYS_Education Statistics & Indicators,A,N,N_KH_04010101_01,KH08,M,,PT,2019-2020,89.4
2009,A,0,C,MoEYS_Education Statistics & Indicators,A,N,N_KH_04010101_01,KH08,,,PT,2019-2020,85.8
2010,A,0,C,MoEYS_Education Statistics & Indicators,A,N,N_KH_04010101_01,KH08,,,PT,2019-2020,95.2
2011,A,0,C,MoEYS_Education Statistics & Indicators,A,N,N_KH_04010101_01,KH08,,,PT,2019-2020,96.2
2012,A,0,C,MoEYS_Education Statistics & Indicators,A,N,N_KH_04010101_01,KH08,,,PT,2019-2020,100.3
2013,A,0,C,MoEYS_Education Statistics & Indicators,A,N,N_KH_04010101_01,KH08,,,PT,2019-2020,98.2
2014,A,0,C,MoEYS_Education Statistics & Indicators,A,N,N_KH_04010101_01,KH08,,,PT,2019-2020,88.4
2015,A,0,C,MoEYS_Education Statistics & Indicators,A,N,N_KH_04010101_01,KH08,,,PT,2019-2020,83.2
2016,A,0,C,MoEYS_Education Statistics & Indicators,A,N,N_KH_04010101_01,KH08,,,PT,2019-2020,82.3
2017,A,0,C,MoEYS_Education Statistics & Indicators,A,N,N_KH_04010101_01,KH08,,,PT,2019-2020,82.8
2018,A,0,C,MoEYS_Education Statistics & Indicators,A,N,N_KH_04010101_01,KH08,,,PT,2019-2020,87.4
2019,A,0,C,MoEYS_Education Statistics & Indicators,A,N,N_KH_04010101_01,KH08,,,PT,2019-2020,92.5
2009,A,0,C,MoEYS_Education Statistics & Indicators,A,N,N_KH_04010101_01,KH23,F,,PT,2019-2020,90.0
2010,A,0,C,MoEYS_Education Statistics & Indicators,A,N,N_KH_04010101_01,KH23,F,,PT,2019-2020,101.7
2011,A,0,C,MoEYS_Education Statistics & Indicators,A,N,N_KH_04010101_01,KH23,F,,PT,2019-2020,85.3
2012,A,0,C,MoEYS_Education Statistics & Indicators,A,N,N_KH_04010101_01,KH23,F,,PT,2019-2020,84.4
2013,A,0,C,MoEYS_Education Statistics & Indicators,A,N,N_KH_04010101_01,KH23,F,,PT,2019-2020,87.0
2014,A,0,C,MoEYS_Education Statistics & Indicators,A,N,N_KH_04010101_01,KH23,F,,PT,2019-2020,64.7
2015,A,0,C,MoEYS_Education Statistics & Indicators,A,N,N_KH_04010101_01,KH23,F,,PT,2019-2020,62.8
2016,A,0,C,MoEYS_Education Statistics & Indicators,A,N,N_KH_04010101_01,KH23,F,,PT,2019-2020,58.1
2017,A,0,C,MoEYS_Education Statistics & Indicators,A,N,N_KH_04010101_01,KH23,F,,PT,2019-2020,56.7
2018,A,0,C,MoEYS_Education Statistics & Indicators,A,N,N_KH_04010101_01,KH23,F,,PT,2019-2020,53.4
2019,A,0,C,MoEYS_Education Statistics & Indicators,A,N,N_KH_04010101_01,KH23,F,,PT,2019-2020,51.1
2009,A,0,C,MoEYS_Education Statistics & Indicators,A,N,N_KH_04010101_01,KH23,M,,PT,2019-2020,76.6
2010,A,0,C,MoEYS_Education Statistics & Indicators,A,N,N_KH_04010101_01,KH23,M,,PT,2019-2020,99.6
2011,A,0,C,MoEYS_Education Statistics & Indicators,A,N,N_KH_04010101_01,KH23,M,,PT,2019-2020,89.1
2012,A,0,C,MoEYS_Education Statistics & Indicators,A,N,N_KH_04010101_01,KH23,M,,PT,2019-2020,80.6
2013,A,0,C,MoEYS_Education Statistics & Indicators,A,N,N_KH_04010101_01,KH23,M,,PT,2019-2020,83.0
2014,A,0,C,MoEYS_Education Statistics & Indicators,A,N,N_KH_04010101_01,KH23,M,,PT,2019-2020,65.3
2015,A,0,C,MoEYS_Education Statistics & Indicators,A,N,N_KH_04010101_01,KH23,M,,PT,2019-2020,69.4
2016,A,0,C,MoEYS_Education Statistics & Indicators,A,N,N_KH_04010101_01,KH23,M,,PT,2019-2020,58.4
2017,A,0,C,MoEYS_Education Statistics & Indicators,A,N,N_KH_04010101_01,KH23,M,,PT,2019-2020,53.9
2018,A,0,C,MoEYS_Education Statistics & Indicators,A,N,N_KH_04010101_01,KH23,M,,PT,2019-2020,48.8
2019,A,0,C,MoEYS_Education Statistics & Indicators,A,N,N_KH_04010101_01,KH23,M,,PT,2019-2020,43.4
2009,A,0,C,MoEYS_Education Statistics & Indicators,A,N,N_KH_04010101_01,KH23,,,PT,2019-2020,83.1
2010,A,0,C,MoEYS_Education Statistics & Indicators,A,N,N_KH_04010101_01,KH23,,,PT,2019-2020,100.6
2011,A,0,C,MoEYS_Education Statistics & Indicators,A,N,N_KH_04010101_01,KH23,,,PT,2019-2020,87.3
2012,A,0,C,MoEYS_Education Statistics & Indicators,A,N,N_KH_04010101_01,KH23,,,PT,2019-2020,82.4
2013,A,0,C,MoEYS_Education Statistics & Indicators,A,N,N_KH_04010101_01,KH23,,,PT,2019-2020,84.9
2014,A,0,C,MoEYS_Education Statistics & Indicators,A,N,N_KH_04010101_01,KH23,,,PT,2019-2020,65.0
2015,A,0,C,MoEYS_Education Statistics & Indicators,A,N,N_KH_04010101_01,KH23,,,PT,2019-2020,66.2
2016,A,0,C,MoEYS_Education Statistics & Indicators,A,N,N_KH_04010101_01,KH23,,,PT,2019-2020,58.2
2017,A,0,C,MoEYS_Education Statistics & Indicators,A,N,N_KH_04010101_01,KH23,,,PT,2019-2020,55.2
2018,A,0,C,MoEYS_Education Statistics & Indicators,A,N,N_KH_04010101_01,KH23,,,PT,2019-2020,51.0
2019,A,0,C,MoEYS_Education Statistics & Indicators,A,N,N_KH_04010101_01,KH23,,,PT,2019-2020,47.1
2009,A,0,C,MoEYS_Education Statistics & Indicators,A,N,N_KH_04010101_01,KH09,F,,PT,2019-2020,55.2
2010,A,0,C,MoEYS_Education Statistics & Indicators,A,N,N_KH_04010101_01,KH09,F,,PT,2019-2020,88.7
2011,A,0,C,MoEYS_Education Statistics & Indicators,A,N,N_KH_04010101_01,KH09,F,,PT,2019-2020,78.5
2012,A,0,C,MoEYS_Education Statistics & Indicators,A,N,N_KH_04010101_01,KH09,F,,PT,2019-2020,74.6
2013,A,0,C,MoEYS_Education Statistics & Indicators,A,N,N_KH_04010101_01,KH09,F,,PT,2019-2020,71.0
2014,A,0,C,MoEYS_Education Statistics & Indicators,A,N,N_KH_04010101_01,KH09,F,,PT,2019-2020,68.9
2015,A,0,C,MoEYS_Education Statistics & Indicators,A,N,N_KH_04010101_01,KH09,F,,PT,2019-2020,65.0
2016,A,0,C,MoEYS_Education Statistics & Indicators,A,N,N_KH_04010101_01,KH09,F,,PT,2019-2020,61.9
2017,A,0,C,MoEYS_Education Statistics & Indicators,A,N,N_KH_04010101_01,KH09,F,,PT,2019-2020,63.4
2018,A,0,C,MoEYS_Education Statistics & Indicators,A,N,N_KH_04010101_01,KH09,F,,PT,2019-2020,66.2
2019,A,0,C,MoEYS_Education Statistics & Indicators,A,N,N_KH_04010101_01,KH09,F,,PT,2019-2020,68.6
2009,A,0,C,MoEYS_Education Statistics & Indicators,A,N,N_KH_04010101_01,KH09,M,,PT,2019-2020,97.9
2010,A,0,C,MoEYS_Education Statistics & Indicators,A,N,N_KH_04010101_01,KH09,M,,PT,2019-2020,74.1
2011,A,0,C,MoEYS_Education Statistics & Indicators,A,N,N_KH_04010101_01,KH09,M,,PT,2019-2020,77.5
2012,A,0,C,MoEYS_Education Statistics & Indicators,A,N,N_KH_04010101_01,KH09,M,,PT,2019-2020,75.3
2013,A,0,C,MoEYS_Education Statistics & Indicators,A,N,N_KH_04010101_01,KH09,M,,PT,2019-2020,79.2
2014,A,0,C,MoEYS_Education Statistics & Indicators,A,N,N_KH_04010101_01,KH09,M,,PT,2019-2020,68.0
2015,A,0,C,MoEYS_Education Statistics & Indicators,A,N,N_KH_04010101_01,KH09,M,,PT,2019-2020,57.0
2016,A,0,C,MoEYS_Education Statistics & Indicators,A,N,N_KH_04010101_01,KH09,M,,PT,2019-2020,55.3
2017,A,0,C,MoEYS_Education Statistics & Indicators,A,N,N_KH_04010101_01,KH09,M,,PT,2019-2020,56.0
2018,A,0,C,MoEYS_Education Statistics & Indicators,A,N,N_KH_04010101_01,KH09,M,,PT,2019-2020,63.2
2019,A,0,C,MoEYS_Education Statistics & Indicators,A,N,N_KH_04010101_01,KH09,M,,PT,2019-2020,54.6
2009,A,0,C,MoEYS_Education Statistics & Indicators,A,N,N_KH_04010101_01,KH09,,,PT,2019-2020,76.8
2010,A,0,C,MoEYS_Education Statistics & Indicators,A,N,N_KH_04010101_01,KH09,,,PT,2019-2020,80.8
2011,A,0,C,MoEYS_Education Statistics & Indicators,A,N,N_KH_04010101_01,KH09,,,PT,2019-2020,78.0
2012,A,0,C,MoEYS_Education Statistics & Indicators,A,N,N_KH_04010101_01,KH09,,,PT,2019-2020,75.0
2013,A,0,C,MoEYS_Education Statistics & Indicators,A,N,N_KH_04010101_01,KH09,,,PT,2019-2020,75.2
2014,A,0,C,MoEYS_Education Statistics & Indicators,A,N,N_KH_04010101_01,KH09,,,PT,2019-2020,68.4
2015,A,0,C,MoEYS_Education Statistics & Indicators,A,N,N_KH_04010101_01,KH09,,,PT,2019-2020,60.9
2016,A,0,C,MoEYS_Education Statistics & Indicators,A,N,N_KH_04010101_01,KH09,,,PT,2019-2020,58.5
2017,A,0,C,MoEYS_Education Statistics & Indicators,A,N,N_KH_04010101_01,KH09,,,PT,2019-2020,59.6
2018,A,0,C,MoEYS_Education Statistics & Indicators,A,N,N_KH_04010101_01,KH09,,,PT,2019-2020,64.7
2019,A,0,C,MoEYS_Education Statistics & Indicators,A,N,N_KH_04010101_01,KH09,,,PT,2019-2020,61.4
2009,A,0,C,MoEYS_Education Statistics & Indicators,A,N,N_KH_04010101_01,KH10,F,,PT,2019-2020,72.6
2010,A,0,C,MoEYS_Education Statistics & Indicators,A,N,N_KH_04010101_01,KH10,F,,PT,2019-2020,72.9
2011,A,0,C,MoEYS_Education Statistics & Indicators,A,N,N_KH_04010101_01,KH10,F,,PT,2019-2020,70.5
2012,A,0,C,MoEYS_Education Statistics & Indicators,A,N,N_KH_04010101_01,KH10,F,,PT,2019-2020,67.0
2013,A,0,C,MoEYS_Education Statistics & Indicators,A,N,N_KH_04010101_01,KH10,F,,PT,2019-2020,75.3
2014,A,0,C,MoEYS_Education Statistics & Indicators,A,N,N_KH_04010101_01,KH10,F,,PT,2019-2020,77.3
2015,A,0,C,MoEYS_Education Statistics & Indicators,A,N,N_KH_04010101_01,KH10,F,,PT,2019-2020,76.9
2016,A,0,C,MoEYS_Education Statistics & Indicators,A,N,N_KH_04010101_01,KH10,F,,PT,2019-2020,77.8
2017,A,0,C,MoEYS_Education Statistics & Indicators,A,N,N_KH_04010101_01,KH10,F,,PT,2019-2020,75.9
2018,A,0,C,MoEYS_Education Statistics & Indicators,A,N,N_KH_04010101_01,KH10,F,,PT,2019-2020,78.2
2019,A,0,C,MoEYS_Education Statistics & Indicators,A,N,N_KH_04010101_01,KH10,F,,PT,2019-2020,82.2
2009,A,0,C,MoEYS_Education Statistics & Indicators,A,N,N_KH_04010101_01,KH10,M,,PT,2019-2020,71.4
2010,A,0,C,MoEYS_Education Statistics & Indicators,A,N,N_KH_04010101_01,KH10,M,,PT,2019-2020,75.3
2011,A,0,C,MoEYS_Education Statistics & Indicators,A,N,N_KH_04010101_01,KH10,M,,PT,2019-2020,68.4
2012,A,0,C,MoEYS_Education Statistics & Indicators,A,N,N_KH_04010101_01,KH10,M,,PT,2019-2020,77.9
2013,A,0,C,MoEYS_Education Statistics & Indicators,A,N,N_KH_04010101_01,KH10,M,,PT,2019-2020,71.3
2014,A,0,C,MoEYS_Education Statistics & Indicators,A,N,N_KH_04010101_01,KH10,M,,PT,2019-2020,70.3
2015,A,0,C,MoEYS_Education Statistics & Indicators,A,N,N_KH_04010101_01,KH10,M,,PT,2019-2020,69.6
2016,A,0,C,MoEYS_Education Statistics & Indicators,A,N,N_KH_04010101_01,KH10,M,,PT,2019-2020,67.3
2017,A,0,C,MoEYS_Education Statistics & Indicators,A,N,N_KH_04010101_01,KH10,M,,PT,2019-2020,68.4
2018,A,0,C,MoEYS_Education Statistics & Indicators,A,N,N_KH_04010101_01,KH10,M,,PT,2019-2020,72.0
2019,A,0,C,MoEYS_Education Statistics & Indicators,A,N,N_KH_04010101_01,KH10,M,,PT,2019-2020,73.8
2009,A,0,C,MoEYS_Education Statistics & Indicators,A,N,N_KH_04010101_01,KH10,,,PT,2019-2020,72.0
2010,A,0,C,MoEYS_Education Statistics & Indicators,A,N,N_KH_04010101_01,KH10,,,PT,2019-2020,74.2
2011,A,0,C,MoEYS_Education Statistics & Indicators,A,N,N_KH_04010101_01,KH10,,,PT,2019-2020,69.5
2012,A,0,C,MoEYS_Education Statistics & Indicators,A,N,N_KH_04010101_01,KH10,,,PT,2019-2020,72.5
2013,A,0,C,MoEYS_Education Statistics & Indicators,A,N,N_KH_04010101_01,KH10,,,PT,2019-2020,73.3
2014,A,0,C,MoEYS_Education Statistics & Indicators,A,N,N_KH_04010101_01,KH10,,,PT,2019-2020,73.8
2015,A,0,C,MoEYS_Education Statistics & Indicators,A,N,N_KH_04010101_01,KH10,,,PT,2019-2020,73.2
2016,A,0,C,MoEYS_Education Statistics & Indicators,A,N,N_KH_04010101_01,KH10,,,PT,2019-2020,72.5
2017,A,0,C,MoEYS_Education Statistics & Indicators,A,N,N_KH_04010101_01,KH10,,,PT,2019-2020,72.1
2018,A,0,C,MoEYS_Education Statistics & Indicators,A,N,N_KH_04010101_01,KH10,,,PT,2019-2020,75.0
2019,A,0,C,MoEYS_Education Statistics & Indicators,A,N,N_KH_04010101_01,KH10,,,PT,2019-2020,78.0
2009,A,0,C,MoEYS_Education Statistics & Indicators,A,N,N_KH_04010101_01,KH11,F,,PT,2019-2020,50.9
2010,A,0,C,MoEYS_Education Statistics & Indicators,A,N,N_KH_04010101_01,KH11,F,,PT,2019-2020,73.7
2011,A,0,C,MoEYS_Education Statistics & Indicators,A,N,N_KH_04010101_01,KH11,F,,PT,2019-2020,76.6
2012,A,0,C,MoEYS_Education Statistics & Indicators,A,N,N_KH_04010101_01,KH11,F,,PT,2019-2020,54.4
2013,A,0,C,MoEYS_Education Statistics & Indicators,A,N,N_KH_04010101_01,KH11,F,,PT,2019-2020,79.0
2014,A,0,C,MoEYS_Education Statistics & Indicators,A,N,N_KH_04010101_01,KH11,F,,PT,2019-2020,68.4
2015,A,0,C,MoEYS_Education Statistics & Indicators,A,N,N_KH_04010101_01,KH11,F,,PT,2019-2020,73.6
2016,A,0,C,MoEYS_Education Statistics & Indicators,A,N,N_KH_04010101_01,KH11,F,,PT,2019-2020,74.7
2017,A,0,C,MoEYS_Education Statistics & Indicators,A,N,N_KH_04010101_01,KH11,F,,PT,2019-2020,74.7
2018,A,0,C,MoEYS_Education Statistics & Indicators,A,N,N_KH_04010101_01,KH11,F,,PT,2019-2020,78.9
2019,A,0,C,MoEYS_Education Statistics & Indicators,A,N,N_KH_04010101_01,KH11,F,,PT,2019-2020,79.5
2009,A,0,C,MoEYS_Education Statistics & Indicators,A,N,N_KH_04010101_01,KH11,M,,PT,2019-2020,57.1
2010,A,0,C,MoEYS_Education Statistics & Indicators,A,N,N_KH_04010101_01,KH11,M,,PT,2019-2020,73.6
2011,A,0,C,MoEYS_Education Statistics & Indicators,A,N,N_KH_04010101_01,KH11,M,,PT,2019-2020,70.3
2012,A,0,C,MoEYS_Education Statistics & Indicators,A,N,N_KH_04010101_01,KH11,M,,PT,2019-2020,59.5
2013,A,0,C,MoEYS_Education Statistics & Indicators,A,N,N_KH_04010101_01,KH11,M,,PT,2019-2020,70.8
2014,A,0,C,MoEYS_Education Statistics & Indicators,A,N,N_KH_04010101_01,KH11,M,,PT,2019-2020,64.4
2015,A,0,C,MoEYS_Education Statistics & Indicators,A,N,N_KH_04010101_01,KH11,M,,PT,2019-2020,64.7
2016,A,0,C,MoEYS_Education Statistics & Indicators,A,N,N_KH_04010101_01,KH11,M,,PT,2019-2020,65.8
2017,A,0,C,MoEYS_Education Statistics & Indicators,A,N,N_KH_04010101_01,KH11,M,,PT,2019-2020,67.6
2018,A,0,C,MoEYS_Education Statistics & Indicators,A,N,N_KH_04010101_01,KH11,M,,PT,2019-2020,67.4
2019,A,0,C,MoEYS_Education Statistics & Indicators,A,N,N_KH_04010101_01,KH11,M,,PT,2019-2020,69.3
2009,A,0,C,MoEYS_Education Statistics & Indicators,A,N,N_KH_04010101_01,KH11,,,PT,2019-2020,54.0
2010,A,0,C,MoEYS_Education Statistics & Indicators,A,N,N_KH_04010101_01,KH11,,,PT,2019-2020,73.6
2011,A,0,C,MoEYS_Education Statistics & Indicators,A,N,N_KH_04010101_01,KH11,,,PT,2019-2020,73.4
2012,A,0,C,MoEYS_Education Statistics & Indicators,A,N,N_KH_04010101_01,KH11,,,PT,2019-2020,57.0
2013,A,0,C,MoEYS_Education Statistics & Indicators,A,N,N_KH_04010101_01,KH11,,,PT,2019-2020,74.9
2014,A,0,C,MoEYS_Education Statistics & Indicators,A,N,N_KH_04010101_01,KH11,,,PT,2019-2020,66.4
2015,A,0,C,MoEYS_Education Statistics & Indicators,A,N,N_KH_04010101_01,KH11,,,PT,2019-2020,69.1
2016,A,0,C,MoEYS_Education Statistics & Indicators,A,N,N_KH_04010101_01,KH11,,,PT,2019-2020,70.2
2017,A,0,C,MoEYS_Education Statistics & Indicators,A,N,N_KH_04010101_01,KH11,,,PT,2019-2020,71.1
2018,A,0,C,MoEYS_Education Statistics & Indicators,A,N,N_KH_04010101_01,KH11,,,PT,2019-2020,73.1
2019,A,0,C,MoEYS_Education Statistics & Indicators,A,N,N_KH_04010101_01,KH11,,,PT,2019-2020,74.3
2009,A,0,C,MoEYS_Education Statistics & Indicators,A,N,N_KH_04010101_01,KH22,F,,PT,2019-2020,73.9
2010,A,0,C,MoEYS_Education Statistics & Indicators,A,N,N_KH_04010101_01,KH22,F,,PT,2019-2020,74.5
2011,A,0,C,MoEYS_Education Statistics & Indicators,A,N,N_KH_04010101_01,KH22,F,,PT,2019-2020,78.6
2012,A,0,C,MoEYS_Education Statistics & Indicators,A,N,N_KH_04010101_01,KH22,F,,PT,2019-2020,77.4
2013,A,0,C,MoEYS_Education Statistics & Indicators,A,N,N_KH_04010101_01,KH22,F,,PT,2019-2020,83.1
2014,A,0,C,MoEYS_Education Statistics & Indicators,A,N,N_KH_04010101_01,KH22,F,,PT,2019-2020,77.6
2015,A,0,C,MoEYS_Education Statistics & Indicators,A,N,N_KH_04010101_01,KH22,F,,PT,2019-2020,72.9
2016,A,0,C,MoEYS_Education Statistics & Indicators,A,N,N_KH_04010101_01,KH22,F,,PT,2019-2020,70.5
2017,A,0,C,MoEYS_Education Statistics & Indicators,A,N,N_KH_04010101_01,KH22,F,,PT,2019-2020,70.9
2018,A,0,C,MoEYS_Education Statistics & Indicators,A,N,N_KH_04010101_01,KH22,F,,PT,2019-2020,76.5
2019,A,0,C,MoEYS_Education Statistics & Indicators,A,N,N_KH_04010101_01,KH22,F,,PT,2019-2020,72.9
2009,A,0,C,MoEYS_Education Statistics & Indicators,A,N,N_KH_04010101_01,KH22,M,,PT,2019-2020,77.8
2010,A,0,C,MoEYS_Education Statistics & Indicators,A,N,N_KH_04010101_01,KH22,M,,PT,2019-2020,85.6
2011,A,0,C,MoEYS_Education Statistics & Indicators,A,N,N_KH_04010101_01,KH22,M,,PT,2019-2020,74.9
2012,A,0,C,MoEYS_Education Statistics & Indicators,A,N,N_KH_04010101_01,KH22,M,,PT,2019-2020,83.0
2013,A,0,C,MoEYS_Education Statistics & Indicators,A,N,N_KH_04010101_01,KH22,M,,PT,2019-2020,78.5
2014,A,0,C,MoEYS_Education Statistics & Indicators,A,N,N_KH_04010101_01,KH22,M,,PT,2019-2020,70.4
2015,A,0,C,MoEYS_Education Statistics & Indicators,A,N,N_KH_04010101_01,KH22,M,,PT,2019-2020,65.5
2016,A,0,C,MoEYS_Education Statistics & Indicators,A,N,N_KH_04010101_01,KH22,M,,PT,2019-2020,66.3
2017,A,0,C,MoEYS_Education Statistics & Indicators,A,N,N_KH_04010101_01,KH22,M,,PT,2019-2020,64.8
2018,A,0,C,MoEYS_Education Statistics & Indicators,A,N,N_KH_04010101_01,KH22,M,,PT,2019-2020,65.1
2019,A,0,C,MoEYS_Education Statistics & Indicators,A,N,N_KH_04010101_01,KH22,M,,PT,2019-2020,63.9
2009,A,0,C,MoEYS_Education Statistics & Indicators,A,N,N_KH_04010101_01,KH22,,,PT,2019-2020,75.9
2010,A,0,C,MoEYS_Education Statistics & Indicators,A,N,N_KH_04010101_01,KH22,,,PT,2019-2020,79.7
2011,A,0,C,MoEYS_Education Statistics & Indicators,A,N,N_KH_04010101_01,KH22,,,PT,2019-2020,76.7
2012,A,0,C,MoEYS_Education Statistics & Indicators,A,N,N_KH_04010101_01,KH22,,,PT,2019-2020,80.3
2013,A,0,C,MoEYS_Education Statistics & Indicators,A,N,N_KH_04010101_01,KH22,,,PT,2019-2020,80.7
2014,A,0,C,MoEYS_Education Statistics & Indicators,A,N,N_KH_04010101_01,KH22,,,PT,2019-2020,73.9
2015,A,0,C,MoEYS_Education Statistics & Indicators,A,N,N_KH_04010101_01,KH22,,,PT,2019-2020,69.0
2016,A,0,C,MoEYS_Education Statistics & Indicators,A,N,N_KH_04010101_01,KH22,,,PT,2019-2020,68.3
2017,A,0,C,MoEYS_Education Statistics & Indicators,A,N,N_KH_04010101_01,KH22,,,PT,2019-2020,67.7
2018,A,0,C,MoEYS_Education Statistics & Indicators,A,N,N_KH_04010101_01,KH22,,,PT,2019-2020,70.6
2019,A,0,C,MoEYS_Education Statistics & Indicators,A,N,N_KH_04010101_01,KH22,,,PT,2019-2020,68.2
2009,A,0,C,MoEYS_Education Statistics & Indicators,A,N,N_KH_04010101_01,KH24,F,,PT,2019-2020,72.8
2010,A,0,C,MoEYS_Education Statistics & Indicators,A,N,N_KH_04010101_01,KH24,F,,PT,2019-2020,74.6
2011,A,0,C,MoEYS_Education Statistics & Indicators,A,N,N_KH_04010101_01,KH24,F,,PT,2019-2020,63.5
2012,A,0,C,MoEYS_Education Statistics & Indicators,A,N,N_KH_04010101_01,KH24,F,,PT,2019-2020,64.9
2013,A,0,C,MoEYS_Education Statistics & Indicators,A,N,N_KH_04010101_01,KH24,F,,PT,2019-2020,65.3
2014,A,0,C,MoEYS_Education Statistics & Indicators,A,N,N_KH_04010101_01,KH24,F,,PT,2019-2020,67.3
2015,A,0,C,MoEYS_Education Statistics & Indicators,A,N,N_KH_04010101_01,KH24,F,,PT,2019-2020,63.6
2016,A,0,C,MoEYS_Education Statistics & Indicators,A,N,N_KH_04010101_01,KH24,F,,PT,2019-2020,66.0
2017,A,0,C,MoEYS_Education Statistics & Indicators,A,N,N_KH_04010101_01,KH24,F,,PT,2019-2020,62.1
2018,A,0,C,MoEYS_Education Statistics & Indicators,A,N,N_KH_04010101_01,KH24,F,,PT,2019-2020,62.7
2019,A,0,C,MoEYS_Education Statistics & Indicators,A,N,N_KH_04010101_01,KH24,F,,PT,2019-2020,60.2
2009,A,0,C,MoEYS_Education Statistics & Indicators,A,N,N_KH_04010101_01,KH24,M,,PT,2019-2020,72.6
2010,A,0,C,MoEYS_Education Statistics & Indicators,A,N,N_KH_04010101_01,KH24,M,,PT,2019-2020,76.3
2011,A,0,C,MoEYS_Education Statistics & Indicators,A,N,N_KH_04010101_01,KH24,M,,PT,2019-2020,60.0
2012,A,0,C,MoEYS_Education Statistics & Indicators,A,N,N_KH_04010101_01,KH24,M,,PT,2019-2020,65.4
2013,A,0,C,MoEYS_Education Statistics & Indicators,A,N,N_KH_04010101_01,KH24,M,,PT,2019-2020,67.3
2014,A,0,C,MoEYS_Education Statistics & Indicators,A,N,N_KH_04010101_01,KH24,M,,PT,2019-2020,64.4
2015,A,0,C,MoEYS_Education Statistics & Indicators,A,N,N_KH_04010101_01,KH24,M,,PT,2019-2020,58.1
2016,A,0,C,MoEYS_Education Statistics & Indicators,A,N,N_KH_04010101_01,KH24,M,,PT,2019-2020,53.7
2017,A,0,C,MoEYS_Education Statistics & Indicators,A,N,N_KH_04010101_01,KH24,M,,PT,2019-2020,52.0
2018,A,0,C,MoEYS_Education Statistics & Indicators,A,N,N_KH_04010101_01,KH24,M,,PT,2019-2020,52.5
2019,A,0,C,MoEYS_Education Statistics & Indicators,A,N,N_KH_04010101_01,KH24,M,,PT,2019-2020,56.9
2009,A,0,C,MoEYS_Education Statistics & Indicators,A,N,N_KH_04010101_01,KH24,,,PT,2019-2020,72.7
2010,A,0,C,MoEYS_Education Statistics & Indicators,A,N,N_KH_04010101_01,KH24,,,PT,2019-2020,75.5
2011,A,0,C,MoEYS_Education Statistics & Indicators,A,N,N_KH_04010101_01,KH24,,,PT,2019-2020,61.7
2012,A,0,C,MoEYS_Education Statistics & Indicators,A,N,N_KH_04010101_01,KH24,,,PT,2019-2020,65.2
2013,A,0,C,MoEYS_Education Statistics & Indicators,A,N,N_KH_04010101_01,KH24,,,PT,2019-2020,66.3
2014,A,0,C,MoEYS_Education Statistics & Indicators,A,N,N_KH_04010101_01,KH24,,,PT,2019-2020,65.8
2015,A,0,C,MoEYS_Education Statistics & Indicators,A,N,N_KH_04010101_01,KH24,,,PT,2019-2020,60.8
2016,A,0,C,MoEYS_Education Statistics & Indicators,A,N,N_KH_04010101_01,KH24,,,PT,2019-2020,59.6
2017,A,0,C,MoEYS_Education Statistics & Indicators,A,N,N_KH_04010101_01,KH24,,,PT,2019-2020,56.9
2018,A,0,C,MoEYS_Education Statistics & Indicators,A,N,N_KH_04010101_01,KH24,,,PT,2019-2020,57.4
2019,A,0,C,MoEYS_Education Statistics & Indicators,A,N,N_KH_04010101_01,KH24,,,PT,2019-2020,58.5
2009,A,0,C,MoEYS_Education Statistics & Indicators,A,N,N_KH_04010101_01,KH12,F,,PT,2019-2020,83.3
2010,A,0,C,MoEYS_Education Statistics & Indicators,A,N,N_KH_04010101_01,KH12,F,,PT,2019-2020,80.0
2011,A,0,C,MoEYS_Education Statistics & Indicators,A,N,N_KH_04010101_01,KH12,F,,PT,2019-2020,98.2
2012,A,0,C,MoEYS_Education Statistics & Indicators,A,N,N_KH_04010101_01,KH12,F,,PT,2019-2020,85.2
2013,A,0,C,MoEYS_Education Statistics & Indicators,A,N,N_KH_04010101_01,KH12,F,,PT,2019-2020,85.0
2014,A,0,C,MoEYS_Education Statistics & Indicators,A,N,N_KH_04010101_01,KH12,F,,PT,2019-2020,83.4
2015,A,0,C,MoEYS_Education Statistics & Indicators,A,N,N_KH_04010101_01,KH12,F,,PT,2019-2020,81.9
2016,A,0,C,MoEYS_Education Statistics & Indicators,A,N,N_KH_04010101_01,KH12,F,,PT,2019-2020,80.4
2017,A,0,C,MoEYS_Education Statistics & Indicators,A,N,N_KH_04010101_01,KH12,F,,PT,2019-2020,78.8
2018,A,0,C,MoEYS_Education Statistics & Indicators,A,N,N_KH_04010101_01,KH12,F,,PT,2019-2020,84.7
2019,A,0,C,MoEYS_Education Statistics & Indicators,A,N,N_KH_04010101_01,KH12,F,,PT,2019-2020,86.1
2009,A,0,C,MoEYS_Education Statistics & Indicators,A,N,N_KH_04010101_01,KH12,M,,PT,2019-2020,81.6
2010,A,0,C,MoEYS_Education Statistics & Indicators,A,N,N_KH_04010101_01,KH12,M,,PT,2019-2020,88.8
2011,A,0,C,MoEYS_Education Statistics & Indicators,A,N,N_KH_04010101_01,KH12,M,,PT,2019-2020,95.7
2012,A,0,C,MoEYS_Education Statistics & Indicators,A,N,N_KH_04010101_01,KH12,M,,PT,2019-2020,84.1
2013,A,0,C,MoEYS_Education Statistics & Indicators,A,N,N_KH_04010101_01,KH12,M,,PT,2019-2020,81.1
2014,A,0,C,MoEYS_Education Statistics & Indicators,A,N,N_KH_04010101_01,KH12,M,,PT,2019-2020,77.3
2015,A,0,C,MoEYS_Education Statistics & Indicators,A,N,N_KH_04010101_01,KH12,M,,PT,2019-2020,75.2
2016,A,0,C,MoEYS_Education Statistics & Indicators,A,N,N_KH_04010101_01,KH12,M,,PT,2019-2020,73.5
2017,A,0,C,MoEYS_Education Statistics & Indicators,A,N,N_KH_04010101_01,KH12,M,,PT,2019-2020,70.9
2018,A,0,C,MoEYS_Education Statistics & Indicators,A,N,N_KH_04010101_01,KH12,M,,PT,2019-2020,75.7
2019,A,0,C,MoEYS_Education Statistics & Indicators,A,N,N_KH_04010101_01,KH12,M,,PT,2019-2020,77.5
2009,A,0,C,MoEYS_Education Statistics & Indicators,A,N,N_KH_04010101_01,KH12,,,PT,2019-2020,82.4
2010,A,0,C,MoEYS_Education Statistics & Indicators,A,N,N_KH_04010101_01,KH12,,,PT,2019-2020,84.3
2011,A,0,C,MoEYS_Education Statistics & Indicators,A,N,N_KH_04010101_01,KH12,,,PT,2019-2020,96.9
2012,A,0,C,MoEYS_Education Statistics & Indicators,A,N,N_KH_04010101_01,KH12,,,PT,2019-2020,84.6
2013,A,0,C,MoEYS_Education Statistics & Indicators,A,N,N_KH_04010101_01,KH12,,,PT,2019-2020,73.0
2014,A,0,C,MoEYS_Education Statistics & Indicators,A,N,N_KH_04010101_01,KH12,,,PT,2019-2020,80.2
2015,A,0,C,MoEYS_Education Statistics & Indicators,A,N,N_KH_04010101_01,KH12,,,PT,2019-2020,78.4
2016,A,0,C,MoEYS_Education Statistics & Indicators,A,N,N_KH_04010101_01,KH12,,,PT,2019-2020,76.8
2017,A,0,C,MoEYS_Education Statistics & Indicators,A,N,N_KH_04010101_01,KH12,,,PT,2019-2020,74.6
2018,A,0,C,MoEYS_Education Statistics & Indicators,A,N,N_KH_04010101_01,KH12,,,PT,2019-2020,79.9
2019,A,0,C,MoEYS_Education Statistics & Indicators,A,N,N_KH_04010101_01,KH12,,,PT,2019-2020,81.6
2009,A,0,C,MoEYS_Education Statistics & Indicators,A,N,N_KH_04010101_01,KH18,F,,PT,2019-2020,70.4
2010,A,0,C,MoEYS_Education Statistics & Indicators,A,N,N_KH_04010101_01,KH18,F,,PT,2019-2020,76.2
2011,A,0,C,MoEYS_Education Statistics & Indicators,A,N,N_KH_04010101_01,KH18,F,,PT,2019-2020,80.1
2012,A,0,C,MoEYS_Education Statistics & Indicators,A,N,N_KH_04010101_01,KH18,F,,PT,2019-2020,95.0
2013,A,0,C,MoEYS_Education Statistics & Indicators,A,N,N_KH_04010101_01,KH18,F,,PT,2019-2020,70.7
2014,A,0,C,MoEYS_Education Statistics & Indicators,A,N,N_KH_04010101_01,KH18,F,,PT,2019-2020,68.5
2015,A,0,C,MoEYS_Education Statistics & Indicators,A,N,N_KH_04010101_01,KH18,F,,PT,2019-2020,72.7
2016,A,0,C,MoEYS_Education Statistics & Indicators,A,N,N_KH_04010101_01,KH18,F,,PT,2019-2020,69.5
2017,A,0,C,MoEYS_Education Statistics & Indicators,A,N,N_KH_04010101_01,KH18,F,,PT,2019-2020,71.4
2018,A,0,C,MoEYS_Education Statistics & Indicators,A,N,N_KH_04010101_01,KH18,F,,PT,2019-2020,69.9
2019,A,0,C,MoEYS_Education Statistics & Indicators,A,N,N_KH_04010101_01,KH18,F,,PT,2019-2020,68.8
2009,A,0,C,MoEYS_Education Statistics & Indicators,A,N,N_KH_04010101_01,KH18,M,,PT,2019-2020,73.8
2010,A,0,C,MoEYS_Education Statistics & Indicators,A,N,N_KH_04010101_01,KH18,M,,PT,2019-2020,79.7
2011,A,0,C,MoEYS_Education Statistics & Indicators,A,N,N_KH_04010101_01,KH18,M,,PT,2019-2020,79.8
2012,A,0,C,MoEYS_Education Statistics & Indicators,A,N,N_KH_04010101_01,KH18,M,,PT,2019-2020,52.8
2013,A,0,C,MoEYS_Education Statistics & Indicators,A,N,N_KH_04010101_01,KH18,M,,PT,2019-2020,74.3
2014,A,0,C,MoEYS_Education Statistics & Indicators,A,N,N_KH_04010101_01,KH18,M,,PT,2019-2020,64.2
2015,A,0,C,MoEYS_Education Statistics & Indicators,A,N,N_KH_04010101_01,KH18,M,,PT,2019-2020,70.6
2016,A,0,C,MoEYS_Education Statistics & Indicators,A,N,N_KH_04010101_01,KH18,M,,PT,2019-2020,67.4
2017,A,0,C,MoEYS_Education Statistics & Indicators,A,N,N_KH_04010101_01,KH18,M,,PT,2019-2020,65.1
2018,A,0,C,MoEYS_Education Statistics & Indicators,A,N,N_KH_04010101_01,KH18,M,,PT,2019-2020,65.9
2019,A,0,C,MoEYS_Education Statistics & Indicators,A,N,N_KH_04010101_01,KH18,M,,PT,2019-2020,62.9
2009,A,0,C,MoEYS_Education Statistics & Indicators,A,N,N_KH_04010101_01,KH18,,,PT,2019-2020,72.2
2010,A,0,C,MoEYS_Education Statistics & Indicators,A,N,N_KH_04010101_01,KH18,,,PT,2019-2020,78.0
2011,A,0,C,MoEYS_Education Statistics & Indicators,A,N,N_KH_04010101_01,KH18,,,PT,2019-2020,80.0
2012,A,0,C,MoEYS_Education Statistics & Indicators,A,N,N_KH_04010101_01,KH18,,,PT,2019-2020,73.3
2013,A,0,C,MoEYS_Education Statistics & Indicators,A,N,N_KH_04010101_01,KH18,,,PT,2019-2020,72.6
2014,A,0,C,MoEYS_Education Statistics & Indicators,A,N,N_KH_04010101_01,KH18,,,PT,2019-2020,66.3
2015,A,0,C,MoEYS_Education Statistics & Indicators,A,N,N_KH_04010101_01,KH18,,,PT,2019-2020,71.6
2016,A,0,C,MoEYS_Education Statistics & Indicators,A,N,N_KH_04010101_01,KH18,,,PT,2019-2020,68.4
2017,A,0,C,MoEYS_Education Statistics & Indicators,A,N,N_KH_04010101_01,KH18,,,PT,2019-2020,68.2
2018,A,0,C,MoEYS_Education Statistics & Indicators,A,N,N_KH_04010101_01,KH18,,,PT,2019-2020,67.9
2019,A,0,C,MoEYS_Education Statistics & Indicators,A,N,N_KH_04010101_01,KH18,,,PT,2019-2020,65.8
2009,A,0,C,MoEYS_Education Statistics & Indicators,A,N,N_KH_04010101_01,KH13,F,,PT,2019-2020,77.3
2010,A,0,C,MoEYS_Education Statistics & Indicators,A,N,N_KH_04010101_01,KH13,F,,PT,2019-2020,78.7
2011,A,0,C,MoEYS_Education Statistics & Indicators,A,N,N_KH_04010101_01,KH13,F,,PT,2019-2020,89.3
2012,A,0,C,MoEYS_Education Statistics & Indicators,A,N,N_KH_04010101_01,KH13,F,,PT,2019-2020,77.5
2013,A,0,C,MoEYS_Education Statistics & Indicators,A,N,N_KH_04010101_01,KH13,F,,PT,2019-2020,84.9
2014,A,0,C,MoEYS_Education Statistics & Indicators,A,N,N_KH_04010101_01,KH13,F,,PT,2019-2020,91.5
2015,A,0,C,MoEYS_Education Statistics & Indicators,A,N,N_KH_04010101_01,KH13,F,,PT,2019-2020,97.7
2016,A,0,C,MoEYS_Education Statistics & Indicators,A,N,N_KH_04010101_01,KH13,F,,PT,2019-2020,93.1
2017,A,0,C,MoEYS_Education Statistics & Indicators,A,N,N_KH_04010101_01,KH13,F,,PT,2019-2020,96.7
2018,A,0,C,MoEYS_Education Statistics & Indicators,A,N,N_KH_04010101_01,KH13,F,,PT,2019-2020,96.4
2019,A,0,C,MoEYS_Education Statistics & Indicators,A,N,N_KH_04010101_01,KH13,F,,PT,2019-2020,94.8
2009,A,0,C,MoEYS_Education Statistics & Indicators,A,N,N_KH_04010101_01,KH13,M,,PT,2019-2020,69.8
2010,A,0,C,MoEYS_Education Statistics & Indicators,A,N,N_KH_04010101_01,KH13,M,,PT,2019-2020,98.0
2011,A,0,C,MoEYS_Education Statistics & Indicators,A,N,N_KH_04010101_01,KH13,M,,PT,2019-2020,82.8
2012,A,0,C,MoEYS_Education Statistics & Indicators,A,N,N_KH_04010101_01,KH13,M,,PT,2019-2020,84.5
2013,A,0,C,MoEYS_Education Statistics & Indicators,A,N,N_KH_04010101_01,KH13,M,,PT,2019-2020,74.5
2014,A,0,C,MoEYS_Education Statistics & Indicators,A,N,N_KH_04010101_01,KH13,M,,PT,2019-2020,75.5
2015,A,0,C,MoEYS_Education Statistics & Indicators,A,N,N_KH_04010101_01,KH13,M,,PT,2019-2020,77.2
2016,A,0,C,MoEYS_Education Statistics & Indicators,A,N,N_KH_04010101_01,KH13,M,,PT,2019-2020,79.3
2017,A,0,C,MoEYS_Education Statistics & Indicators,A,N,N_KH_04010101_01,KH13,M,,PT,2019-2020,77.5
2018,A,0,C,MoEYS_Education Statistics & Indicators,A,N,N_KH_04010101_01,KH13,M,,PT,2019-2020,82.7
2019,A,0,C,MoEYS_Education Statistics & Indicators,A,N,N_KH_04010101_01,KH13,M,,PT,2019-2020,80.4
2009,A,0,C,MoEYS_Education Statistics & Indicators,A,N,N_KH_04010101_01,KH13,,,PT,2019-2020,73.5
2010,A,0,C,MoEYS_Education Statistics & Indicators,A,N,N_KH_04010101_01,KH13,,,PT,2019-2020,86.9
2011,A,0,C,MoEYS_Education Statistics & Indicators,A,N,N_KH_04010101_01,KH13,,,PT,2019-2020,86.0
2012,A,0,C,MoEYS_Education Statistics & Indicators,A,N,N_KH_04010101_01,KH13,,,PT,2019-2020,81.0
2013,A,0,C,MoEYS_Education Statistics & Indicators,A,N,N_KH_04010101_01,KH13,,,PT,2019-2020,79.6
2014,A,0,C,MoEYS_Education Statistics & Indicators,A,N,N_KH_04010101_01,KH13,,,PT,2019-2020,83.4
2015,A,0,C,MoEYS_Education Statistics & Indicators,A,N,N_KH_04010101_01,KH13,,,PT,2019-2020,87.2
2016,A,0,C,MoEYS_Education Statistics & Indicators,A,N,N_KH_04010101_01,KH13,,,PT,2019-2020,86.0
2017,A,0,C,MoEYS_Education Statistics & Indicators,A,N,N_KH_04010101_01,KH13,,,PT,2019-2020,86.9
2018,A,0,C,MoEYS_Education Statistics & Indicators,A,N,N_KH_04010101_01,KH13,,,PT,2019-2020,89.4
2019,A,0,C,MoEYS_Education Statistics & Indicators,A,N,N_KH_04010101_01,KH13,,,PT,2019-2020,87.4
2009,A,0,C,MoEYS_Education Statistics & Indicators,A,N,N_KH_04010101_01,KH14,F,,PT,2019-2020,87.5
2010,A,0,C,MoEYS_Education Statistics & Indicators,A,N,N_KH_04010101_01,KH14,F,,PT,2019-2020,82.1
2011,A,0,C,MoEYS_Education Statistics & Indicators,A,N,N_KH_04010101_01,KH14,F,,PT,2019-2020,94.5
2012,A,0,C,MoEYS_Education Statistics & Indicators,A,N,N_KH_04010101_01,KH14,F,,PT,2019-2020,93.0
2013,A,0,C,MoEYS_Education Statistics & Indicators,A,N,N_KH_04010101_01,KH14,F,,PT,2019-2020,93.3
2014,A,0,C,MoEYS_Education Statistics & Indicators,A,N,N_KH_04010101_01,KH14,F,,PT,2019-2020,94.2
2015,A,0,C,MoEYS_Education Statistics & Indicators,A,N,N_KH_04010101_01,KH14,F,,PT,2019-2020,90.2
2016,A,0,C,MoEYS_Education Statistics & Indicators,A,N,N_KH_04010101_01,KH14,F,,PT,2019-2020,88.7
2017,A,0,C,MoEYS_Education Statistics & Indicators,A,N,N_KH_04010101_01,KH14,F,,PT,2019-2020,88.3
2018,A,0,C,MoEYS_Education Statistics & Indicators,A,N,N_KH_04010101_01,KH14,F,,PT,2019-2020,90.0
2019,A,0,C,MoEYS_Education Statistics & Indicators,A,N,N_KH_04010101_01,KH14,F,,PT,2019-2020,94.8
2009,A,0,C,MoEYS_Education Statistics & Indicators,A,N,N_KH_04010101_01,KH14,M,,PT,2019-2020,87.9
2010,A,0,C,MoEYS_Education Statistics & Indicators,A,N,N_KH_04010101_01,KH14,M,,PT,2019-2020,88.1
2011,A,0,C,MoEYS_Education Statistics & Indicators,A,N,N_KH_04010101_01,KH14,M,,PT,2019-2020,97.4
2012,A,0,C,MoEYS_Education Statistics & Indicators,A,N,N_KH_04010101_01,KH14,M,,PT,2019-2020,94.2
2013,A,0,C,MoEYS_Education Statistics & Indicators,A,N,N_KH_04010101_01,KH14,M,,PT,2019-2020,96.1
2014,A,0,C,MoEYS_Education Statistics & Indicators,A,N,N_KH_04010101_01,KH14,M,,PT,2019-2020,90.4
2015,A,0,C,MoEYS_Education Statistics & Indicators,A,N,N_KH_04010101_01,KH14,M,,PT,2019-2020,88.0
2016,A,0,C,MoEYS_Education Statistics & Indicators,A,N,N_KH_04010101_01,KH14,M,,PT,2019-2020,88.1
2017,A,0,C,MoEYS_Education Statistics & Indicators,A,N,N_KH_04010101_01,KH14,M,,PT,2019-2020,84.7
2018,A,0,C,MoEYS_Education Statistics & Indicators,A,N,N_KH_04010101_01,KH14,M,,PT,2019-2020,87.8
2019,A,0,C,MoEYS_Education Statistics & Indicators,A,N,N_KH_04010101_01,KH14,M,,PT,2019-2020,91.3
2009,A,0,C,MoEYS_Education Statistics & Indicators,A,N,N_KH_04010101_01,KH14,,,PT,2019-2020,87.7
2010,A,0,C,MoEYS_Education Statistics & Indicators,A,N,N_KH_04010101_01,KH14,,,PT,2019-2020,85.2
2011,A,0,C,MoEYS_Education Statistics & Indicators,A,N,N_KH_04010101_01,KH14,,,PT,2019-2020,96.0
2012,A,0,C,MoEYS_Education Statistics & Indicators,A,N,N_KH_04010101_01,KH14,,,PT,2019-2020,93.6
2013,A,0,C,MoEYS_Education Statistics & Indicators,A,N,N_KH_04010101_01,KH14,,,PT,2019-2020,94.7
2014,A,0,C,MoEYS_Education Statistics & Indicators,A,N,N_KH_04010101_01,KH14,,,PT,2019-2020,92.2
2015,A,0,C,MoEYS_Education Statistics & Indicators,A,N,N_KH_04010101_01,KH14,,,PT,2019-2020,89.0
2016,A,0,C,MoEYS_Education Statistics & Indicators,A,N,N_KH_04010101_01,KH14,,,PT,2019-2020,88.4
2017,A,0,C,MoEYS_Education Statistics & Indicators,A,N,N_KH_04010101_01,KH14,,,PT,2019-2020,86.4
2018,A,0,C,MoEYS_Education Statistics & Indicators,A,N,N_KH_04010101_01,KH14,,,PT,2019-2020,88.9
2019,A,0,C,MoEYS_Education Statistics & Indicators,A,N,N_KH_04010101_01,KH14,,,PT,2019-2020,93.0
2009,A,0,C,MoEYS_Education Statistics & Indicators,A,N,N_KH_04010101_01,KH15,F,,PT,2019-2020,76.4
2010,A,0,C,MoEYS_Education Statistics & Indicators,A,N,N_KH_04010101_01,KH15,F,,PT,2019-2020,83.7
2011,A,0,C,MoEYS_Education Statistics & Indicators,A,N,N_KH_04010101_01,KH15,F,,PT,2019-2020,81.9
2012,A,0,C,MoEYS_Education Statistics & Indicators,A,N,N_KH_04010101_01,KH15,F,,PT,2019-2020,80.0
2013,A,0,C,MoEYS_Education Statistics & Indicators,A,N,N_KH_04010101_01,KH15,F,,PT,2019-2020,83.7
2014,A,0,C,MoEYS_Education Statistics & Indicators,A,N,N_KH_04010101_01,KH15,F,,PT,2019-2020,84.4
2015,A,0,C,MoEYS_Education Statistics & Indicators,A,N,N_KH_04010101_01,KH15,F,,PT,2019-2020,82.2
2016,A,0,C,MoEYS_Education Statistics & Indicators,A,N,N_KH_04010101_01,KH15,F,,PT,2019-2020,84.0
2017,A,0,C,MoEYS_Education Statistics & Indicators,A,N,N_KH_04010101_01,KH15,F,,PT,2019-2020,87.6
2018,A,0,C,MoEYS_Education Statistics & Indicators,A,N,N_KH_04010101_01,KH15,F,,PT,2019-2020,91.2
2019,A,0,C,MoEYS_Education Statistics & Indicators,A,N,N_KH_04010101_01,KH15,F,,PT,2019-2020,91.1
2009,A,0,C,MoEYS_Education Statistics & Indicators,A,N,N_KH_04010101_01,KH15,M,,PT,2019-2020,72.8
2010,A,0,C,MoEYS_Education Statistics & Indicators,A,N,N_KH_04010101_01,KH15,M,,PT,2019-2020,84.6
2011,A,0,C,MoEYS_Education Statistics & Indicators,A,N,N_KH_04010101_01,KH15,M,,PT,2019-2020,76.4
2012,A,0,C,MoEYS_Education Statistics & Indicators,A,N,N_KH_04010101_01,KH15,M,,PT,2019-2020,82.4
2013,A,0,C,MoEYS_Education Statistics & Indicators,A,N,N_KH_04010101_01,KH15,M,,PT,2019-2020,81.9
2014,A,0,C,MoEYS_Education Statistics & Indicators,A,N,N_KH_04010101_01,KH15,M,,PT,2019-2020,75.8
2015,A,0,C,MoEYS_Education Statistics & Indicators,A,N,N_KH_04010101_01,KH15,M,,PT,2019-2020,72.4
2016,A,0,C,MoEYS_Education Statistics & Indicators,A,N,N_KH_04010101_01,KH15,M,,PT,2019-2020,74.4
2017,A,0,C,MoEYS_Education Statistics & Indicators,A,N,N_KH_04010101_01,KH15,M,,PT,2019-2020,76.0
2018,A,0,C,MoEYS_Education Statistics & Indicators,A,N,N_KH_04010101_01,KH15,M,,PT,2019-2020,83.0
2019,A,0,C,MoEYS_Education Statistics & Indicators,A,N,N_KH_04010101_01,KH15,M,,PT,2019-2020,78.3
2009,A,0,C,MoEYS_Education Statistics & Indicators,A,N,N_KH_04010101_01,KH15,,,PT,2019-2020,74.6
2010,A,0,C,MoEYS_Education Statistics & Indicators,A,N,N_KH_04010101_01,KH15,,,PT,2019-2020,84.2
2011,A,0,C,MoEYS_Education Statistics & Indicators,A,N,N_KH_04010101_01,KH15,,,PT,2019-2020,79.1
2012,A,0,C,MoEYS_Education Statistics & Indicators,A,N,N_KH_04010101_01,KH15,,,PT,2019-2020,81.2
2013,A,0,C,MoEYS_Education Statistics & Indicators,A,N,N_KH_04010101_01,KH15,,,PT,2019-2020,82.8
2014,A,0,C,MoEYS_Education Statistics & Indicators,A,N,N_KH_04010101_01,KH15,,,PT,2019-2020,80.0
2015,A,0,C,MoEYS_Education Statistics & Indicators,A,N,N_KH_04010101_01,KH15,,,PT,2019-2020,77.1
2016,A,0,C,MoEYS_Education Statistics & Indicators,A,N,N_KH_04010101_01,KH15,,,PT,2019-2020,79.0
2017,A,0,C,MoEYS_Education Statistics & Indicators,A,N,N_KH_04010101_01,KH15,,,PT,2019-2020,81.6
2018,A,0,C,MoEYS_Education Statistics & Indicators,A,N,N_KH_04010101_01,KH15,,,PT,2019-2020,86.9
2019,A,0,C,MoEYS_Education Statistics & Indicators,A,N,N_KH_04010101_01,KH15,,,PT,2019-2020,84.5
2009,A,0,C,MoEYS_Education Statistics & Indicators,A,N,N_KH_04010101_01,KH16,F,,PT,2019-2020,37.2
2010,A,0,C,MoEYS_Education Statistics & Indicators,A,N,N_KH_04010101_01,KH16,F,,PT,2019-2020,38.1
2011,A,0,C,MoEYS_Education Statistics & Indicators,A,N,N_KH_04010101_01,KH16,F,,PT,2019-2020,50.4
2012,A,0,C,MoEYS_Education Statistics & Indicators,A,N,N_KH_04010101_01,KH16,F,,PT,2019-2020,52.2
2013,A,0,C,MoEYS_Education Statistics & Indicators,A,N,N_KH_04010101_01,KH16,F,,PT,2019-2020,63.9
2014,A,0,C,MoEYS_Education Statistics & Indicators,A,N,N_KH_04010101_01,KH16,F,,PT,2019-2020,61.2
2015,A,0,C,MoEYS_Education Statistics & Indicators,A,N,N_KH_04010101_01,KH16,F,,PT,2019-2020,64.2
2016,A,0,C,MoEYS_Education Statistics & Indicators,A,N,N_KH_04010101_01,KH16,F,,PT,2019-2020,71.9
2017,A,0,C,MoEYS_Education Statistics & Indicators,A,N,N_KH_04010101_01,KH16,F,,PT,2019-2020,78.6
2018,A,0,C,MoEYS_Education Statistics & Indicators,A,N,N_KH_04010101_01,KH16,F,,PT,2019-2020,86.7
2019,A,0,C,MoEYS_Education Statistics & Indicators,A,N,N_KH_04010101_01,KH16,F,,PT,2019-2020,94.0
2009,A,0,C,MoEYS_Education Statistics & Indicators,A,N,N_KH_04010101_01,KH16,M,,PT,2019-2020,47.9
2010,A,0,C,MoEYS_Education Statistics & Indicators,A,N,N_KH_04010101_01,KH16,M,,PT,2019-2020,55.8
2011,A,0,C,MoEYS_Education Statistics & Indicators,A,N,N_KH_04010101_01,KH16,M,,PT,2019-2020,64.5
2012,A,0,C,MoEYS_Education Statistics & Indicators,A,N,N_KH_04010101_01,KH16,M,,PT,2019-2020,67.1
2013,A,0,C,MoEYS_Education Statistics & Indicators,A,N,N_KH_04010101_01,KH16,M,,PT,2019-2020,71.0
2014,A,0,C,MoEYS_Education Statistics & Indicators,A,N,N_KH_04010101_01,KH16,M,,PT,2019-2020,63.3
2015,A,0,C,MoEYS_Education Statistics & Indicators,A,N,N_KH_04010101_01,KH16,M,,PT,2019-2020,65.3
2016,A,0,C,MoEYS_Education Statistics & Indicators,A,N,N_KH_04010101_01,KH16,M,,PT,2019-2020,68.1
2017,A,0,C,MoEYS_Education Statistics & Indicators,A,N,N_KH_04010101_01,KH16,M,,PT,2019-2020,79.8
2018,A,0,C,MoEYS_Education Statistics & Indicators,A,N,N_KH_04010101_01,KH16,M,,PT,2019-2020,79.7
2019,A,0,C,MoEYS_Education Statistics & Indicators,A,N,N_KH_04010101_01,KH16,M,,PT,2019-2020,85.7
2009,A,0,C,MoEYS_Education Statistics & Indicators,A,N,N_KH_04010101_01,KH16,,,PT,2019-2020,42.8
2010,A,0,C,MoEYS_Education Statistics & Indicators,A,N,N_KH_04010101_01,KH16,,,PT,2019-2020,46.7
2011,A,0,C,MoEYS_Education Statistics & Indicators,A,N,N_KH_04010101_01,KH16,,,PT,2019-2020,57.6
2012,A,0,C,MoEYS_Education Statistics & Indicators,A,N,N_KH_04010101_01,KH16,,,PT,2019-2020,59.9
2013,A,0,C,MoEYS_Education Statistics & Indicators,A,N,N_KH_04010101_01,KH16,,,PT,2019-2020,67.6
2014,A,0,C,MoEYS_Education Statistics & Indicators,A,N,N_KH_04010101_01,KH16,,,PT,2019-2020,62.3
2015,A,0,C,MoEYS_Education Statistics & Indicators,A,N,N_KH_04010101_01,KH16,,,PT,2019-2020,64.8
2016,A,0,C,MoEYS_Education Statistics & Indicators,A,N,N_KH_04010101_01,KH16,,,PT,2019-2020,70.0
2017,A,0,C,MoEYS_Education Statistics & Indicators,A,N,N_KH_04010101_01,KH16,,,PT,2019-2020,79.2
2018,A,0,C,MoEYS_Education Statistics & Indicators,A,N,N_KH_04010101_01,KH16,,,PT,2019-2020,83.1
2019,A,0,C,MoEYS_Education Statistics & Indicators,A,N,N_KH_04010101_01,KH16,,,PT,2019-2020,89.7
2009,A,0,C,MoEYS_Education Statistics & Indicators,A,N,N_KH_04010101_01,KH17,F,,PT,2019-2020,84.4
2010,A,0,C,MoEYS_Education Statistics & Indicators,A,N,N_KH_04010101_01,KH17,F,,PT,2019-2020,93.0
2011,A,0,C,MoEYS_Education Statistics & Indicators,A,N,N_KH_04010101_01,KH17,F,,PT,2019-2020,95.2
2012,A,0,C,MoEYS_Education Statistics & Indicators,A,N,N_KH_04010101_01,KH17,F,,PT,2019-2020,92.0
2013,A,0,C,MoEYS_Education Statistics & Indicators,A,N,N_KH_04010101_01,KH17,F,,PT,2019-2020,99.4
2014,A,0,C,MoEYS_Education Statistics & Indicators,A,N,N_KH_04010101_01,KH17,F,,PT,2019-2020,88.3
2015,A,0,C,MoEYS_Education Statistics & Indicators,A,N,N_KH_04010101_01,KH17,F,,PT,2019-2020,86.5
2016,A,0,C,MoEYS_Education Statistics & Indicators,A,N,N_KH_04010101_01,KH17,F,,PT,2019-2020,87.6
2017,A,0,C,MoEYS_Education Statistics & Indicators,A,N,N_KH_04010101_01,KH17,F,,PT,2019-2020,86.8
2018,A,0,C,MoEYS_Education Statistics & Indicators,A,N,N_KH_04010101_01,KH17,F,,PT,2019-2020,89.9
2019,A,0,C,MoEYS_Education Statistics & Indicators,A,N,N_KH_04010101_01,KH17,F,,PT,2019-2020,95.0
2009,A,0,C,MoEYS_Education Statistics & Indicators,A,N,N_KH_04010101_01,KH17,M,,PT,2019-2020,79.2
2010,A,0,C,MoEYS_Education Statistics & Indicators,A,N,N_KH_04010101_01,KH17,M,,PT,2019-2020,84.9
2011,A,0,C,MoEYS_Education Statistics & Indicators,A,N,N_KH_04010101_01,KH17,M,,PT,2019-2020,87.7
2012,A,0,C,MoEYS_Education Statistics & Indicators,A,N,N_KH_04010101_01,KH17,M,,PT,2019-2020,85.0
2013,A,0,C,MoEYS_Education Statistics & Indicators,A,N,N_KH_04010101_01,KH17,M,,PT,2019-2020,86.2
2014,A,0,C,MoEYS_Education Statistics & Indicators,A,N,N_KH_04010101_01,KH17,M,,PT,2019-2020,75.3
2015,A,0,C,MoEYS_Education Statistics & Indicators,A,N,N_KH_04010101_01,KH17,M,,PT,2019-2020,73.3
2016,A,0,C,MoEYS_Education Statistics & Indicators,A,N,N_KH_04010101_01,KH17,M,,PT,2019-2020,74.5
2017,A,0,C,MoEYS_Education Statistics & Indicators,A,N,N_KH_04010101_01,KH17,M,,PT,2019-2020,75.6
2018,A,0,C,MoEYS_Education Statistics & Indicators,A,N,N_KH_04010101_01,KH17,M,,PT,2019-2020,77.8
2019,A,0,C,MoEYS_Education Statistics & Indicators,A,N,N_KH_04010101_01,KH17,M,,PT,2019-2020,81.3
2009,A,0,C,MoEYS_Education Statistics & Indicators,A,N,N_KH_04010101_01,KH17,,,PT,2019-2020,81.7
2010,A,0,C,MoEYS_Education Statistics & Indicators,A,N,N_KH_04010101_01,KH17,,,PT,2019-2020,88.9
2011,A,0,C,MoEYS_Education Statistics & Indicators,A,N,N_KH_04010101_01,KH17,,,PT,2019-2020,91.3
2012,A,0,C,MoEYS_Education Statistics & Indicators,A,N,N_KH_04010101_01,KH17,,,PT,2019-2020,88.4
2013,A,0,C,MoEYS_Education Statistics & Indicators,A,N,N_KH_04010101_01,KH17,,,PT,2019-2020,92.6
2014,A,0,C,MoEYS_Education Statistics & Indicators,A,N,N_KH_04010101_01,KH17,,,PT,2019-2020,81.6
2015,A,0,C,MoEYS_Education Statistics & Indicators,A,N,N_KH_04010101_01,KH17,,,PT,2019-2020,79.7
2016,A,0,C,MoEYS_Education Statistics & Indicators,A,N,N_KH_04010101_01,KH17,,,PT,2019-2020,80.8
2017,A,0,C,MoEYS_Education Statistics & Indicators,A,N,N_KH_04010101_01,KH17,,,PT,2019-2020,81.0
2018,A,0,C,MoEYS_Education Statistics & Indicators,A,N,N_KH_04010101_01,KH17,,,PT,2019-2020,83.6
2019,A,0,C,MoEYS_Education Statistics & Indicators,A,N,N_KH_04010101_01,KH17,,,PT,2019-2020,87.9
2009,A,0,C,MoEYS_Education Statistics & Indicators,A,N,N_KH_04010101_01,KH19,F,,PT,2019-2020,72.7
2010,A,0,C,MoEYS_Education Statistics & Indicators,A,N,N_KH_04010101_01,KH19,F,,PT,2019-2020,77.1
2011,A,0,C,MoEYS_Education Statistics & Indicators,A,N,N_KH_04010101_01,KH19,F,,PT,2019-2020,62.5
2012,A,0,C,MoEYS_Education Statistics & Indicators,A,N,N_KH_04010101_01,KH19,F,,PT,2019-2020,63.0
2013,A,0,C,MoEYS_Education Statistics & Indicators,A,N,N_KH_04010101_01,KH19,F,,PT,2019-2020,63.0
2014,A,0,C,MoEYS_Education Statistics & Indicators,A,N,N_KH_04010101_01,KH19,F,,PT,2019-2020,69.7
2015,A,0,C,MoEYS_Education Statistics & Indicators,A,N,N_KH_04010101_01,KH19,F,,PT,2019-2020,67.9
2016,A,0,C,MoEYS_Education Statistics & Indicators,A,N,N_KH_04010101_01,KH19,F,,PT,2019-2020,78.0
2017,A,0,C,MoEYS_Education Statistics & Indicators,A,N,N_KH_04010101_01,KH19,F,,PT,2019-2020,76.4
2018,A,0,C,MoEYS_Education Statistics & Indicators,A,N,N_KH_04010101_01,KH19,F,,PT,2019-2020,80.8
2019,A,0,C,MoEYS_Education Statistics & Indicators,A,N,N_KH_04010101_01,KH19,F,,PT,2019-2020,88.3
2009,A,0,C,MoEYS_Education Statistics & Indicators,A,N,N_KH_04010101_01,KH19,M,,PT,2019-2020,58.8
2010,A,0,C,MoEYS_Education Statistics & Indicators,A,N,N_KH_04010101_01,KH19,M,,PT,2019-2020,70.3
2011,A,0,C,MoEYS_Education Statistics & Indicators,A,N,N_KH_04010101_01,KH19,M,,PT,2019-2020,60.4
2012,A,0,C,MoEYS_Education Statistics & Indicators,A,N,N_KH_04010101_01,KH19,M,,PT,2019-2020,57.3
2013,A,0,C,MoEYS_Education Statistics & Indicators,A,N,N_KH_04010101_01,KH19,M,,PT,2019-2020,56.2
2014,A,0,C,MoEYS_Education Statistics & Indicators,A,N,N_KH_04010101_01,KH19,M,,PT,2019-2020,65.5
2015,A,0,C,MoEYS_Education Statistics & Indicators,A,N,N_KH_04010101_01,KH19,M,,PT,2019-2020,60.3
2016,A,0,C,MoEYS_Education Statistics & Indicators,A,N,N_KH_04010101_01,KH19,M,,PT,2019-2020,65.3
2017,A,0,C,MoEYS_Education Statistics & Indicators,A,N,N_KH_04010101_01,KH19,M,,PT,2019-2020,62.8
2018,A,0,C,MoEYS_Education Statistics & Indicators,A,N,N_KH_04010101_01,KH19,M,,PT,2019-2020,72.7
2019,A,0,C,MoEYS_Education Statistics & Indicators,A,N,N_KH_04010101_01,KH19,M,,PT,2019-2020,80.1
2009,A,0,C,MoEYS_Education Statistics & Indicators,A,N,N_KH_04010101_01,KH19,,,PT,2019-2020,65.7
2010,A,0,C,MoEYS_Education Statistics & Indicators,A,N,N_KH_04010101_01,KH19,,,PT,2019-2020,73.7
2011,A,0,C,MoEYS_Education Statistics & Indicators,A,N,N_KH_04010101_01,KH19,,,PT,2019-2020,61.4
2012,A,0,C,MoEYS_Education Statistics & Indicators,A,N,N_KH_04010101_01,KH19,,,PT,2019-2020,60.1
2013,A,0,C,MoEYS_Education Statistics & Indicators,A,N,N_KH_04010101_01,KH19,,,PT,2019-2020,59.6
2014,A,0,C,MoEYS_Education Statistics & Indicators,A,N,N_KH_04010101_01,KH19,,,PT,2019-2020,67.5
2015,A,0,C,MoEYS_Education Statistics & Indicators,A,N,N_KH_04010101_01,KH19,,,PT,2019-2020,64.0
2016,A,0,C,MoEYS_Education Statistics & Indicators,A,N,N_KH_04010101_01,KH19,,,PT,2019-2020,71.5
2017,A,0,C,MoEYS_Education Statistics & Indicators,A,N,N_KH_04010101_01,KH19,,,PT,2019-2020,69.5
2018,A,0,C,MoEYS_Education Statistics & Indicators,A,N,N_KH_04010101_01,KH19,,,PT,2019-2020,76.6
2019,A,0,C,MoEYS_Education Statistics & Indicators,A,N,N_KH_04010101_01,KH19,,,PT,2019-2020,84.1
2009,A,0,C,MoEYS_Education Statistics & Indicators,A,N,N_KH_04010101_01,KH20,F,,PT,2019-2020,96.9
2010,A,0,C,MoEYS_Education Statistics & Indicators,A,N,N_KH_04010101_01,KH20,F,,PT,2019-2020,95.3
2011,A,0,C,MoEYS_Education Statistics & Indicators,A,N,N_KH_04010101_01,KH20,F,,PT,2019-2020,96.2
2012,A,0,C,MoEYS_Education Statistics & Indicators,A,N,N_KH_04010101_01,KH20,F,,PT,2019-2020,96.0
2013,A,0,C,MoEYS_Education Statistics & Indicators,A,N,N_KH_04010101_01,KH20,F,,PT,2019-2020,99.3
2014,A,0,C,MoEYS_Education Statistics & Indicators,A,N,N_KH_04010101_01,KH20,F,,PT,2019-2020,94.4
2015,A,0,C,MoEYS_Education Statistics & Indicators,A,N,N_KH_04010101_01,KH20,F,,PT,2019-2020,95.4
2016,A,0,C,MoEYS_Education Statistics & Indicators,A,N,N_KH_04010101_01,KH20,F,,PT,2019-2020,91.8
2017,A,0,C,MoEYS_Education Statistics & Indicators,A,N,N_KH_04010101_01,KH20,F,,PT,2019-2020,95.0
2018,A,0,C,MoEYS_Education Statistics & Indicators,A,N,N_KH_04010101_01,KH20,F,,PT,2019-2020,96.3
2019,A,0,C,MoEYS_Education Statistics & Indicators,A,N,N_KH_04010101_01,KH20,F,,PT,2019-2020,100.8
2009,A,0,C,MoEYS_Education Statistics & Indicators,A,N,N_KH_04010101_01,KH20,M,,PT,2019-2020,98.7
2010,A,0,C,MoEYS_Education Statistics & Indicators,A,N,N_KH_04010101_01,KH20,M,,PT,2019-2020,93.6
2011,A,0,C,MoEYS_Education Statistics & Indicators,A,N,N_KH_04010101_01,KH20,M,,PT,2019-2020,104.4
2012,A,0,C,MoEYS_Education Statistics & Indicators,A,N,N_KH_04010101_01,KH20,M,,PT,2019-2020,109.2
2013,A,0,C,MoEYS_Education Statistics & Indicators,A,N,N_KH_04010101_01,KH20,M,,PT,2019-2020,101.2
2014,A,0,C,MoEYS_Education Statistics & Indicators,A,N,N_KH_04010101_01,KH20,M,,PT,2019-2020,99.8
2015,A,0,C,MoEYS_Education Statistics & Indicators,A,N,N_KH_04010101_01,KH20,M,,PT,2019-2020,94.5
2016,A,0,C,MoEYS_Education Statistics & Indicators,A,N,N_KH_04010101_01,KH20,M,,PT,2019-2020,90.2
2017,A,0,C,MoEYS_Education Statistics & Indicators,A,N,N_KH_04010101_01,KH20,M,,PT,2019-2020,89.3
2018,A,0,C,MoEYS_Education Statistics & Indicators,A,N,N_KH_04010101_01,KH20,M,,PT,2019-2020,92.8
2019,A,0,C,MoEYS_Education Statistics & Indicators,A,N,N_KH_04010101_01,KH20,M,,PT,2019-2020,95.2
2009,A,0,C,MoEYS_Education Statistics & Indicators,A,N,N_KH_04010101_01,KH20,,,PT,2019-2020,97.8
2010,A,0,C,MoEYS_Education Statistics & Indicators,A,N,N_KH_04010101_01,KH20,,,PT,2019-2020,94.4
2011,A,0,C,MoEYS_Education Statistics & Indicators,A,N,N_KH_04010101_01,KH20,,,PT,2019-2020,100.3
2012,A,0,C,MoEYS_Education Statistics & Indicators,A,N,N_KH_04010101_01,KH20,,,PT,2019-2020,102.7
2013,A,0,C,MoEYS_Education Statistics & Indicators,A,N,N_KH_04010101_01,KH20,,,PT,2019-2020,100.3
2014,A,0,C,MoEYS_Education Statistics & Indicators,A,N,N_KH_04010101_01,KH20,,,PT,2019-2020,97.1
2015,A,0,C,MoEYS_Education Statistics & Indicators,A,N,N_KH_04010101_01,KH20,,,PT,2019-2020,94.9
2016,A,0,C,MoEYS_Education Statistics & Indicators,A,N,N_KH_04010101_01,KH20,,,PT,2019-2020,91.0
2017,A,0,C,MoEYS_Education Statistics & Indicators,A,N,N_KH_04010101_01,KH20,,,PT,2019-2020,92.1
2018,A,0,C,MoEYS_Education Statistics & Indicators,A,N,N_KH_04010101_01,KH20,,,PT,2019-2020,94.5
2019,A,0,C,MoEYS_Education Statistics & Indicators,A,N,N_KH_04010101_01,KH20,,,PT,2019-2020,98.0
2009,A,0,C,MoEYS_Education Statistics & Indicators,A,N,N_KH_04010101_01,KH21,F,,PT,2019-2020,94.6
2010,A,0,C,MoEYS_Education Statistics & Indicators,A,N,N_KH_04010101_01,KH21,F,,PT,2019-2020,89.0
2011,A,0,C,MoEYS_Education Statistics & Indicators,A,N,N_KH_04010101_01,KH21,F,,PT,2019-2020,101.1
2012,A,0,C,MoEYS_Education Statistics & Indicators,A,N,N_KH_04010101_01,KH21,F,,PT,2019-2020,98.4
2013,A,0,C,MoEYS_Education Statistics & Indicators,A,N,N_KH_04010101_01,KH21,F,,PT,2019-2020,99.3
2014,A,0,C,MoEYS_Education Statistics & Indicators,A,N,N_KH_04010101_01,KH21,F,,PT,2019-2020,97.6
2015,A,0,C,MoEYS_Education Statistics & Indicators,A,N,N_KH_04010101_01,KH21,F,,PT,2019-2020,91.4
2016,A,0,C,MoEYS_Education Statistics & Indicators,A,N,N_KH_04010101_01,KH21,F,,PT,2019-2020,86.5
2017,A,0,C,MoEYS_Education Statistics & Indicators,A,N,N_KH_04010101_01,KH21,F,,PT,2019-2020,83.4
2018,A,0,C,MoEYS_Education Statistics & Indicators,A,N,N_KH_04010101_01,KH21,F,,PT,2019-2020,85.8
2019,A,0,C,MoEYS_Education Statistics & Indicators,A,N,N_KH_04010101_01,KH21,F,,PT,2019-2020,84.1
2009,A,0,C,MoEYS_Education Statistics & Indicators,A,N,N_KH_04010101_01,KH21,M,,PT,2019-2020,96.8
2010,A,0,C,MoEYS_Education Statistics & Indicators,A,N,N_KH_04010101_01,KH21,M,,PT,2019-2020,95.0
2011,A,0,C,MoEYS_Education Statistics & Indicators,A,N,N_KH_04010101_01,KH21,M,,PT,2019-2020,105.3
2012,A,0,C,MoEYS_Education Statistics & Indicators,A,N,N_KH_04010101_01,KH21,M,,PT,2019-2020,110.9
2013,A,0,C,MoEYS_Education Statistics & Indicators,A,N,N_KH_04010101_01,KH21,M,,PT,2019-2020,101.2
2014,A,0,C,MoEYS_Education Statistics & Indicators,A,N,N_KH_04010101_01,KH21,M,,PT,2019-2020,96.9
2015,A,0,C,MoEYS_Education Statistics & Indicators,A,N,N_KH_04010101_01,KH21,M,,PT,2019-2020,90.6
2016,A,0,C,MoEYS_Education Statistics & Indicators,A,N,N_KH_04010101_01,KH21,M,,PT,2019-2020,86.7
2017,A,0,C,MoEYS_Education Statistics & Indicators,A,N,N_KH_04010101_01,KH21,M,,PT,2019-2020,81.0
2018,A,0,C,MoEYS_Education Statistics & Indicators,A,N,N_KH_04010101_01,KH21,M,,PT,2019-2020,81.9
2019,A,0,C,MoEYS_Education Statistics & Indicators,A,N,N_KH_04010101_01,KH21,M,,PT,2019-2020,76.9
2009,A,0,C,MoEYS_Education Statistics & Indicators,A,N,N_KH_04010101_01,KH21,,,PT,2019-2020,95.8
2010,A,0,C,MoEYS_Education Statistics & Indicators,A,N,N_KH_04010101_01,KH21,,,PT,2019-2020,92.1
2011,A,0,C,MoEYS_Education Statistics & Indicators,A,N,N_KH_04010101_01,KH21,,,PT,2019-2020,103.2
2012,A,0,C,MoEYS_Education Statistics & Indicators,A,N,N_KH_04010101_01,KH21,,,PT,2019-2020,104.7
2013,A,0,C,MoEYS_Education Statistics & Indicators,A,N,N_KH_04010101_01,KH21,,,PT,2019-2020,100.3
2014,A,0,C,MoEYS_Education Statistics & Indicators,A,N,N_KH_04010101_01,KH21,,,PT,2019-2020,97.2
2015,A,0,C,MoEYS_Education Statistics & Indicators,A,N,N_KH_04010101_01,KH21,,,PT,2019-2020,91.0
2016,A,0,C,MoEYS_Education Statistics & Indicators,A,N,N_KH_04010101_01,KH21,,,PT,2019-2020,86.6
2017,A,0,C,MoEYS_Education Statistics & Indicators,A,N,N_KH_04010101_01,KH21,,,PT,2019-2020,82.2
2018,A,0,C,MoEYS_Education Statistics & Indicators,A,N,N_KH_04010101_01,KH21,,,PT,2019-2020,83.8
2019,A,0,C,MoEYS_Education Statistics & Indicators,A,N,N_KH_04010101_01,KH21,,,PT,2019-2020,80.4
2014,A,0,C,MoEYS_Education Statistics & Indicators,A,N,N_KH_04010101_01,KH25,F,,PT,2019-2020,88.6
2015,A,0,C,MoEYS_Education Statistics & Indicators,A,N,N_KH_04010101_01,KH25,F,,PT,2019-2020,87.6
2016,A,0,C,MoEYS_Education Statistics & Indicators,A,N,N_KH_04010101_01,KH25,F,,PT,2019-2020,90.4
2017,A,0,C,MoEYS_Education Statistics & Indicators,A,N,N_KH_04010101_01,KH25,F,,PT,2019-2020,86.3
2018,A,0,C,MoEYS_Education Statistics & Indicators,A,N,N_KH_04010101_01,KH25,F,,PT,2019-2020,91.0
2019,A,0,C,MoEYS_Education Statistics & Indicators,A,N,N_KH_04010101_01,KH25,F,,PT,2019-2020,90.2
2014,A,0,C,MoEYS_Education Statistics & Indicators,A,N,N_KH_04010101_01,KH25,M,,PT,2019-2020,82.5
2015,A,0,C,MoEYS_Education Statistics & Indicators,A,N,N_KH_04010101_01,KH25,M,,PT,2019-2020,78.8
2016,A,0,C,MoEYS_Education Statistics & Indicators,A,N,N_KH_04010101_01,KH25,M,,PT,2019-2020,80.2
2017,A,0,C,MoEYS_Education Statistics & Indicators,A,N,N_KH_04010101_01,KH25,M,,PT,2019-2020,80.0
2018,A,0,C,MoEYS_Education Statistics & Indicators,A,N,N_KH_04010101_01,KH25,M,,PT,2019-2020,78.8
2019,A,0,C,MoEYS_Education Statistics & Indicators,A,N,N_KH_04010101_01,KH25,M,,PT,2019-2020,81.2
2014,A,0,C,MoEYS_Education Statistics & Indicators,A,N,N_KH_04010101_01,KH25,,,PT,2019-2020,85.5
2015,A,0,C,MoEYS_Education Statistics & Indicators,A,N,N_KH_04010101_01,KH25,,,PT,2019-2020,83.1
2016,A,0,C,MoEYS_Education Statistics & Indicators,A,N,N_KH_04010101_01,KH25,,,PT,2019-2020,85.1
2017,A,0,C,MoEYS_Education Statistics & Indicators,A,N,N_KH_04010101_01,KH25,,,PT,2019-2020,83.1
2018,A,0,C,MoEYS_Education Statistics & Indicators,A,N,N_KH_04010101_01,KH25,,,PT,2019-2020,84.7
2019,A,0,C,MoEYS_Education Statistics & Indicators,A,N,N_KH_04010101_01,KH25,,,PT,2019-2020,85.5
