Year,OBS_STATUS,NATURE,COMMENT_OBS,UNIT_MULT,SOURCE_DETAIL,FREQ,REPORTING_TYPE,SERIES,REF_AREA,AGE,UNIT_MEASURE,Value
2005,A,_X,Neonatal mortality rate,0,"DHS, NISR",A,N,SH_DYN_NMRT,RW,M0,PER_1000_LIVE_BIRTHS,37
2008,A,_X,Neonatal mortality rate,0,"DHS, NISR",A,N,SH_DYN_NMRT,RW,M0,PER_1000_LIVE_BIRTHS,28
2010,A,_X,Neonatal mortality rate,0,"DHS, NISR",A,N,SH_DYN_NMRT,RW,M0,PER_1000_LIVE_BIRTHS,27
2015,A,_X,Neonatal mortality rate,0,"DHS, NISR",A,N,SH_DYN_NMRT,RW,M0,PER_1000_LIVE_BIRTHS,20
2020,A,_X,Neonatal mortality rate,0,"DHS, NISR",A,N,SH_DYN_NMRT,RW,M0,PER_1000_LIVE_BIRTHS,19
