Year,SERIES,REF_AREA,SEX,AGE,URBANISATION,EDUCATION_LEV,UNIT_MEASURE,UNIT_MULT,TIME_DETAIL,Value
2014,IT_USE_ii99,BI,F,_T,_T,_T,PT,0,2014,1.6
2017,IT_USE_ii99,BI,F,_T,_T,_T,PT,0,2017,1.5
2014,IT_USE_ii99,BI,M,_T,_T,_T,PT,0,2014,3.1
2017,IT_USE_ii99,BI,M,_T,_T,_T,PT,0,2017,3.9
2014,IT_USE_ii99,BI,_T,_T,_T,_T,PT,0,2014,2.3
2017,IT_USE_ii99,BI,_T,_T,_T,_T,PT,0,2017,2.7
2014,IT_USE_ii99,BI,_T,_T,U,_T,PT,0,2014,6.8
2017,IT_USE_ii99,BI,_T,_T,U,_T,PT,0,2017,14.8
2014,IT_USE_ii99,BI,_T,_T,R,_T,PT,0,2014,0.1
2017,IT_USE_ii99,BI,_T,_T,R,_T,PT,0,2017,1.3
2017,SP_LGL_LNDDOC,BI,F,_T,_T,_T,PT,0,2017,2.7
2017,SP_LGL_LNDDOC,BI,M,_T,_T,_T,PT,0,2017,7.5
2015,SP_LGL_LNDDOC,BI,M,_T,R,_T,PT,0,2015,3.6
2014,SP_LGL_LNDDOC,BI,_T,_T,_T,_T,PT,0,2014,5.4
2015,SP_LGL_LNDDOC,BI,_T,_T,U,_T,PT,0,2015,21.6
