Year,seriesdescription,area,sex,age,urbanisation,education-level,unit,scale,Value
2010,SH_DYN_NMRT,BI,F,_T,_T,_T,Nombre de décès pour 100000 naissances vivantes,1,32.0
2010,SH_DYN_NMRT,BI,M,_T,_T,_T,Nombre de décès pour 100000 naissances vivantes,1,42.0
2010,SH_DYN_NMRT,BI,_T,_T,_T,_T,Nombre de décès pour 100000 naissances vivantes,1,31.0
2010,SH_DYN_NMRT,BI,_T,_T,U,_T,Nombre de décès pour 100000 naissances vivantes,1,22.0
2010,SH_DYN_NMRT,BI,_T,_T,R,_T,Nombre de décès pour 100000 naissances vivantes,1,38.0
