Year,SERIES,REF_AREA,SEX,AGE,URBANISATION,EDUCATION_LEV,UNIT_MEASURE,UNIT_MULT,TIME_DETAIL,Value
2010,D29,BI,_T,_T,_T,_T,NUMBER,0,2010,40.0
2011,D29,BI,_T,_T,_T,_T,NUMBER,0,2011,48.0
2012,D29,BI,_T,_T,_T,_T,NUMBER,0,2012,55.0
2013,D29,BI,_T,_T,_T,_T,NUMBER,0,2013,64.0
2014,D29,BI,_T,_T,_T,_T,NUMBER,0,2014,68.0
2015,D29,BI,_T,_T,_T,_T,NUMBER,0,2015,80.0
2016,D29,BI,_T,_T,_T,_T,NUMBER,0,2016,83.9
2017,D29,BI,_T,_T,_T,_T,NUMBER,0,2017,97.0
2018,D29,BI,_T,_T,_T,_T,NUMBER,0,2018,97.0
2010,D30,BI,F,_T,_T,_T,NUMBER,0,2010,2.0
2011,D30,BI,F,_T,_T,_T,NUMBER,0,2011,208.0
2012,D30,BI,F,_T,_T,_T,NUMBER,0,2012,0.0
2013,D30,BI,F,_T,_T,_T,NUMBER,0,2013,51.0
2014,D30,BI,F,_T,_T,_T,NUMBER,0,2014,143.0
2015,D30,BI,F,_T,_T,_T,NUMBER,0,2015,134.0
2016,D30,BI,F,_T,_T,_T,NUMBER,0,2016,114.0
2017,D30,BI,F,_T,_T,_T,NUMBER,0,2017,100.0
2018,D30,BI,F,_T,_T,_T,NUMBER,0,2018,63.0
2010,D30,BI,M,_T,_T,_T,NUMBER,0,2010,3.0
2011,D30,BI,M,_T,_T,_T,NUMBER,0,2011,232.0
2012,D30,BI,M,_T,_T,_T,NUMBER,0,2012,0.0
2013,D30,BI,M,_T,_T,_T,NUMBER,0,2013,80.0
2014,D30,BI,M,_T,_T,_T,NUMBER,0,2014,127.0
2015,D30,BI,M,_T,_T,_T,NUMBER,0,2015,128.0
2016,D30,BI,M,_T,_T,_T,NUMBER,0,2016,120.0
2017,D30,BI,M,_T,_T,_T,NUMBER,0,2017,127.0
2018,D30,BI,M,_T,_T,_T,NUMBER,0,2018,79.0
2010,D30,BI,_T,_T,_T,_T,NUMBER,0,2010,5.0
2011,D30,BI,_T,_T,_T,_T,NUMBER,0,2011,440.0
2012,D30,BI,_T,_T,_T,_T,NUMBER,0,2012,0.0
2013,D30,BI,_T,_T,_T,_T,NUMBER,0,2013,131.0
2014,D30,BI,_T,_T,_T,_T,NUMBER,0,2014,270.0
2015,D30,BI,_T,_T,_T,_T,NUMBER,0,2015,262.0
2016,D30,BI,_T,_T,_T,_T,NUMBER,0,2016,234.0
2017,D30,BI,_T,_T,_T,_T,NUMBER,0,2017,227.0
2018,D30,BI,_T,_T,_T,_T,NUMBER,0,2018,142.0
2011,D31,BI,F,Y1T14,_T,_T,NUMBER,0,2011,92970.0
2012,D31,BI,F,Y1T14,_T,_T,NUMBER,0,2012,117386.0
2013,D31,BI,F,Y1T14,_T,_T,NUMBER,0,2013,161895.0
2014,D31,BI,F,Y1T14,_T,_T,NUMBER,0,2014,172284.0
2015,D31,BI,F,Y1T14,_T,_T,NUMBER,0,2015,176233.0
2016,D31,BI,F,Y1T14,_T,_T,NUMBER,0,2016,266949.0
2017,D31,BI,F,Y1T14,_T,_T,NUMBER,0,2017,166313.0
2018,D31,BI,F,Y1T14,_T,_T,NUMBER,0,2018,59836.0
2011,D31,BI,M,Y1T14,_T,_T,NUMBER,0,2011,78049.0
2012,D31,BI,M,Y1T14,_T,_T,NUMBER,0,2012,98650.0
2013,D31,BI,M,Y1T14,_T,_T,NUMBER,0,2013,132384.0
2014,D31,BI,M,Y1T14,_T,_T,NUMBER,0,2014,134643.0
2015,D31,BI,M,Y1T14,_T,_T,NUMBER,0,2015,136970.0
2016,D31,BI,M,Y1T14,_T,_T,NUMBER,0,2016,147695.0
2017,D31,BI,M,Y1T14,_T,_T,NUMBER,0,2017,133107.0
2018,D31,BI,M,Y1T14,_T,_T,NUMBER,0,2018,53665.0
2011,D31,BI,_T,Y1T14,_T,_T,NUMBER,0,2011,171019.0
2012,D31,BI,_T,Y1T14,_T,_T,NUMBER,0,2012,216036.0
2013,D31,BI,_T,Y1T14,_T,_T,NUMBER,0,2013,294279.0
2014,D31,BI,_T,Y1T14,_T,_T,NUMBER,0,2014,306927.0
2015,D31,BI,_T,Y1T14,_T,_T,NUMBER,0,2015,313203.0
2016,D31,BI,_T,Y1T14,_T,_T,NUMBER,0,2016,414644.0
2017,D31,BI,_T,Y1T14,_T,_T,NUMBER,0,2017,299420.0
2018,D31,BI,_T,Y1T14,_T,_T,NUMBER,0,2018,11520.0
2011,D32,BI,F,Y_GE15,_T,_T,NUMBER,0,2011,54556.0
2012,D32,BI,F,Y_GE15,_T,_T,NUMBER,0,2012,40095.0
2013,D32,BI,F,Y_GE15,_T,_T,NUMBER,0,2013,54556.0
2014,D32,BI,F,Y_GE15,_T,_T,NUMBER,0,2014,69049.0
2015,D32,BI,F,Y_GE15,_T,_T,NUMBER,0,2015,73908.0
2016,D32,BI,F,Y_GE15,_T,_T,NUMBER,0,2016,150783.0
2017,D32,BI,F,Y_GE15,_T,_T,NUMBER,0,2017,74540.0
2018,D32,BI,F,Y_GE15,_T,_T,NUMBER,0,2018,74540.0
2011,D32,BI,M,Y_GE15,_T,_T,NUMBER,0,2011,35923.0
2012,D32,BI,M,Y_GE15,_T,_T,NUMBER,0,2012,27220.0
2013,D32,BI,M,Y_GE15,_T,_T,NUMBER,0,2013,35923.0
2014,D32,BI,M,Y_GE15,_T,_T,NUMBER,0,2014,42391.0
2015,D32,BI,M,Y_GE15,_T,_T,NUMBER,0,2015,46616.0
2016,D32,BI,M,Y_GE15,_T,_T,NUMBER,0,2016,49205.0
2017,D32,BI,M,Y_GE15,_T,_T,NUMBER,0,2017,53576.0
2018,D32,BI,M,Y_GE15,_T,_T,NUMBER,0,2018,53576.0
2011,D32,BI,_T,Y_GE15,_T,_T,NUMBER,0,2011,90479.0
2012,D32,BI,_T,Y_GE15,_T,_T,NUMBER,0,2012,67315.0
2013,D32,BI,_T,Y_GE15,_T,_T,NUMBER,0,2013,90479.0
2014,D32,BI,_T,Y_GE15,_T,_T,NUMBER,0,2014,111440.0
2015,D32,BI,_T,Y_GE15,_T,_T,NUMBER,0,2015,120524.0
2016,D32,BI,_T,Y_GE15,_T,_T,NUMBER,0,2016,199988.0
2017,D32,BI,_T,Y_GE15,_T,_T,NUMBER,0,2017,128116.0
2018,D32,BI,_T,Y_GE15,_T,_T,NUMBER,0,2018,128116.0
2010,D34,BI,F,_T,_T,_T,NUMBER,0,2010,19.0
2011,D34,BI,F,_T,_T,_T,NUMBER,0,2011,5.0
2012,D34,BI,F,_T,_T,_T,NUMBER,0,2012,17.0
2013,D34,BI,F,_T,_T,_T,NUMBER,0,2013,9.0
2014,D34,BI,F,_T,_T,_T,NUMBER,0,2014,23.0
2010,D34,BI,M,_T,_T,_T,NUMBER,0,2010,7.0
2011,D34,BI,M,_T,_T,_T,NUMBER,0,2011,4.0
2012,D34,BI,M,_T,_T,_T,NUMBER,0,2012,7.0
2013,D34,BI,M,_T,_T,_T,NUMBER,0,2013,3.0
2014,D34,BI,M,_T,_T,_T,NUMBER,0,2014,23.0
2010,D34,BI,_T,_T,_T,_T,NUMBER,0,2010,26.0
2011,D34,BI,_T,_T,_T,_T,NUMBER,0,2011,9.0
2012,D34,BI,_T,_T,_T,_T,NUMBER,0,2012,24.0
2013,D34,BI,_T,_T,_T,_T,NUMBER,0,2013,12.0
2014,D34,BI,_T,_T,_T,_T,NUMBER,0,2014,46.0
2018,D34,BI,_T,_T,_T,_T,NUMBER,0,2018,58.0
