Year,seriesdescription,area,sex,age,urbanisation,education-level,unit,TIME_DETAIL,Value
2010,D52,BI,F,_T,_T,ISCED11_1,Percent,2010,48.0
2011,D52,BI,F,_T,_T,ISCED11_1,Percent,2011,53.1
2012,D52,BI,F,_T,_T,ISCED11_1,Percent,2012,60.7
2013,D52,BI,F,_T,_T,ISCED11_1,Percent,2013,75.3
2014,D52,BI,F,_T,_T,ISCED11_1,Percent,2014,68.9
2015,D52,BI,F,_T,_T,ISCED11_1,Percent,2015,64.3
2016,D52,BI,F,_T,_T,ISCED11_1,Percent,2016,67.0
2017,D52,BI,F,_T,_T,ISCED11_1,Percent,2017,67.0
2010,D52,BI,F,_T,_T,ISCED11_2,Percent,2010,12.5
2011,D52,BI,F,_T,_T,ISCED11_2,Percent,2011,13.7
2012,D52,BI,F,_T,_T,ISCED11_2,Percent,2012,14.3
2013,D52,BI,F,_T,_T,ISCED11_2,Percent,2013,18.3
2014,D52,BI,F,_T,_T,ISCED11_2,Percent,2014,20.8
2015,D52,BI,F,_T,_T,ISCED11_2,Percent,2015,20.9
2016,D52,BI,F,_T,_T,ISCED11_2,Percent,2016,34.0
2017,D52,BI,F,_T,_T,ISCED11_2,Percent,2017,40.9
2010,D52,BI,F,_T,_T,ISCED11_3,Percent,2010,3.7
2011,D52,BI,F,_T,_T,ISCED11_3,Percent,2011,5.1
2012,D52,BI,F,_T,_T,ISCED11_3,Percent,2012,4.4
2013,D52,BI,F,_T,_T,ISCED11_3,Percent,2013,6.0
2014,D52,BI,F,_T,_T,ISCED11_3,Percent,2014,7.5
2015,D52,BI,F,_T,_T,ISCED11_3,Percent,2015,12.9
2016,D52,BI,F,_T,_T,ISCED11_3,Percent,2016,15.2
2017,D52,BI,F,_T,_T,ISCED11_3,Percent,2017,13.3
2010,D52,BI,M,_T,_T,ISCED11_1,Percent,2010,48.8
2011,D52,BI,M,_T,_T,ISCED11_1,Percent,2011,51.7
2012,D52,BI,M,_T,_T,ISCED11_1,Percent,2012,56.5
2013,D52,BI,M,_T,_T,ISCED11_1,Percent,2013,56.4
2014,D52,BI,M,_T,_T,ISCED11_1,Percent,2014,59.1
2015,D52,BI,M,_T,_T,ISCED11_1,Percent,2015,54.4
2016,D52,BI,M,_T,_T,ISCED11_1,Percent,2016,58.4
2017,D52,BI,M,_T,_T,ISCED11_1,Percent,2017,57.2
2010,D52,BI,M,_T,_T,ISCED11_2,Percent,2010,18.9
2011,D52,BI,M,_T,_T,ISCED11_2,Percent,2011,20.0
2012,D52,BI,M,_T,_T,ISCED11_2,Percent,2012,20.9
2013,D52,BI,M,_T,_T,ISCED11_2,Percent,2013,24.1
2014,D52,BI,M,_T,_T,ISCED11_2,Percent,2014,26.4
2015,D52,BI,M,_T,_T,ISCED11_2,Percent,2015,33.4
2016,D52,BI,M,_T,_T,ISCED11_2,Percent,2016,35.6
2017,D52,BI,M,_T,_T,ISCED11_2,Percent,2017,35.8
2010,D52,BI,M,_T,_T,ISCED11_3,Percent,2010,7.1
2011,D52,BI,M,_T,_T,ISCED11_3,Percent,2011,9.0
2012,D52,BI,M,_T,_T,ISCED11_3,Percent,2012,9.1
2013,D52,BI,M,_T,_T,ISCED11_3,Percent,2013,11.2
2014,D52,BI,M,_T,_T,ISCED11_3,Percent,2014,11.3
2015,D52,BI,M,_T,_T,ISCED11_3,Percent,2015,19.3
2016,D52,BI,M,_T,_T,ISCED11_3,Percent,2016,21.1
2017,D52,BI,M,_T,_T,ISCED11_3,Percent,2017,17.7
2010,D52,BI,_T,_T,_T,ISCED11_1,Percent,2010,48.4
2011,D52,BI,_T,_T,_T,ISCED11_1,Percent,2011,52.4
2012,D52,BI,_T,_T,_T,ISCED11_1,Percent,2012,58.6
2013,D52,BI,_T,_T,_T,ISCED11_1,Percent,2013,65.7
2014,D52,BI,_T,_T,_T,ISCED11_1,Percent,2014,64.0
2015,D52,BI,_T,_T,_T,ISCED11_1,Percent,2015,59.3
2016,D52,BI,_T,_T,_T,ISCED11_1,Percent,2016,61.7
2017,D52,BI,_T,_T,_T,ISCED11_1,Percent,2017,62.0
2010,D52,BI,_T,_T,_T,ISCED11_2,Percent,2010,15.6
2011,D52,BI,_T,_T,_T,ISCED11_2,Percent,2011,16.8
2012,D52,BI,_T,_T,_T,ISCED11_2,Percent,2012,17.5
2013,D52,BI,_T,_T,_T,ISCED11_2,Percent,2013,21.1
2014,D52,BI,_T,_T,_T,ISCED11_2,Percent,2014,23.6
2015,D52,BI,_T,_T,_T,ISCED11_2,Percent,2015,31.1
2016,D52,BI,_T,_T,_T,ISCED11_2,Percent,2016,34.8
2017,D52,BI,_T,_T,_T,ISCED11_2,Percent,2017,38.4
2010,D52,BI,_T,_T,_T,ISCED11_3,Percent,2010,5.4
2011,D52,BI,_T,_T,_T,ISCED11_3,Percent,2011,5.7
2012,D52,BI,_T,_T,_T,ISCED11_3,Percent,2012,6.8
2013,D52,BI,_T,_T,_T,ISCED11_3,Percent,2013,8.7
2014,D52,BI,_T,_T,_T,ISCED11_3,Percent,2014,10.5
2015,D52,BI,_T,_T,_T,ISCED11_3,Percent,2015,16.2
2016,D52,BI,_T,_T,_T,ISCED11_3,Percent,2016,18.2
2017,D52,BI,_T,_T,_T,ISCED11_3,Percent,2017,15.5
