Year,SERIES,REF_AREA,SEX,AGE,URBANISATION,EDUCATION_LEV,UNIT_MEASURE,UNIT_MULT,TIME_DETAIL,Value
2010,AG_LND_FRSTCHG,BI,_T,_T,_T,_T,NUMBER,0,2010,6.0
2011,AG_LND_FRSTCHG,BI,_T,_T,_T,_T,NUMBER,0,2011,6.0
2012,AG_LND_FRSTCHG,BI,_T,_T,_T,_T,NUMBER,0,2012,6.0
2013,AG_LND_FRSTCHG,BI,_T,_T,_T,_T,NUMBER,0,2013,6.0
2014,AG_LND_FRSTCHG,BI,_T,_T,_T,_T,NUMBER,0,2014,6.0
2015,AG_LND_FRSTCHG,BI,_T,_T,_T,_T,NUMBER,0,2015,6.0
2016,AG_LND_FRSTCHG,BI,_T,_T,_T,_T,NUMBER,0,2016,6.0
2017,AG_LND_FRSTCHG,BI,_T,_T,_T,_T,NUMBER,0,2017,6.0
