Year,seriesdescription,area,sex,age,urbanisation,education-level,unit,TIME_DETAIL,Value
2013,VC_PRS_UNSEC,BI,_T,_T,_T,_T,Percent,2013,51.59
2014,VC_PRS_UNSEC,BI,_T,_T,_T,_T,Percent,2014,52.28
2015,VC_PRS_UNSEC,BI,_T,_T,_T,_T,Percent,2015,54.52
2016,VC_PRS_UNSEC,BI,_T,_T,_T,_T,Percent,2016,50.74
2013,D176,BI,_T,_T,_T,_T,Percent,2013,51.59
2014,D176,BI,_T,_T,_T,_T,Percent,2014,52.28
2015,D176,BI,_T,_T,_T,_T,Percent,2015,54.52
2016,D176,BI,_T,_T,_T,_T,Percent,2016,50.74
2017,D176,BI,_T,_T,_T,_T,Percent,2017,51.46
