Year,seriesdescription,area,sex,age,urbanisation,education-level,unit,TIME_DETAIL,Value
2010,SG_REG_CENSUS,BI,_T,_T,_T,_T,,2010,2008.0
2011,SG_REG_CENSUS,BI,_T,_T,_T,_T,,2011,2008.0
2012,SG_REG_CENSUS,BI,_T,_T,_T,_T,,2012,2008.0
2013,SG_REG_CENSUS,BI,_T,_T,_T,_T,,2013,2008.0
2014,SG_REG_CENSUS,BI,_T,_T,_T,_T,,2014,2008.0
2015,SG_REG_CENSUS,BI,_T,_T,_T,_T,,2015,2008.0
2016,SG_REG_CENSUS,BI,_T,_T,_T,_T,,2016,2008.0
2010,SG_REG_BRTH90,BI,F,_T,_T,_T,Percent,2010,74.9
2010,SG_REG_BRTH90,BI,M,_T,_T,_T,Percent,2010,75.4
2010,SG_REG_BRTH90,BI,_T,_T,_T,_T,Percent,2010,75.2
2014,SG_REG_BRTH90,BI,_T,_T,_T,_T,Percent,2014,76.0
2010,SG_REG_BRTH90,BI,_T,_T,U,_T,Percent,2010,86.6
2010,SG_REG_BRTH90,BI,_T,_T,R,_T,Percent,2010,74.1
