Year,SERIES,REF_AREA,SEX,AGE,URBANISATION,EDUCATION_LEV,UNIT_MEASURE,UNIT_MULT,TIME_DETAIL,Value
2010,SH_TBS_INCID,BI,_T,_T,_T,_T,,0,2010,54.0
2011,SH_TBS_INCID,BI,_T,_T,_T,_T,,0,2011,47.0
2012,SH_TBS_INCID,BI,_T,_T,_T,_T,,0,2012,46.0
2013,SH_TBS_INCID,BI,_T,_T,_T,_T,,0,2013,50.0
2014,SH_TBS_INCID,BI,_T,_T,_T,_T,,0,2014,46.0
2015,SH_TBS_INCID,BI,_T,_T,_T,_T,,0,2015,41.0
2016,SH_TBS_INCID,BI,_T,_T,_T,_T,,0,2016,45.0
2017,SH_TBS_INCID,BI,_T,_T,_T,_T,,0,2017,44.0
2018,SH_TBS_INCID,BI,_T,_T,_T,_T,,0,2018,40.0
