Year,SERIES,REF_AREA,SEX,AGE,URBANISATION,EDUCATION_LEV,UNIT_MEASURE,UNIT_MULT,TIME_DETAIL,Value
2012,SH_SAN_DEFECT,BI,_T,_T,_T,_T,PT,0,2012,16.0
2014,SH_SAN_DEFECT,BI,_T,_T,_T,_T,PT,0,2014,16.0
2017,SH_SAN_DEFECT,BI,_T,_T,_T,_T,PT,0,2017,43.8
2010,SH_SAN_DEFECT,BI,_T,_T,U,_T,PT,0,2010,34.0
2012,SH_SAN_DEFECT,BI,_T,_T,U,_T,PT,0,2012,33.0
2014,SH_SAN_DEFECT,BI,_T,_T,U,_T,PT,0,2014,27.0
2010,SH_SAN_DEFECT,BI,_T,_T,R,_T,PT,0,2010,35.0
2012,SH_SAN_DEFECT,BI,_T,_T,R,_T,PT,0,2012,14.0
2014,SH_SAN_DEFECT,BI,_T,_T,R,_T,PT,0,2014,15.0
