Year,OBS_STATUS,UNIT_MULT,NATURE,SOURCE_DETAIL,FREQ,REPORTING_TYPE,SERIES,REF_AREA,UNIT_MEASURE,TIME_DETAIL,Value
2015,តម្លៃធម្មតា,ឯកតា,ទិន្នន័យប្រទេស,MoE MEF (customs) MIH MoC MoH MoI MPWT,ប្រចាំឆ្នាំ,ជាតិ,១២.៤.៣ ភាគរយនៃការ គ្រប់គ្រងសំណល់គ្រោះថ្នាក់ សំណល់ជីវសាស្រ្ត និងវិទ្យុសកម្ម,ប្រទេសកម្ពុជា,ភាគរយ,2020,0
2016,តម្លៃធម្មតា,ឯកតា,ទិន្នន័យប្រទេស,MoE MEF (customs) MIH MoC MoH MoI MPWT,ប្រចាំឆ្នាំ,ជាតិ,១២.៤.៣ ភាគរយនៃការ គ្រប់គ្រងសំណល់គ្រោះថ្នាក់ សំណល់ជីវសាស្រ្ត និងវិទ្យុសកម្ម,ប្រទេសកម្ពុជា,ភាគរយ,2020,0
2017,តម្លៃធម្មតា,ឯកតា,ទិន្នន័យប្រទេស,MoE MEF (customs) MIH MoC MoH MoI MPWT,ប្រចាំឆ្នាំ,ជាតិ,១២.៤.៣ ភាគរយនៃការ គ្រប់គ្រងសំណល់គ្រោះថ្នាក់ សំណល់ជីវសាស្រ្ត និងវិទ្យុសកម្ម,ប្រទេសកម្ពុជា,ភាគរយ,2020,0
2018,តម្លៃធម្មតា,ឯកតា,ទិន្នន័យប្រទេស,MoE MEF (customs) MIH MoC MoH MoI MPWT,ប្រចាំឆ្នាំ,ជាតិ,១២.៤.៣ ភាគរយនៃការ គ្រប់គ្រងសំណល់គ្រោះថ្នាក់ សំណល់ជីវសាស្រ្ត និងវិទ្យុសកម្ម,ប្រទេសកម្ពុជា,ភាគរយ,2020,3
2019,តម្លៃធម្មតា,ឯកតា,ទិន្នន័យប្រទេស,MoE MEF (customs) MIH MoC MoH MoI MPWT,ប្រចាំឆ្នាំ,ជាតិ,១២.៤.៣ ភាគរយនៃការ គ្រប់គ្រងសំណល់គ្រោះថ្នាក់ សំណល់ជីវសាស្រ្ត និងវិទ្យុសកម្ម,ប្រទេសកម្ពុជា,ភាគរយ,2020,3
2020,តម្លៃធម្មតា,ឯកតា,ទិន្នន័យប្រទេស,MoE MEF (customs) MIH MoC MoH MoI MPWT,ប្រចាំឆ្នាំ,ជាតិ,១២.៤.៣ ភាគរយនៃការ គ្រប់គ្រងសំណល់គ្រោះថ្នាក់ សំណល់ជីវសាស្រ្ត និងវិទ្យុសកម្ម,ប្រទេសកម្ពុជា,ភាគរយ,2020,5
