Year,OBS_STATUS,UNIT_MULT,NATURE,SOURCE_DETAIL,FREQ,REPORTING_TYPE,SERIES,REF_AREA,UNIT_MEASURE,TIME_DETAIL,Value
2016,តម្លៃធម្មតា,ឯកតា,ទិន្នន័យប្រទេស,MoE,ប្រចាំឆ្នាំ,ជាតិ,១៣.៣.២ ភាគរយនៃគ្រួសារកសិករដាំដុះដំណាំចិញ្ចឹមសត្វចិញ្ចឹមត្រីអ្នកនេសាទនិងប្រជាសហគមន៍មូលដ្ឋានដែលទទួលការផ្សព្វផ្សាយនិងបណ្តុះបណ្តាលទាក់ទងនឹងការប្រែប្រួលអាកាសធាតុ,ប្រទេសកម្ពុជា,ភាគរយ,2020,0.06
2017,តម្លៃធម្មតា,ឯកតា,ទិន្នន័យប្រទេស,MoE,ប្រចាំឆ្នាំ,ជាតិ,១៣.៣.២ ភាគរយនៃគ្រួសារកសិករដាំដុះដំណាំចិញ្ចឹមសត្វចិញ្ចឹមត្រីអ្នកនេសាទនិងប្រជាសហគមន៍មូលដ្ឋានដែលទទួលការផ្សព្វផ្សាយនិងបណ្តុះបណ្តាលទាក់ទងនឹងការប្រែប្រួលអាកាសធាតុ,ប្រទេសកម្ពុជា,ភាគរយ,2020,0.12
2018,តម្លៃធម្មតា,ឯកតា,ទិន្នន័យប្រទេស,MoE,ប្រចាំឆ្នាំ,ជាតិ,១៣.៣.២ ភាគរយនៃគ្រួសារកសិករដាំដុះដំណាំចិញ្ចឹមសត្វចិញ្ចឹមត្រីអ្នកនេសាទនិងប្រជាសហគមន៍មូលដ្ឋានដែលទទួលការផ្សព្វផ្សាយនិងបណ្តុះបណ្តាលទាក់ទងនឹងការប្រែប្រួលអាកាសធាតុ,ប្រទេសកម្ពុជា,ភាគរយ,2020,0.18
2019,តម្លៃធម្មតា,ឯកតា,ទិន្នន័យប្រទេស,MoE,ប្រចាំឆ្នាំ,ជាតិ,១៣.៣.២ ភាគរយនៃគ្រួសារកសិករដាំដុះដំណាំចិញ្ចឹមសត្វចិញ្ចឹមត្រីអ្នកនេសាទនិងប្រជាសហគមន៍មូលដ្ឋានដែលទទួលការផ្សព្វផ្សាយនិងបណ្តុះបណ្តាលទាក់ទងនឹងការប្រែប្រួលអាកាសធាតុ,ប្រទេសកម្ពុជា,ភាគរយ,2020,0.24
2020,តម្លៃធម្មតា,ឯកតា,ទិន្នន័យប្រទេស,MoE,ប្រចាំឆ្នាំ,ជាតិ,១៣.៣.២ ភាគរយនៃគ្រួសារកសិករដាំដុះដំណាំចិញ្ចឹមសត្វចិញ្ចឹមត្រីអ្នកនេសាទនិងប្រជាសហគមន៍មូលដ្ឋានដែលទទួលការផ្សព្វផ្សាយនិងបណ្តុះបណ្តាលទាក់ទងនឹងការប្រែប្រួលអាកាសធាតុ,ប្រទេសកម្ពុជា,ភាគរយ,2020,0.3
