Year,OBS_STATUS,UNIT_MULT,NATURE,SOURCE_DETAIL,FREQ,REPORTING_TYPE,SERIES,REF_AREA,UNIT_MEASURE,TIME_DETAIL,Value
2016,តម្លៃធម្មតា,ឯកតា,ទិន្នន័យប្រទេស,MAFF,ប្រចាំឆ្នាំ,ជាតិ,១៤.៥.១ ភាគរយនៃទំហំតំបន់អភិរក្សជលផលទាំងតំបន់ឆ្នេរ និងទឹកសាប ដែលបានការពារ,ប្រទេសកម្ពុជា,ភាគរយ,2020,20
2017,តម្លៃធម្មតា,ឯកតា,ទិន្នន័យប្រទេស,MAFF,ប្រចាំឆ្នាំ,ជាតិ,១៤.៥.១ ភាគរយនៃទំហំតំបន់អភិរក្សជលផលទាំងតំបន់ឆ្នេរ និងទឹកសាប ដែលបានការពារ,ប្រទេសកម្ពុជា,ភាគរយ,2020,25
2018,តម្លៃធម្មតា,ឯកតា,ទិន្នន័យប្រទេស,MAFF,ប្រចាំឆ្នាំ,ជាតិ,១៤.៥.១ ភាគរយនៃទំហំតំបន់អភិរក្សជលផលទាំងតំបន់ឆ្នេរ និងទឹកសាប ដែលបានការពារ,ប្រទេសកម្ពុជា,ភាគរយ,2020,30
2019,តម្លៃធម្មតា,ឯកតា,ទិន្នន័យប្រទេស,MAFF,ប្រចាំឆ្នាំ,ជាតិ,១៤.៥.១ ភាគរយនៃទំហំតំបន់អភិរក្សជលផលទាំងតំបន់ឆ្នេរ និងទឹកសាប ដែលបានការពារ,ប្រទេសកម្ពុជា,ភាគរយ,2020,35
2020,តម្លៃធម្មតា,ឯកតា,ទិន្នន័យប្រទេស,MAFF,ប្រចាំឆ្នាំ,ជាតិ,១៤.៥.១ ភាគរយនៃទំហំតំបន់អភិរក្សជលផលទាំងតំបន់ឆ្នេរ និងទឹកសាប ដែលបានការពារ,ប្រទេសកម្ពុជា,ភាគរយ,2020,40
