Year,OBS_STATUS,UNIT_MULT,NATURE,SOURCE_DETAIL,FREQ,REPORTING_TYPE,SERIES,REF_AREA,UNIT_MEASURE,TIME_DETAIL,Value
2016,តម្លៃធម្មតា,ឯកតា,ទិន្នន័យប្រទេស,MAFF,ប្រចាំឆ្នាំ,ជាតិ,១៤.៧.១ ភាគរយនៃតម្លៃរបស់ផលិតផលជលផលនិងវារីវប្បកម្មសមុទ្រធៀបនឹង ផ.ស.ស.,ប្រទេសកម្ពុជា,ភាគរយ,2020,7.5
2017,តម្លៃធម្មតា,ឯកតា,ទិន្នន័យប្រទេស,MAFF,ប្រចាំឆ្នាំ,ជាតិ,១៤.៧.១ ភាគរយនៃតម្លៃរបស់ផលិតផលជលផលនិងវារីវប្បកម្មសមុទ្រធៀបនឹង ផ.ស.ស.,ប្រទេសកម្ពុជា,ភាគរយ,2020,7.6
2018,តម្លៃធម្មតា,ឯកតា,ទិន្នន័យប្រទេស,MAFF,ប្រចាំឆ្នាំ,ជាតិ,១៤.៧.១ ភាគរយនៃតម្លៃរបស់ផលិតផលជលផលនិងវារីវប្បកម្មសមុទ្រធៀបនឹង ផ.ស.ស.,ប្រទេសកម្ពុជា,ភាគរយ,2020,7.7
2019,តម្លៃធម្មតា,ឯកតា,ទិន្នន័យប្រទេស,MAFF,ប្រចាំឆ្នាំ,ជាតិ,១៤.៧.១ ភាគរយនៃតម្លៃរបស់ផលិតផលជលផលនិងវារីវប្បកម្មសមុទ្រធៀបនឹង ផ.ស.ស.,ប្រទេសកម្ពុជា,ភាគរយ,2020,7.8
2020,តម្លៃធម្មតា,ឯកតា,ទិន្នន័យប្រទេស,MAFF,ប្រចាំឆ្នាំ,ជាតិ,១៤.៧.១ ភាគរយនៃតម្លៃរបស់ផលិតផលជលផលនិងវារីវប្បកម្មសមុទ្រធៀបនឹង ផ.ស.ស.,ប្រទេសកម្ពុជា,ភាគរយ,2020,7.9
