Year,OBS_STATUS,UNIT_MULT,NATURE,SOURCE_DETAIL,FREQ,REPORTING_TYPE,SERIES,REF_AREA,UNIT_MEASURE,TIME_DETAIL,Value
2015,តម្លៃធម្មតា,ឯកតា,ទិន្នន័យប្រទេស,MONASRI,ប្រចាំឆ្នាំ,ជាតិ,១៦.៣.១ សមាមាត្រនៃប្រជាជនដែលបានចូលរួមក្នុងការផ្សព្វផ្សាយច្បាប់,ប្រទេសកម្ពុជា,ក្នុងមួយប្រជាជន ១០០.០០០ នាក់,2020,1.48
2016,តម្លៃធម្មតា,ឯកតា,ទិន្នន័យប្រទេស,MONASRI,ប្រចាំឆ្នាំ,ជាតិ,១៦.៣.១ សមាមាត្រនៃប្រជាជនដែលបានចូលរួមក្នុងការផ្សព្វផ្សាយច្បាប់,ប្រទេសកម្ពុជា,ក្នុងមួយប្រជាជន ១០០.០០០ នាក់,2020,3.71
2017,តម្លៃធម្មតា,ឯកតា,ទិន្នន័យប្រទេស,MONASRI,ប្រចាំឆ្នាំ,ជាតិ,១៦.៣.១ សមាមាត្រនៃប្រជាជនដែលបានចូលរួមក្នុងការផ្សព្វផ្សាយច្បាប់,ប្រទេសកម្ពុជា,ក្នុងមួយប្រជាជន ១០០.០០០ នាក់,2020,3.74
2018,តម្លៃធម្មតា,ឯកតា,ទិន្នន័យប្រទេស,MONASRI,ប្រចាំឆ្នាំ,ជាតិ,១៦.៣.១ សមាមាត្រនៃប្រជាជនដែលបានចូលរួមក្នុងការផ្សព្វផ្សាយច្បាប់,ប្រទេសកម្ពុជា,ក្នុងមួយប្រជាជន ១០០.០០០ នាក់,2020,3.77
2019,តម្លៃធម្មតា,ឯកតា,ទិន្នន័យប្រទេស,MONASRI,ប្រចាំឆ្នាំ,ជាតិ,១៦.៣.១ សមាមាត្រនៃប្រជាជនដែលបានចូលរួមក្នុងការផ្សព្វផ្សាយច្បាប់,ប្រទេសកម្ពុជា,ក្នុងមួយប្រជាជន ១០០.០០០ នាក់,2020,3.82
2020,តម្លៃធម្មតា,ឯកតា,ទិន្នន័យប្រទេស,MONASRI,ប្រចាំឆ្នាំ,ជាតិ,១៦.៣.១ សមាមាត្រនៃប្រជាជនដែលបានចូលរួមក្នុងការផ្សព្វផ្សាយច្បាប់,ប្រទេសកម្ពុជា,ក្នុងមួយប្រជាជន ១០០.០០០ នាក់,2020,3.82
