Year,OBS_STATUS,UNIT_MULT,NATURE,SOURCE_DETAIL,FREQ,REPORTING_TYPE,SERIES,REF_AREA,UNIT_MEASURE,TIME_DETAIL,Value
2015,តម្លៃធម្មតា,ឯកតា,ទិន្នន័យប្រទេស,CRDB/CDC,ប្រចាំឆ្នាំ,ជាតិ,១៧.៩.២ ទំហំហិរញ្ញប្បទានសហប្រតិបត្តិការ ដែលគាំទ្រគោលនយោបាយសេដ្ខកិច្ចនិងការអភិវឌ្ឍដែលបានប្តេជ្ញាផ្តល់ឲ្យកម្ពុជាធៀបនឹង ផ.ស.ស,ប្រទេសកម្ពុជា,ភាគរយ,2020,0.03
2016,តម្លៃធម្មតា,ឯកតា,ទិន្នន័យប្រទេស,CRDB/CDC,ប្រចាំឆ្នាំ,ជាតិ,១៧.៩.២ ទំហំហិរញ្ញប្បទានសហប្រតិបត្តិការ ដែលគាំទ្រគោលនយោបាយសេដ្ខកិច្ចនិងការអភិវឌ្ឍដែលបានប្តេជ្ញាផ្តល់ឲ្យកម្ពុជាធៀបនឹង ផ.ស.ស,ប្រទេសកម្ពុជា,ភាគរយ,2020,0.03
2017,តម្លៃធម្មតា,ឯកតា,ទិន្នន័យប្រទេស,CRDB/CDC,ប្រចាំឆ្នាំ,ជាតិ,១៧.៩.២ ទំហំហិរញ្ញប្បទានសហប្រតិបត្តិការ ដែលគាំទ្រគោលនយោបាយសេដ្ខកិច្ចនិងការអភិវឌ្ឍដែលបានប្តេជ្ញាផ្តល់ឲ្យកម្ពុជាធៀបនឹង ផ.ស.ស,ប្រទេសកម្ពុជា,ភាគរយ,2020,0.02
2018,តម្លៃធម្មតា,ឯកតា,ទិន្នន័យប្រទេស,CRDB/CDC,ប្រចាំឆ្នាំ,ជាតិ,១៧.៩.២ ទំហំហិរញ្ញប្បទានសហប្រតិបត្តិការ ដែលគាំទ្រគោលនយោបាយសេដ្ខកិច្ចនិងការអភិវឌ្ឍដែលបានប្តេជ្ញាផ្តល់ឲ្យកម្ពុជាធៀបនឹង ផ.ស.ស,ប្រទេសកម្ពុជា,ភាគរយ,2020,0.02
2019,តម្លៃធម្មតា,ឯកតា,ទិន្នន័យប្រទេស,CRDB/CDC,ប្រចាំឆ្នាំ,ជាតិ,១៧.៩.២ ទំហំហិរញ្ញប្បទានសហប្រតិបត្តិការ ដែលគាំទ្រគោលនយោបាយសេដ្ខកិច្ចនិងការអភិវឌ្ឍដែលបានប្តេជ្ញាផ្តល់ឲ្យកម្ពុជាធៀបនឹង ផ.ស.ស,ប្រទេសកម្ពុជា,ភាគរយ,2020,0.02
2020,តម្លៃធម្មតា,ឯកតា,ទិន្នន័យប្រទេស,CRDB/CDC,ប្រចាំឆ្នាំ,ជាតិ,១៧.៩.២ ទំហំហិរញ្ញប្បទានសហប្រតិបត្តិការ ដែលគាំទ្រគោលនយោបាយសេដ្ខកិច្ចនិងការអភិវឌ្ឍដែលបានប្តេជ្ញាផ្តល់ឲ្យកម្ពុជាធៀបនឹង ផ.ស.ស,ប្រទេសកម្ពុជា,ភាគរយ,2020,0.02
