Year,OBS_STATUS,UNIT_MULT,NATURE,SOURCE_DETAIL,FREQ,REPORTING_TYPE,SERIES,REF_AREA,UNIT_MEASURE,TIME_DETAIL,Value
1979,តម្លៃធម្មតា,ឯកតា,ទិន្នន័យប្រទេស,CMAA_Cambodia Mine Action Authority/DBU,ប្រចាំឆ្នាំ,ជាតិ,១៨.២.១ ចំនួននៃជនរងគ្រោះថ្នាក់ (ស្លាប់និងរបួស) ដោយគ្រាប់មីន និងសំណល់ជាតិផ្ទុះពីសង្គ្រាម,ប្រទេសកម្ពុជា,ចំនួន,2020,4674
1980,តម្លៃធម្មតា,ឯកតា,ទិន្នន័យប្រទេស,CMAA_Cambodia Mine Action Authority/DBU,ប្រចាំឆ្នាំ,ជាតិ,១៨.២.១ ចំនួននៃជនរងគ្រោះថ្នាក់ (ស្លាប់និងរបួស) ដោយគ្រាប់មីន និងសំណល់ជាតិផ្ទុះពីសង្គ្រាម,ប្រទេសកម្ពុជា,ចំនួន,2020,1343
1981,តម្លៃធម្មតា,ឯកតា,ទិន្នន័យប្រទេស,CMAA_Cambodia Mine Action Authority/DBU,ប្រចាំឆ្នាំ,ជាតិ,១៨.២.១ ចំនួននៃជនរងគ្រោះថ្នាក់ (ស្លាប់និងរបួស) ដោយគ្រាប់មីន និងសំណល់ជាតិផ្ទុះពីសង្គ្រាម,ប្រទេសកម្ពុជា,ចំនួន,2020,1021
1982,តម្លៃធម្មតា,ឯកតា,ទិន្នន័យប្រទេស,CMAA_Cambodia Mine Action Authority/DBU,ប្រចាំឆ្នាំ,ជាតិ,១៨.២.១ ចំនួននៃជនរងគ្រោះថ្នាក់ (ស្លាប់និងរបួស) ដោយគ្រាប់មីន និងសំណល់ជាតិផ្ទុះពីសង្គ្រាម,ប្រទេសកម្ពុជា,ចំនួន,2020,1893
1983,តម្លៃធម្មតា,ឯកតា,ទិន្នន័យប្រទេស,CMAA_Cambodia Mine Action Authority/DBU,ប្រចាំឆ្នាំ,ជាតិ,១៨.២.១ ចំនួននៃជនរងគ្រោះថ្នាក់ (ស្លាប់និងរបួស) ដោយគ្រាប់មីន និងសំណល់ជាតិផ្ទុះពីសង្គ្រាម,ប្រទេសកម្ពុជា,ចំនួន,2020,2761
1984,តម្លៃធម្មតា,ឯកតា,ទិន្នន័យប្រទេស,CMAA_Cambodia Mine Action Authority/DBU,ប្រចាំឆ្នាំ,ជាតិ,១៨.២.១ ចំនួននៃជនរងគ្រោះថ្នាក់ (ស្លាប់និងរបួស) ដោយគ្រាប់មីន និងសំណល់ជាតិផ្ទុះពីសង្គ្រាម,ប្រទេសកម្ពុជា,ចំនួន,2020,2966
1985,តម្លៃធម្មតា,ឯកតា,ទិន្នន័យប្រទេស,CMAA_Cambodia Mine Action Authority/DBU,ប្រចាំឆ្នាំ,ជាតិ,១៨.២.១ ចំនួននៃជនរងគ្រោះថ្នាក់ (ស្លាប់និងរបួស) ដោយគ្រាប់មីន និងសំណល់ជាតិផ្ទុះពីសង្គ្រាម,ប្រទេសកម្ពុជា,ចំនួន,2020,3520
1986,តម្លៃធម្មតា,ឯកតា,ទិន្នន័យប្រទេស,CMAA_Cambodia Mine Action Authority/DBU,ប្រចាំឆ្នាំ,ជាតិ,១៨.២.១ ចំនួននៃជនរងគ្រោះថ្នាក់ (ស្លាប់និងរបួស) ដោយគ្រាប់មីន និងសំណល់ជាតិផ្ទុះពីសង្គ្រាម,ប្រទេសកម្ពុជា,ចំនួន,2020,2902
1987,តម្លៃធម្មតា,ឯកតា,ទិន្នន័យប្រទេស,CMAA_Cambodia Mine Action Authority/DBU,ប្រចាំឆ្នាំ,ជាតិ,១៨.២.១ ចំនួននៃជនរងគ្រោះថ្នាក់ (ស្លាប់និងរបួស) ដោយគ្រាប់មីន និងសំណល់ជាតិផ្ទុះពីសង្គ្រាម,ប្រទេសកម្ពុជា,ចំនួន,2020,3533
1988,តម្លៃធម្មតា,ឯកតា,ទិន្នន័យប្រទេស,CMAA_Cambodia Mine Action Authority/DBU,ប្រចាំឆ្នាំ,ជាតិ,១៨.២.១ ចំនួននៃជនរងគ្រោះថ្នាក់ (ស្លាប់និងរបួស) ដោយគ្រាប់មីន និងសំណល់ជាតិផ្ទុះពីសង្គ្រាម,ប្រទេសកម្ពុជា,ចំនួន,2020,2967
1989,តម្លៃធម្មតា,ឯកតា,ទិន្នន័យប្រទេស,CMAA_Cambodia Mine Action Authority/DBU,ប្រចាំឆ្នាំ,ជាតិ,១៨.២.១ ចំនួននៃជនរងគ្រោះថ្នាក់ (ស្លាប់និងរបួស) ដោយគ្រាប់មីន និងសំណល់ជាតិផ្ទុះពីសង្គ្រាម,ប្រទេសកម្ពុជា,ចំនួន,2020,3333
1990,តម្លៃធម្មតា,ឯកតា,ទិន្នន័យប្រទេស,CMAA_Cambodia Mine Action Authority/DBU,ប្រចាំឆ្នាំ,ជាតិ,១៨.២.១ ចំនួននៃជនរងគ្រោះថ្នាក់ (ស្លាប់និងរបួស) ដោយគ្រាប់មីន និងសំណល់ជាតិផ្ទុះពីសង្គ្រាម,ប្រទេសកម្ពុជា,ចំនួន,2020,3000
1991,តម្លៃធម្មតា,ឯកតា,ទិន្នន័យប្រទេស,CMAA_Cambodia Mine Action Authority/DBU,ប្រចាំឆ្នាំ,ជាតិ,១៨.២.១ ចំនួននៃជនរងគ្រោះថ្នាក់ (ស្លាប់និងរបួស) ដោយគ្រាប់មីន និងសំណល់ជាតិផ្ទុះពីសង្គ្រាម,ប្រទេសកម្ពុជា,ចំនួន,2020,2427
1992,តម្លៃធម្មតា,ឯកតា,ទិន្នន័យប្រទេស,CMAA_Cambodia Mine Action Authority/DBU,ប្រចាំឆ្នាំ,ជាតិ,១៨.២.១ ចំនួននៃជនរងគ្រោះថ្នាក់ (ស្លាប់និងរបួស) ដោយគ្រាប់មីន និងសំណល់ជាតិផ្ទុះពីសង្គ្រាម,ប្រទេសកម្ពុជា,ចំនួន,2020,2189
1993,តម្លៃធម្មតា,ឯកតា,ទិន្នន័យប្រទេស,CMAA_Cambodia Mine Action Authority/DBU,ប្រចាំឆ្នាំ,ជាតិ,១៨.២.១ ចំនួននៃជនរងគ្រោះថ្នាក់ (ស្លាប់និងរបួស) ដោយគ្រាប់មីន និងសំណល់ជាតិផ្ទុះពីសង្គ្រាម,ប្រទេសកម្ពុជា,ចំនួន,2020,2535
1994,តម្លៃធម្មតា,ឯកតា,ទិន្នន័យប្រទេស,CMAA_Cambodia Mine Action Authority/DBU,ប្រចាំឆ្នាំ,ជាតិ,១៨.២.១ ចំនួននៃជនរងគ្រោះថ្នាក់ (ស្លាប់និងរបួស) ដោយគ្រាប់មីន និងសំណល់ជាតិផ្ទុះពីសង្គ្រាម,ប្រទេសកម្ពុជា,ចំនួន,2020,2809
1995,តម្លៃធម្មតា,ឯកតា,ទិន្នន័យប្រទេស,CMAA_Cambodia Mine Action Authority/DBU,ប្រចាំឆ្នាំ,ជាតិ,១៨.២.១ ចំនួននៃជនរងគ្រោះថ្នាក់ (ស្លាប់និងរបួស) ដោយគ្រាប់មីន និងសំណល់ជាតិផ្ទុះពីសង្គ្រាម,ប្រទេសកម្ពុជា,ចំនួន,2020,3333
1996,តម្លៃធម្មតា,ឯកតា,ទិន្នន័យប្រទេស,CMAA_Cambodia Mine Action Authority/DBU,ប្រចាំឆ្នាំ,ជាតិ,១៨.២.១ ចំនួននៃជនរងគ្រោះថ្នាក់ (ស្លាប់និងរបួស) ដោយគ្រាប់មីន និងសំណល់ជាតិផ្ទុះពីសង្គ្រាម,ប្រទេសកម្ពុជា,ចំនួន,2020,4320
1997,តម្លៃធម្មតា,ឯកតា,ទិន្នន័យប្រទេស,CMAA_Cambodia Mine Action Authority/DBU,ប្រចាំឆ្នាំ,ជាតិ,១៨.២.១ ចំនួននៃជនរងគ្រោះថ្នាក់ (ស្លាប់និងរបួស) ដោយគ្រាប់មីន និងសំណល់ជាតិផ្ទុះពីសង្គ្រាម,ប្រទេសកម្ពុជា,ចំនួន,2020,2298
1998,តម្លៃធម្មតា,ឯកតា,ទិន្នន័យប្រទេស,CMAA_Cambodia Mine Action Authority/DBU,ប្រចាំឆ្នាំ,ជាតិ,១៨.២.១ ចំនួននៃជនរងគ្រោះថ្នាក់ (ស្លាប់និងរបួស) ដោយគ្រាប់មីន និងសំណល់ជាតិផ្ទុះពីសង្គ្រាម,ប្រទេសកម្ពុជា,ចំនួន,2020,2150
1999,តម្លៃធម្មតា,ឯកតា,ទិន្នន័យប្រទេស,CMAA_Cambodia Mine Action Authority/DBU,ប្រចាំឆ្នាំ,ជាតិ,១៨.២.១ ចំនួននៃជនរងគ្រោះថ្នាក់ (ស្លាប់និងរបួស) ដោយគ្រាប់មីន និងសំណល់ជាតិផ្ទុះពីសង្គ្រាម,ប្រទេសកម្ពុជា,ចំនួន,2020,1153
2000,តម្លៃធម្មតា,ឯកតា,ទិន្នន័យប្រទេស,CMAA_Cambodia Mine Action Authority/DBU,ប្រចាំឆ្នាំ,ជាតិ,១៨.២.១ ចំនួននៃជនរងគ្រោះថ្នាក់ (ស្លាប់និងរបួស) ដោយគ្រាប់មីន និងសំណល់ជាតិផ្ទុះពីសង្គ្រាម,ប្រទេសកម្ពុជា,ចំនួន,2020,858
2001,តម្លៃធម្មតា,ឯកតា,ទិន្នន័យប្រទេស,CMAA_Cambodia Mine Action Authority/DBU,ប្រចាំឆ្នាំ,ជាតិ,១៨.២.១ ចំនួននៃជនរងគ្រោះថ្នាក់ (ស្លាប់និងរបួស) ដោយគ្រាប់មីន និងសំណល់ជាតិផ្ទុះពីសង្គ្រាម,ប្រទេសកម្ពុជា,ចំនួន,2020,826
2002,តម្លៃធម្មតា,ឯកតា,ទិន្នន័យប្រទេស,CMAA_Cambodia Mine Action Authority/DBU,ប្រចាំឆ្នាំ,ជាតិ,១៨.២.១ ចំនួននៃជនរងគ្រោះថ្នាក់ (ស្លាប់និងរបួស) ដោយគ្រាប់មីន និងសំណល់ជាតិផ្ទុះពីសង្គ្រាម,ប្រទេសកម្ពុជា,ចំនួន,2020,847
2003,តម្លៃធម្មតា,ឯកតា,ទិន្នន័យប្រទេស,CMAA_Cambodia Mine Action Authority/DBU,ប្រចាំឆ្នាំ,ជាតិ,១៨.២.១ ចំនួននៃជនរងគ្រោះថ្នាក់ (ស្លាប់និងរបួស) ដោយគ្រាប់មីន និងសំណល់ជាតិផ្ទុះពីសង្គ្រាម,ប្រទេសកម្ពុជា,ចំនួន,2020,772
2004,តម្លៃធម្មតា,ឯកតា,ទិន្នន័យប្រទេស,CMAA_Cambodia Mine Action Authority/DBU,ប្រចាំឆ្នាំ,ជាតិ,១៨.២.១ ចំនួននៃជនរងគ្រោះថ្នាក់ (ស្លាប់និងរបួស) ដោយគ្រាប់មីន និងសំណល់ជាតិផ្ទុះពីសង្គ្រាម,ប្រទេសកម្ពុជា,ចំនួន,2020,898
2005,តម្លៃធម្មតា,ឯកតា,ទិន្នន័យប្រទេស,CMAA_Cambodia Mine Action Authority/DBU,ប្រចាំឆ្នាំ,ជាតិ,១៨.២.១ ចំនួននៃជនរងគ្រោះថ្នាក់ (ស្លាប់និងរបួស) ដោយគ្រាប់មីន និងសំណល់ជាតិផ្ទុះពីសង្គ្រាម,ប្រទេសកម្ពុជា,ចំនួន,2020,875
2006,តម្លៃធម្មតា,ឯកតា,ទិន្នន័យប្រទេស,CMAA_Cambodia Mine Action Authority/DBU,ប្រចាំឆ្នាំ,ជាតិ,១៨.២.១ ចំនួននៃជនរងគ្រោះថ្នាក់ (ស្លាប់និងរបួស) ដោយគ្រាប់មីន និងសំណល់ជាតិផ្ទុះពីសង្គ្រាម,ប្រទេសកម្ពុជា,ចំនួន,2020,450
2007,តម្លៃធម្មតា,ឯកតា,ទិន្នន័យប្រទេស,CMAA_Cambodia Mine Action Authority/DBU,ប្រចាំឆ្នាំ,ជាតិ,១៨.២.១ ចំនួននៃជនរងគ្រោះថ្នាក់ (ស្លាប់និងរបួស) ដោយគ្រាប់មីន និងសំណល់ជាតិផ្ទុះពីសង្គ្រាម,ប្រទេសកម្ពុជា,ចំនួន,2020,352
2008,តម្លៃធម្មតា,ឯកតា,ទិន្នន័យប្រទេស,CMAA_Cambodia Mine Action Authority/DBU,ប្រចាំឆ្នាំ,ជាតិ,១៨.២.១ ចំនួននៃជនរងគ្រោះថ្នាក់ (ស្លាប់និងរបួស) ដោយគ្រាប់មីន និងសំណល់ជាតិផ្ទុះពីសង្គ្រាម,ប្រទេសកម្ពុជា,ចំនួន,2020,271
2009,តម្លៃធម្មតា,ឯកតា,ទិន្នន័យប្រទេស,CMAA_Cambodia Mine Action Authority/DBU,ប្រចាំឆ្នាំ,ជាតិ,១៨.២.១ ចំនួននៃជនរងគ្រោះថ្នាក់ (ស្លាប់និងរបួស) ដោយគ្រាប់មីន និងសំណល់ជាតិផ្ទុះពីសង្គ្រាម,ប្រទេសកម្ពុជា,ចំនួន,2020,244
2010,តម្លៃធម្មតា,ឯកតា,ទិន្នន័យប្រទេស,CMAA_Cambodia Mine Action Authority/DBU,ប្រចាំឆ្នាំ,ជាតិ,១៨.២.១ ចំនួននៃជនរងគ្រោះថ្នាក់ (ស្លាប់និងរបួស) ដោយគ្រាប់មីន និងសំណល់ជាតិផ្ទុះពីសង្គ្រាម,ប្រទេសកម្ពុជា,ចំនួន,2020,286
2011,តម្លៃធម្មតា,ឯកតា,ទិន្នន័យប្រទេស,CMAA_Cambodia Mine Action Authority/DBU,ប្រចាំឆ្នាំ,ជាតិ,១៨.២.១ ចំនួននៃជនរងគ្រោះថ្នាក់ (ស្លាប់និងរបួស) ដោយគ្រាប់មីន និងសំណល់ជាតិផ្ទុះពីសង្គ្រាម,ប្រទេសកម្ពុជា,ចំនួន,2020,211
2012,តម្លៃធម្មតា,ឯកតា,ទិន្នន័យប្រទេស,CMAA_Cambodia Mine Action Authority/DBU,ប្រចាំឆ្នាំ,ជាតិ,១៨.២.១ ចំនួននៃជនរងគ្រោះថ្នាក់ (ស្លាប់និងរបួស) ដោយគ្រាប់មីន និងសំណល់ជាតិផ្ទុះពីសង្គ្រាម,ប្រទេសកម្ពុជា,ចំនួន,2020,186
2013,តម្លៃធម្មតា,ឯកតា,ទិន្នន័យប្រទេស,CMAA_Cambodia Mine Action Authority/DBU,ប្រចាំឆ្នាំ,ជាតិ,១៨.២.១ ចំនួននៃជនរងគ្រោះថ្នាក់ (ស្លាប់និងរបួស) ដោយគ្រាប់មីន និងសំណល់ជាតិផ្ទុះពីសង្គ្រាម,ប្រទេសកម្ពុជា,ចំនួន,2020,111
2014,តម្លៃធម្មតា,ឯកតា,ទិន្នន័យប្រទេស,CMAA_Cambodia Mine Action Authority/DBU,ប្រចាំឆ្នាំ,ជាតិ,១៨.២.១ ចំនួននៃជនរងគ្រោះថ្នាក់ (ស្លាប់និងរបួស) ដោយគ្រាប់មីន និងសំណល់ជាតិផ្ទុះពីសង្គ្រាម,ប្រទេសកម្ពុជា,ចំនួន,2020,154
2015,តម្លៃធម្មតា,ឯកតា,ទិន្នន័យប្រទេស,CMAA_Cambodia Mine Action Authority/DBU,ប្រចាំឆ្នាំ,ជាតិ,១៨.២.១ ចំនួននៃជនរងគ្រោះថ្នាក់ (ស្លាប់និងរបួស) ដោយគ្រាប់មីន និងសំណល់ជាតិផ្ទុះពីសង្គ្រាម,ប្រទេសកម្ពុជា,ចំនួន,2020,111
2016,តម្លៃធម្មតា,ឯកតា,ទិន្នន័យប្រទេស,CMAA_Cambodia Mine Action Authority/DBU,ប្រចាំឆ្នាំ,ជាតិ,១៨.២.១ ចំនួននៃជនរងគ្រោះថ្នាក់ (ស្លាប់និងរបួស) ដោយគ្រាប់មីន និងសំណល់ជាតិផ្ទុះពីសង្គ្រាម,ប្រទេសកម្ពុជា,ចំនួន,2020,83
2017,តម្លៃធម្មតា,ឯកតា,ទិន្នន័យប្រទេស,CMAA_Cambodia Mine Action Authority/DBU,ប្រចាំឆ្នាំ,ជាតិ,១៨.២.១ ចំនួននៃជនរងគ្រោះថ្នាក់ (ស្លាប់និងរបួស) ដោយគ្រាប់មីន និងសំណល់ជាតិផ្ទុះពីសង្គ្រាម,ប្រទេសកម្ពុជា,ចំនួន,2020,58
2018,តម្លៃធម្មតា,ឯកតា,ទិន្នន័យប្រទេស,CMAA_Cambodia Mine Action Authority/DBU,ប្រចាំឆ្នាំ,ជាតិ,១៨.២.១ ចំនួននៃជនរងគ្រោះថ្នាក់ (ស្លាប់និងរបួស) ដោយគ្រាប់មីន និងសំណល់ជាតិផ្ទុះពីសង្គ្រាម,ប្រទេសកម្ពុជា,ចំនួន,2020,58
2019,តម្លៃធម្មតា,ឯកតា,ទិន្នន័យប្រទេស,CMAA_Cambodia Mine Action Authority/DBU,ប្រចាំឆ្នាំ,ជាតិ,១៨.២.១ ចំនួននៃជនរងគ្រោះថ្នាក់ (ស្លាប់និងរបួស) ដោយគ្រាប់មីន និងសំណល់ជាតិផ្ទុះពីសង្គ្រាម,ប្រទេសកម្ពុជា,ចំនួន,2020,77
2020,តម្លៃធម្មតា,ឯកតា,ទិន្នន័យប្រទេស,CMAA_Cambodia Mine Action Authority/DBU,ប្រចាំឆ្នាំ,ជាតិ,១៨.២.១ ចំនួននៃជនរងគ្រោះថ្នាក់ (ស្លាប់និងរបួស) ដោយគ្រាប់មីន និងសំណល់ជាតិផ្ទុះពីសង្គ្រាម,ប្រទេសកម្ពុជា,ចំនួន,2020,65
2018,តម្លៃធម្មតា,ឯកតា,ទិន្នន័យប្រទេស,CMAA_Cambodia Mine Action Authority/DBU,ប្រចាំឆ្នាំ,ជាតិ,១៨.២.១ ចំនួននៃជនរងគ្រោះថ្នាក់ (ស្លាប់និងរបួស) ដោយគ្រាប់មីន និងសំណល់ជាតិផ្ទុះពីសង្គ្រាម,ព្រះវិហារ,ចំនួន,2020,8
2019,តម្លៃធម្មតា,ឯកតា,ទិន្នន័យប្រទេស,CMAA_Cambodia Mine Action Authority/DBU,ប្រចាំឆ្នាំ,ជាតិ,១៨.២.១ ចំនួននៃជនរងគ្រោះថ្នាក់ (ស្លាប់និងរបួស) ដោយគ្រាប់មីន និងសំណល់ជាតិផ្ទុះពីសង្គ្រាម,ព្រះវិហារ,ចំនួន,2020,6
2020,តម្លៃធម្មតា,ឯកតា,ទិន្នន័យប្រទេស,CMAA_Cambodia Mine Action Authority/DBU,ប្រចាំឆ្នាំ,ជាតិ,១៨.២.១ ចំនួននៃជនរងគ្រោះថ្នាក់ (ស្លាប់និងរបួស) ដោយគ្រាប់មីន និងសំណល់ជាតិផ្ទុះពីសង្គ្រាម,ព្រះវិហារ,ចំនួន,2020,12
2018,តម្លៃធម្មតា,ឯកតា,ទិន្នន័យប្រទេស,CMAA_Cambodia Mine Action Authority/DBU,ប្រចាំឆ្នាំ,ជាតិ,១៨.២.១ ចំនួននៃជនរងគ្រោះថ្នាក់ (ស្លាប់និងរបួស) ដោយគ្រាប់មីន និងសំណល់ជាតិផ្ទុះពីសង្គ្រាម,កំពង់ធំ,ចំនួន,2020,0
2019,តម្លៃធម្មតា,ឯកតា,ទិន្នន័យប្រទេស,CMAA_Cambodia Mine Action Authority/DBU,ប្រចាំឆ្នាំ,ជាតិ,១៨.២.១ ចំនួននៃជនរងគ្រោះថ្នាក់ (ស្លាប់និងរបួស) ដោយគ្រាប់មីន និងសំណល់ជាតិផ្ទុះពីសង្គ្រាម,កំពង់ធំ,ចំនួន,2020,0
2020,តម្លៃធម្មតា,ឯកតា,ទិន្នន័យប្រទេស,CMAA_Cambodia Mine Action Authority/DBU,ប្រចាំឆ្នាំ,ជាតិ,១៨.២.១ ចំនួននៃជនរងគ្រោះថ្នាក់ (ស្លាប់និងរបួស) ដោយគ្រាប់មីន និងសំណល់ជាតិផ្ទុះពីសង្គ្រាម,កំពង់ធំ,ចំនួន,2020,3
2018,តម្លៃធម្មតា,ឯកតា,ទិន្នន័យប្រទេស,CMAA_Cambodia Mine Action Authority/DBU,ប្រចាំឆ្នាំ,ជាតិ,១៨.២.១ ចំនួននៃជនរងគ្រោះថ្នាក់ (ស្លាប់និងរបួស) ដោយគ្រាប់មីន និងសំណល់ជាតិផ្ទុះពីសង្គ្រាម,ពោធិសាត់,ចំនួន,2020,3
2019,តម្លៃធម្មតា,ឯកតា,ទិន្នន័យប្រទេស,CMAA_Cambodia Mine Action Authority/DBU,ប្រចាំឆ្នាំ,ជាតិ,១៨.២.១ ចំនួននៃជនរងគ្រោះថ្នាក់ (ស្លាប់និងរបួស) ដោយគ្រាប់មីន និងសំណល់ជាតិផ្ទុះពីសង្គ្រាម,ពោធិសាត់,ចំនួន,2020,3
2020,តម្លៃធម្មតា,ឯកតា,ទិន្នន័យប្រទេស,CMAA_Cambodia Mine Action Authority/DBU,ប្រចាំឆ្នាំ,ជាតិ,១៨.២.១ ចំនួននៃជនរងគ្រោះថ្នាក់ (ស្លាប់និងរបួស) ដោយគ្រាប់មីន និងសំណល់ជាតិផ្ទុះពីសង្គ្រាម,ពោធិសាត់,ចំនួន,2020,10
2018,តម្លៃធម្មតា,ឯកតា,ទិន្នន័យប្រទេស,CMAA_Cambodia Mine Action Authority/DBU,ប្រចាំឆ្នាំ,ជាតិ,១៨.២.១ ចំនួននៃជនរងគ្រោះថ្នាក់ (ស្លាប់និងរបួស) ដោយគ្រាប់មីន និងសំណល់ជាតិផ្ទុះពីសង្គ្រាម,ព្រៃវែង,ចំនួន,2020,0
2019,តម្លៃធម្មតា,ឯកតា,ទិន្នន័យប្រទេស,CMAA_Cambodia Mine Action Authority/DBU,ប្រចាំឆ្នាំ,ជាតិ,១៨.២.១ ចំនួននៃជនរងគ្រោះថ្នាក់ (ស្លាប់និងរបួស) ដោយគ្រាប់មីន និងសំណល់ជាតិផ្ទុះពីសង្គ្រាម,ព្រៃវែង,ចំនួន,2020,0
2020,តម្លៃធម្មតា,ឯកតា,ទិន្នន័យប្រទេស,CMAA_Cambodia Mine Action Authority/DBU,ប្រចាំឆ្នាំ,ជាតិ,១៨.២.១ ចំនួននៃជនរងគ្រោះថ្នាក់ (ស្លាប់និងរបួស) ដោយគ្រាប់មីន និងសំណល់ជាតិផ្ទុះពីសង្គ្រាម,ព្រៃវែង,ចំនួន,2020,0
2018,តម្លៃធម្មតា,ឯកតា,ទិន្នន័យប្រទេស,CMAA_Cambodia Mine Action Authority/DBU,ប្រចាំឆ្នាំ,ជាតិ,១៨.២.១ ចំនួននៃជនរងគ្រោះថ្នាក់ (ស្លាប់និងរបួស) ដោយគ្រាប់មីន និងសំណល់ជាតិផ្ទុះពីសង្គ្រាម,កំពង់ស្ពឺ,ចំនួន,2020,11
2019,តម្លៃធម្មតា,ឯកតា,ទិន្នន័យប្រទេស,CMAA_Cambodia Mine Action Authority/DBU,ប្រចាំឆ្នាំ,ជាតិ,១៨.២.១ ចំនួននៃជនរងគ្រោះថ្នាក់ (ស្លាប់និងរបួស) ដោយគ្រាប់មីន និងសំណល់ជាតិផ្ទុះពីសង្គ្រាម,កំពង់ស្ពឺ,ចំនួន,2020,0
2020,តម្លៃធម្មតា,ឯកតា,ទិន្នន័យប្រទេស,CMAA_Cambodia Mine Action Authority/DBU,ប្រចាំឆ្នាំ,ជាតិ,១៨.២.១ ចំនួននៃជនរងគ្រោះថ្នាក់ (ស្លាប់និងរបួស) ដោយគ្រាប់មីន និងសំណល់ជាតិផ្ទុះពីសង្គ្រាម,កំពង់ស្ពឺ,ចំនួន,2020,0
2018,តម្លៃធម្មតា,ឯកតា,ទិន្នន័យប្រទេស,CMAA_Cambodia Mine Action Authority/DBU,ប្រចាំឆ្នាំ,ជាតិ,១៨.២.១ ចំនួននៃជនរងគ្រោះថ្នាក់ (ស្លាប់និងរបួស) ដោយគ្រាប់មីន និងសំណល់ជាតិផ្ទុះពីសង្គ្រាម,កែប,ចំនួន,2020,0
2019,តម្លៃធម្មតា,ឯកតា,ទិន្នន័យប្រទេស,CMAA_Cambodia Mine Action Authority/DBU,ប្រចាំឆ្នាំ,ជាតិ,១៨.២.១ ចំនួននៃជនរងគ្រោះថ្នាក់ (ស្លាប់និងរបួស) ដោយគ្រាប់មីន និងសំណល់ជាតិផ្ទុះពីសង្គ្រាម,កែប,ចំនួន,2020,0
2020,តម្លៃធម្មតា,ឯកតា,ទិន្នន័យប្រទេស,CMAA_Cambodia Mine Action Authority/DBU,ប្រចាំឆ្នាំ,ជាតិ,១៨.២.១ ចំនួននៃជនរងគ្រោះថ្នាក់ (ស្លាប់និងរបួស) ដោយគ្រាប់មីន និងសំណល់ជាតិផ្ទុះពីសង្គ្រាម,កែប,ចំនួន,2020,0
2018,តម្លៃធម្មតា,ឯកតា,ទិន្នន័យប្រទេស,CMAA_Cambodia Mine Action Authority/DBU,ប្រចាំឆ្នាំ,ជាតិ,១៨.២.១ ចំនួននៃជនរងគ្រោះថ្នាក់ (ស្លាប់និងរបួស) ដោយគ្រាប់មីន និងសំណល់ជាតិផ្ទុះពីសង្គ្រាម,រតនគិរី,ចំនួន,2020,2
2019,តម្លៃធម្មតា,ឯកតា,ទិន្នន័យប្រទេស,CMAA_Cambodia Mine Action Authority/DBU,ប្រចាំឆ្នាំ,ជាតិ,១៨.២.១ ចំនួននៃជនរងគ្រោះថ្នាក់ (ស្លាប់និងរបួស) ដោយគ្រាប់មីន និងសំណល់ជាតិផ្ទុះពីសង្គ្រាម,រតនគិរី,ចំនួន,2020,12
2020,តម្លៃធម្មតា,ឯកតា,ទិន្នន័យប្រទេស,CMAA_Cambodia Mine Action Authority/DBU,ប្រចាំឆ្នាំ,ជាតិ,១៨.២.១ ចំនួននៃជនរងគ្រោះថ្នាក់ (ស្លាប់និងរបួស) ដោយគ្រាប់មីន និងសំណល់ជាតិផ្ទុះពីសង្គ្រាម,រតនគិរី,ចំនួន,2020,0
2018,តម្លៃធម្មតា,ឯកតា,ទិន្នន័យប្រទេស,CMAA_Cambodia Mine Action Authority/DBU,ប្រចាំឆ្នាំ,ជាតិ,១៨.២.១ ចំនួននៃជនរងគ្រោះថ្នាក់ (ស្លាប់និងរបួស) ដោយគ្រាប់មីន និងសំណល់ជាតិផ្ទុះពីសង្គ្រាម,កោះកុង,ចំនួន,2020,1
2019,តម្លៃធម្មតា,ឯកតា,ទិន្នន័យប្រទេស,CMAA_Cambodia Mine Action Authority/DBU,ប្រចាំឆ្នាំ,ជាតិ,១៨.២.១ ចំនួននៃជនរងគ្រោះថ្នាក់ (ស្លាប់និងរបួស) ដោយគ្រាប់មីន និងសំណល់ជាតិផ្ទុះពីសង្គ្រាម,កោះកុង,ចំនួន,2020,1
2020,តម្លៃធម្មតា,ឯកតា,ទិន្នន័យប្រទេស,CMAA_Cambodia Mine Action Authority/DBU,ប្រចាំឆ្នាំ,ជាតិ,១៨.២.១ ចំនួននៃជនរងគ្រោះថ្នាក់ (ស្លាប់និងរបួស) ដោយគ្រាប់មីន និងសំណល់ជាតិផ្ទុះពីសង្គ្រាម,កោះកុង,ចំនួន,2020,0
2018,តម្លៃធម្មតា,ឯកតា,ទិន្នន័យប្រទេស,CMAA_Cambodia Mine Action Authority/DBU,ប្រចាំឆ្នាំ,ជាតិ,១៨.២.១ ចំនួននៃជនរងគ្រោះថ្នាក់ (ស្លាប់និងរបួស) ដោយគ្រាប់មីន និងសំណល់ជាតិផ្ទុះពីសង្គ្រាម,កំពង់ឆ្នាំង,ចំនួន,2020,2
2019,តម្លៃធម្មតា,ឯកតា,ទិន្នន័យប្រទេស,CMAA_Cambodia Mine Action Authority/DBU,ប្រចាំឆ្នាំ,ជាតិ,១៨.២.១ ចំនួននៃជនរងគ្រោះថ្នាក់ (ស្លាប់និងរបួស) ដោយគ្រាប់មីន និងសំណល់ជាតិផ្ទុះពីសង្គ្រាម,កំពង់ឆ្នាំង,ចំនួន,2020,0
2020,តម្លៃធម្មតា,ឯកតា,ទិន្នន័យប្រទេស,CMAA_Cambodia Mine Action Authority/DBU,ប្រចាំឆ្នាំ,ជាតិ,១៨.២.១ ចំនួននៃជនរងគ្រោះថ្នាក់ (ស្លាប់និងរបួស) ដោយគ្រាប់មីន និងសំណល់ជាតិផ្ទុះពីសង្គ្រាម,កំពង់ឆ្នាំង,ចំនួន,2020,0
2018,តម្លៃធម្មតា,ឯកតា,ទិន្នន័យប្រទេស,CMAA_Cambodia Mine Action Authority/DBU,ប្រចាំឆ្នាំ,ជាតិ,១៨.២.១ ចំនួននៃជនរងគ្រោះថ្នាក់ (ស្លាប់និងរបួស) ដោយគ្រាប់មីន និងសំណល់ជាតិផ្ទុះពីសង្គ្រាម,ភ្នំពេញ,ចំនួន,2020,1
2019,តម្លៃធម្មតា,ឯកតា,ទិន្នន័យប្រទេស,CMAA_Cambodia Mine Action Authority/DBU,ប្រចាំឆ្នាំ,ជាតិ,១៨.២.១ ចំនួននៃជនរងគ្រោះថ្នាក់ (ស្លាប់និងរបួស) ដោយគ្រាប់មីន និងសំណល់ជាតិផ្ទុះពីសង្គ្រាម,ភ្នំពេញ,ចំនួន,2020,4
2020,តម្លៃធម្មតា,ឯកតា,ទិន្នន័យប្រទេស,CMAA_Cambodia Mine Action Authority/DBU,ប្រចាំឆ្នាំ,ជាតិ,១៨.២.១ ចំនួននៃជនរងគ្រោះថ្នាក់ (ស្លាប់និងរបួស) ដោយគ្រាប់មីន និងសំណល់ជាតិផ្ទុះពីសង្គ្រាម,ភ្នំពេញ,ចំនួន,2020,0
2018,តម្លៃធម្មតា,ឯកតា,ទិន្នន័យប្រទេស,CMAA_Cambodia Mine Action Authority/DBU,ប្រចាំឆ្នាំ,ជាតិ,១៨.២.១ ចំនួននៃជនរងគ្រោះថ្នាក់ (ស្លាប់និងរបួស) ដោយគ្រាប់មីន និងសំណល់ជាតិផ្ទុះពីសង្គ្រាម,បាត់ដំបង,ចំនួន,2020,8
2019,តម្លៃធម្មតា,ឯកតា,ទិន្នន័យប្រទេស,CMAA_Cambodia Mine Action Authority/DBU,ប្រចាំឆ្នាំ,ជាតិ,១៨.២.១ ចំនួននៃជនរងគ្រោះថ្នាក់ (ស្លាប់និងរបួស) ដោយគ្រាប់មីន និងសំណល់ជាតិផ្ទុះពីសង្គ្រាម,បាត់ដំបង,ចំនួន,2020,11
2020,តម្លៃធម្មតា,ឯកតា,ទិន្នន័យប្រទេស,CMAA_Cambodia Mine Action Authority/DBU,ប្រចាំឆ្នាំ,ជាតិ,១៨.២.១ ចំនួននៃជនរងគ្រោះថ្នាក់ (ស្លាប់និងរបួស) ដោយគ្រាប់មីន និងសំណល់ជាតិផ្ទុះពីសង្គ្រាម,បាត់ដំបង,ចំនួន,2020,19
2018,តម្លៃធម្មតា,ឯកតា,ទិន្នន័យប្រទេស,CMAA_Cambodia Mine Action Authority/DBU,ប្រចាំឆ្នាំ,ជាតិ,១៨.២.១ ចំនួននៃជនរងគ្រោះថ្នាក់ (ស្លាប់និងរបួស) ដោយគ្រាប់មីន និងសំណល់ជាតិផ្ទុះពីសង្គ្រាម,ត្បូងឃ្មុំ,ចំនួន,2020,1
2019,តម្លៃធម្មតា,ឯកតា,ទិន្នន័យប្រទេស,CMAA_Cambodia Mine Action Authority/DBU,ប្រចាំឆ្នាំ,ជាតិ,១៨.២.១ ចំនួននៃជនរងគ្រោះថ្នាក់ (ស្លាប់និងរបួស) ដោយគ្រាប់មីន និងសំណល់ជាតិផ្ទុះពីសង្គ្រាម,ត្បូងឃ្មុំ,ចំនួន,2020,14
2020,តម្លៃធម្មតា,ឯកតា,ទិន្នន័យប្រទេស,CMAA_Cambodia Mine Action Authority/DBU,ប្រចាំឆ្នាំ,ជាតិ,១៨.២.១ ចំនួននៃជនរងគ្រោះថ្នាក់ (ស្លាប់និងរបួស) ដោយគ្រាប់មីន និងសំណល់ជាតិផ្ទុះពីសង្គ្រាម,ត្បូងឃ្មុំ,ចំនួន,2020,2
2018,តម្លៃធម្មតា,ឯកតា,ទិន្នន័យប្រទេស,CMAA_Cambodia Mine Action Authority/DBU,ប្រចាំឆ្នាំ,ជាតិ,១៨.២.១ ចំនួននៃជនរងគ្រោះថ្នាក់ (ស្លាប់និងរបួស) ដោយគ្រាប់មីន និងសំណល់ជាតិផ្ទុះពីសង្គ្រាម,កំពត,ចំនួន,2020,0
2019,តម្លៃធម្មតា,ឯកតា,ទិន្នន័យប្រទេស,CMAA_Cambodia Mine Action Authority/DBU,ប្រចាំឆ្នាំ,ជាតិ,១៨.២.១ ចំនួននៃជនរងគ្រោះថ្នាក់ (ស្លាប់និងរបួស) ដោយគ្រាប់មីន និងសំណល់ជាតិផ្ទុះពីសង្គ្រាម,កំពត,ចំនួន,2020,0
2020,តម្លៃធម្មតា,ឯកតា,ទិន្នន័យប្រទេស,CMAA_Cambodia Mine Action Authority/DBU,ប្រចាំឆ្នាំ,ជាតិ,១៨.២.១ ចំនួននៃជនរងគ្រោះថ្នាក់ (ស្លាប់និងរបួស) ដោយគ្រាប់មីន និងសំណល់ជាតិផ្ទុះពីសង្គ្រាម,កំពត,ចំនួន,2020,0
2018,តម្លៃធម្មតា,ឯកតា,ទិន្នន័យប្រទេស,CMAA_Cambodia Mine Action Authority/DBU,ប្រចាំឆ្នាំ,ជាតិ,១៨.២.១ ចំនួននៃជនរងគ្រោះថ្នាក់ (ស្លាប់និងរបួស) ដោយគ្រាប់មីន និងសំណល់ជាតិផ្ទុះពីសង្គ្រាម,មណ្ឌលគីរី,ចំនួន,2020,2
2019,តម្លៃធម្មតា,ឯកតា,ទិន្នន័យប្រទេស,CMAA_Cambodia Mine Action Authority/DBU,ប្រចាំឆ្នាំ,ជាតិ,១៨.២.១ ចំនួននៃជនរងគ្រោះថ្នាក់ (ស្លាប់និងរបួស) ដោយគ្រាប់មីន និងសំណល់ជាតិផ្ទុះពីសង្គ្រាម,មណ្ឌលគីរី,ចំនួន,2020,1
2020,តម្លៃធម្មតា,ឯកតា,ទិន្នន័យប្រទេស,CMAA_Cambodia Mine Action Authority/DBU,ប្រចាំឆ្នាំ,ជាតិ,១៨.២.១ ចំនួននៃជនរងគ្រោះថ្នាក់ (ស្លាប់និងរបួស) ដោយគ្រាប់មីន និងសំណល់ជាតិផ្ទុះពីសង្គ្រាម,មណ្ឌលគីរី,ចំនួន,2020,1
2018,តម្លៃធម្មតា,ឯកតា,ទិន្នន័យប្រទេស,CMAA_Cambodia Mine Action Authority/DBU,ប្រចាំឆ្នាំ,ជាតិ,១៨.២.១ ចំនួននៃជនរងគ្រោះថ្នាក់ (ស្លាប់និងរបួស) ដោយគ្រាប់មីន និងសំណល់ជាតិផ្ទុះពីសង្គ្រាម,ស្វាយរៀង,ចំនួន,2020,0
2019,តម្លៃធម្មតា,ឯកតា,ទិន្នន័យប្រទេស,CMAA_Cambodia Mine Action Authority/DBU,ប្រចាំឆ្នាំ,ជាតិ,១៨.២.១ ចំនួននៃជនរងគ្រោះថ្នាក់ (ស្លាប់និងរបួស) ដោយគ្រាប់មីន និងសំណល់ជាតិផ្ទុះពីសង្គ្រាម,ស្វាយរៀង,ចំនួន,2020,2
2020,តម្លៃធម្មតា,ឯកតា,ទិន្នន័យប្រទេស,CMAA_Cambodia Mine Action Authority/DBU,ប្រចាំឆ្នាំ,ជាតិ,១៨.២.១ ចំនួននៃជនរងគ្រោះថ្នាក់ (ស្លាប់និងរបួស) ដោយគ្រាប់មីន និងសំណល់ជាតិផ្ទុះពីសង្គ្រាម,ស្វាយរៀង,ចំនួន,2020,0
2018,តម្លៃធម្មតា,ឯកតា,ទិន្នន័យប្រទេស,CMAA_Cambodia Mine Action Authority/DBU,ប្រចាំឆ្នាំ,ជាតិ,១៨.២.១ ចំនួននៃជនរងគ្រោះថ្នាក់ (ស្លាប់និងរបួស) ដោយគ្រាប់មីន និងសំណល់ជាតិផ្ទុះពីសង្គ្រាម,បន្ទាយមានជ័យ,ចំនួន,2020,3
2019,តម្លៃធម្មតា,ឯកតា,ទិន្នន័យប្រទេស,CMAA_Cambodia Mine Action Authority/DBU,ប្រចាំឆ្នាំ,ជាតិ,១៨.២.១ ចំនួននៃជនរងគ្រោះថ្នាក់ (ស្លាប់និងរបួស) ដោយគ្រាប់មីន និងសំណល់ជាតិផ្ទុះពីសង្គ្រាម,បន្ទាយមានជ័យ,ចំនួន,2020,6
2020,តម្លៃធម្មតា,ឯកតា,ទិន្នន័យប្រទេស,CMAA_Cambodia Mine Action Authority/DBU,ប្រចាំឆ្នាំ,ជាតិ,១៨.២.១ ចំនួននៃជនរងគ្រោះថ្នាក់ (ស្លាប់និងរបួស) ដោយគ្រាប់មីន និងសំណល់ជាតិផ្ទុះពីសង្គ្រាម,បន្ទាយមានជ័យ,ចំនួន,2020,7
2018,តម្លៃធម្មតា,ឯកតា,ទិន្នន័យប្រទេស,CMAA_Cambodia Mine Action Authority/DBU,ប្រចាំឆ្នាំ,ជាតិ,១៨.២.១ ចំនួននៃជនរងគ្រោះថ្នាក់ (ស្លាប់និងរបួស) ដោយគ្រាប់មីន និងសំណល់ជាតិផ្ទុះពីសង្គ្រាម,ស្ទឹងត្រែង,ចំនួន,2020,0
2019,តម្លៃធម្មតា,ឯកតា,ទិន្នន័យប្រទេស,CMAA_Cambodia Mine Action Authority/DBU,ប្រចាំឆ្នាំ,ជាតិ,១៨.២.១ ចំនួននៃជនរងគ្រោះថ្នាក់ (ស្លាប់និងរបួស) ដោយគ្រាប់មីន និងសំណល់ជាតិផ្ទុះពីសង្គ្រាម,ស្ទឹងត្រែង,ចំនួន,2020,0
2020,តម្លៃធម្មតា,ឯកតា,ទិន្នន័យប្រទេស,CMAA_Cambodia Mine Action Authority/DBU,ប្រចាំឆ្នាំ,ជាតិ,១៨.២.១ ចំនួននៃជនរងគ្រោះថ្នាក់ (ស្លាប់និងរបួស) ដោយគ្រាប់មីន និងសំណល់ជាតិផ្ទុះពីសង្គ្រាម,ស្ទឹងត្រែង,ចំនួន,2020,1
2018,តម្លៃធម្មតា,ឯកតា,ទិន្នន័យប្រទេស,CMAA_Cambodia Mine Action Authority/DBU,ប្រចាំឆ្នាំ,ជាតិ,១៨.២.១ ចំនួននៃជនរងគ្រោះថ្នាក់ (ស្លាប់និងរបួស) ដោយគ្រាប់មីន និងសំណល់ជាតិផ្ទុះពីសង្គ្រាម,ខេត្តក្រចេះ,ចំនួន,2020,3
2019,តម្លៃធម្មតា,ឯកតា,ទិន្នន័យប្រទេស,CMAA_Cambodia Mine Action Authority/DBU,ប្រចាំឆ្នាំ,ជាតិ,១៨.២.១ ចំនួននៃជនរងគ្រោះថ្នាក់ (ស្លាប់និងរបួស) ដោយគ្រាប់មីន និងសំណល់ជាតិផ្ទុះពីសង្គ្រាម,ខេត្តក្រចេះ,ចំនួន,2020,3
2020,តម្លៃធម្មតា,ឯកតា,ទិន្នន័យប្រទេស,CMAA_Cambodia Mine Action Authority/DBU,ប្រចាំឆ្នាំ,ជាតិ,១៨.២.១ ចំនួននៃជនរងគ្រោះថ្នាក់ (ស្លាប់និងរបួស) ដោយគ្រាប់មីន និងសំណល់ជាតិផ្ទុះពីសង្គ្រាម,ខេត្តក្រចេះ,ចំនួន,2020,4
2018,តម្លៃធម្មតា,ឯកតា,ទិន្នន័យប្រទេស,CMAA_Cambodia Mine Action Authority/DBU,ប្រចាំឆ្នាំ,ជាតិ,១៨.២.១ ចំនួននៃជនរងគ្រោះថ្នាក់ (ស្លាប់និងរបួស) ដោយគ្រាប់មីន និងសំណល់ជាតិផ្ទុះពីសង្គ្រាម,តាកែវ,ចំនួន,2020,0
2019,តម្លៃធម្មតា,ឯកតា,ទិន្នន័យប្រទេស,CMAA_Cambodia Mine Action Authority/DBU,ប្រចាំឆ្នាំ,ជាតិ,១៨.២.១ ចំនួននៃជនរងគ្រោះថ្នាក់ (ស្លាប់និងរបួស) ដោយគ្រាប់មីន និងសំណល់ជាតិផ្ទុះពីសង្គ្រាម,តាកែវ,ចំនួន,2020,0
2020,តម្លៃធម្មតា,ឯកតា,ទិន្នន័យប្រទេស,CMAA_Cambodia Mine Action Authority/DBU,ប្រចាំឆ្នាំ,ជាតិ,១៨.២.១ ចំនួននៃជនរងគ្រោះថ្នាក់ (ស្លាប់និងរបួស) ដោយគ្រាប់មីន និងសំណល់ជាតិផ្ទុះពីសង្គ្រាម,តាកែវ,ចំនួន,2020,0
2018,តម្លៃធម្មតា,ឯកតា,ទិន្នន័យប្រទេស,CMAA_Cambodia Mine Action Authority/DBU,ប្រចាំឆ្នាំ,ជាតិ,១៨.២.១ ចំនួននៃជនរងគ្រោះថ្នាក់ (ស្លាប់និងរបួស) ដោយគ្រាប់មីន និងសំណល់ជាតិផ្ទុះពីសង្គ្រាម,ឧត្តរមានជ័យ,ចំនួន,2020,5
2019,តម្លៃធម្មតា,ឯកតា,ទិន្នន័យប្រទេស,CMAA_Cambodia Mine Action Authority/DBU,ប្រចាំឆ្នាំ,ជាតិ,១៨.២.១ ចំនួននៃជនរងគ្រោះថ្នាក់ (ស្លាប់និងរបួស) ដោយគ្រាប់មីន និងសំណល់ជាតិផ្ទុះពីសង្គ្រាម,ឧត្តរមានជ័យ,ចំនួន,2020,6
2020,តម្លៃធម្មតា,ឯកតា,ទិន្នន័យប្រទេស,CMAA_Cambodia Mine Action Authority/DBU,ប្រចាំឆ្នាំ,ជាតិ,១៨.២.១ ចំនួននៃជនរងគ្រោះថ្នាក់ (ស្លាប់និងរបួស) ដោយគ្រាប់មីន និងសំណល់ជាតិផ្ទុះពីសង្គ្រាម,ឧត្តរមានជ័យ,ចំនួន,2020,3
2018,តម្លៃធម្មតា,ឯកតា,ទិន្នន័យប្រទេស,CMAA_Cambodia Mine Action Authority/DBU,ប្រចាំឆ្នាំ,ជាតិ,១៨.២.១ ចំនួននៃជនរងគ្រោះថ្នាក់ (ស្លាប់និងរបួស) ដោយគ្រាប់មីន និងសំណល់ជាតិផ្ទុះពីសង្គ្រាម,ប៉ៃលិន,ចំនួន,2020,1
2019,តម្លៃធម្មតា,ឯកតា,ទិន្នន័យប្រទេស,CMAA_Cambodia Mine Action Authority/DBU,ប្រចាំឆ្នាំ,ជាតិ,១៨.២.១ ចំនួននៃជនរងគ្រោះថ្នាក់ (ស្លាប់និងរបួស) ដោយគ្រាប់មីន និងសំណល់ជាតិផ្ទុះពីសង្គ្រាម,ប៉ៃលិន,ចំនួន,2020,2
2020,តម្លៃធម្មតា,ឯកតា,ទិន្នន័យប្រទេស,CMAA_Cambodia Mine Action Authority/DBU,ប្រចាំឆ្នាំ,ជាតិ,១៨.២.១ ចំនួននៃជនរងគ្រោះថ្នាក់ (ស្លាប់និងរបួស) ដោយគ្រាប់មីន និងសំណល់ជាតិផ្ទុះពីសង្គ្រាម,ប៉ៃលិន,ចំនួន,2020,2
2018,តម្លៃធម្មតា,ឯកតា,ទិន្នន័យប្រទេស,CMAA_Cambodia Mine Action Authority/DBU,ប្រចាំឆ្នាំ,ជាតិ,១៨.២.១ ចំនួននៃជនរងគ្រោះថ្នាក់ (ស្លាប់និងរបួស) ដោយគ្រាប់មីន និងសំណល់ជាតិផ្ទុះពីសង្គ្រាម,កំពង់ចាម,ចំនួន,2020,2
2019,តម្លៃធម្មតា,ឯកតា,ទិន្នន័យប្រទេស,CMAA_Cambodia Mine Action Authority/DBU,ប្រចាំឆ្នាំ,ជាតិ,១៨.២.១ ចំនួននៃជនរងគ្រោះថ្នាក់ (ស្លាប់និងរបួស) ដោយគ្រាប់មីន និងសំណល់ជាតិផ្ទុះពីសង្គ្រាម,កំពង់ចាម,ចំនួន,2020,2
2020,តម្លៃធម្មតា,ឯកតា,ទិន្នន័យប្រទេស,CMAA_Cambodia Mine Action Authority/DBU,ប្រចាំឆ្នាំ,ជាតិ,១៨.២.១ ចំនួននៃជនរងគ្រោះថ្នាក់ (ស្លាប់និងរបួស) ដោយគ្រាប់មីន និងសំណល់ជាតិផ្ទុះពីសង្គ្រាម,កំពង់ចាម,ចំនួន,2020,0
2018,តម្លៃធម្មតា,ឯកតា,ទិន្នន័យប្រទេស,CMAA_Cambodia Mine Action Authority/DBU,ប្រចាំឆ្នាំ,ជាតិ,១៨.២.១ ចំនួននៃជនរងគ្រោះថ្នាក់ (ស្លាប់និងរបួស) ដោយគ្រាប់មីន និងសំណល់ជាតិផ្ទុះពីសង្គ្រាម,កណ្តាល,ចំនួន,2020,2
2019,តម្លៃធម្មតា,ឯកតា,ទិន្នន័យប្រទេស,CMAA_Cambodia Mine Action Authority/DBU,ប្រចាំឆ្នាំ,ជាតិ,១៨.២.១ ចំនួននៃជនរងគ្រោះថ្នាក់ (ស្លាប់និងរបួស) ដោយគ្រាប់មីន និងសំណល់ជាតិផ្ទុះពីសង្គ្រាម,កណ្តាល,ចំនួន,2020,3
2020,តម្លៃធម្មតា,ឯកតា,ទិន្នន័យប្រទេស,CMAA_Cambodia Mine Action Authority/DBU,ប្រចាំឆ្នាំ,ជាតិ,១៨.២.១ ចំនួននៃជនរងគ្រោះថ្នាក់ (ស្លាប់និងរបួស) ដោយគ្រាប់មីន និងសំណល់ជាតិផ្ទុះពីសង្គ្រាម,កណ្តាល,ចំនួន,2020,1
2018,តម្លៃធម្មតា,ឯកតា,ទិន្នន័យប្រទេស,CMAA_Cambodia Mine Action Authority/DBU,ប្រចាំឆ្នាំ,ជាតិ,១៨.២.១ ចំនួននៃជនរងគ្រោះថ្នាក់ (ស្លាប់និងរបួស) ដោយគ្រាប់មីន និងសំណល់ជាតិផ្ទុះពីសង្គ្រាម,ព្រះសីហនុ,ចំនួន,2020,0
2019,តម្លៃធម្មតា,ឯកតា,ទិន្នន័យប្រទេស,CMAA_Cambodia Mine Action Authority/DBU,ប្រចាំឆ្នាំ,ជាតិ,១៨.២.១ ចំនួននៃជនរងគ្រោះថ្នាក់ (ស្លាប់និងរបួស) ដោយគ្រាប់មីន និងសំណល់ជាតិផ្ទុះពីសង្គ្រាម,ព្រះសីហនុ,ចំនួន,2020,0
2020,តម្លៃធម្មតា,ឯកតា,ទិន្នន័យប្រទេស,CMAA_Cambodia Mine Action Authority/DBU,ប្រចាំឆ្នាំ,ជាតិ,១៨.២.១ ចំនួននៃជនរងគ្រោះថ្នាក់ (ស្លាប់និងរបួស) ដោយគ្រាប់មីន និងសំណល់ជាតិផ្ទុះពីសង្គ្រាម,ព្រះសីហនុ,ចំនួន,2020,0
2018,តម្លៃធម្មតា,ឯកតា,ទិន្នន័យប្រទេស,CMAA_Cambodia Mine Action Authority/DBU,ប្រចាំឆ្នាំ,ជាតិ,១៨.២.១ ចំនួននៃជនរងគ្រោះថ្នាក់ (ស្លាប់និងរបួស) ដោយគ្រាប់មីន និងសំណល់ជាតិផ្ទុះពីសង្គ្រាម,សៀមរាប,ចំនួន,2020,3
2019,តម្លៃធម្មតា,ឯកតា,ទិន្នន័យប្រទេស,CMAA_Cambodia Mine Action Authority/DBU,ប្រចាំឆ្នាំ,ជាតិ,១៨.២.១ ចំនួននៃជនរងគ្រោះថ្នាក់ (ស្លាប់និងរបួស) ដោយគ្រាប់មីន និងសំណល់ជាតិផ្ទុះពីសង្គ្រាម,សៀមរាប,ចំនួន,2020,1
2020,តម្លៃធម្មតា,ឯកតា,ទិន្នន័យប្រទេស,CMAA_Cambodia Mine Action Authority/DBU,ប្រចាំឆ្នាំ,ជាតិ,១៨.២.១ ចំនួននៃជនរងគ្រោះថ្នាក់ (ស្លាប់និងរបួស) ដោយគ្រាប់មីន និងសំណល់ជាតិផ្ទុះពីសង្គ្រាម,សៀមរាប,ចំនួន,2020,0
