Year,OBS_STATUS,UNIT_MULT,NATURE,SOURCE_DETAIL,FREQ,REPORTING_TYPE,SERIES,REF_AREA,SEX,AGE,URBANISATION,INCOME_WEALTH_QUANTILE,UNIT_MEASURE,TIME_DETAIL,Value
2000,តម្លៃធម្មតា,ឯកតា,ទិន្នន័យប្រទេស,"MoP, NIS & MoH_Cambodia Demographic and Health Survey",ប្រចាំឆ្នាំ,ជាតិ,២.២.២ ភាគរយកុមារអាយុក្រោម៥ឆ្នាំដែលមានភាពស្លេកស្លាំងមធ្យមឬធ្ងន់ធ្ងរ,ប្រទេសកម្ពុជា,ស្រី,អាយុក្រោម ៥ ឆ្នាំ,,,ភាគរយ,2014,14.6
2005,តម្លៃធម្មតា,ឯកតា,ទិន្នន័យប្រទេស,"MoP, NIS & MoH_Cambodia Demographic and Health Survey",ប្រចាំឆ្នាំ,ជាតិ,២.២.២ ភាគរយកុមារអាយុក្រោម៥ឆ្នាំដែលមានភាពស្លេកស្លាំងមធ្យមឬធ្ងន់ធ្ងរ,ប្រទេសកម្ពុជា,ស្រី,អាយុក្រោម ៥ ឆ្នាំ,,,ភាគរយ,2014,7.4
2010,តម្លៃធម្មតា,ឯកតា,ទិន្នន័យប្រទេស,"MoP, NIS & MoH_Cambodia Demographic and Health Survey",ប្រចាំឆ្នាំ,ជាតិ,២.២.២ ភាគរយកុមារអាយុក្រោម៥ឆ្នាំដែលមានភាពស្លេកស្លាំងមធ្យមឬធ្ងន់ធ្ងរ,ប្រទេសកម្ពុជា,ស្រី,អាយុក្រោម ៥ ឆ្នាំ,,,ភាគរយ,2014,10.4
2014,តម្លៃធម្មតា,ឯកតា,ទិន្នន័យប្រទេស,"MoP, NIS & MoH_Cambodia Demographic and Health Survey",ប្រចាំឆ្នាំ,ជាតិ,២.២.២ ភាគរយកុមារអាយុក្រោម៥ឆ្នាំដែលមានភាពស្លេកស្លាំងមធ្យមឬធ្ងន់ធ្ងរ,ប្រទេសកម្ពុជា,ស្រី,អាយុក្រោម ៥ ឆ្នាំ,,,ភាគរយ,2014,9.3
2000,តម្លៃធម្មតា,ឯកតា,ទិន្នន័យប្រទេស,"MoP, NIS & MoH_Cambodia Demographic and Health Survey",ប្រចាំឆ្នាំ,ជាតិ,២.២.២ ភាគរយកុមារអាយុក្រោម៥ឆ្នាំដែលមានភាពស្លេកស្លាំងមធ្យមឬធ្ងន់ធ្ងរ,ប្រទេសកម្ពុជា,ប្រុស,អាយុក្រោម ៥ ឆ្នាំ,,,ភាគរយ,2014,15.4
2005,តម្លៃធម្មតា,ឯកតា,ទិន្នន័យប្រទេស,"MoP, NIS & MoH_Cambodia Demographic and Health Survey",ប្រចាំឆ្នាំ,ជាតិ,២.២.២ ភាគរយកុមារអាយុក្រោម៥ឆ្នាំដែលមានភាពស្លេកស្លាំងមធ្យមឬធ្ងន់ធ្ងរ,ប្រទេសកម្ពុជា,ប្រុស,អាយុក្រោម ៥ ឆ្នាំ,,,ភាគរយ,2014,7.1
2010,តម្លៃធម្មតា,ឯកតា,ទិន្នន័យប្រទេស,"MoP, NIS & MoH_Cambodia Demographic and Health Survey",ប្រចាំឆ្នាំ,ជាតិ,២.២.២ ភាគរយកុមារអាយុក្រោម៥ឆ្នាំដែលមានភាពស្លេកស្លាំងមធ្យមឬធ្ងន់ធ្ងរ,ប្រទេសកម្ពុជា,ប្រុស,អាយុក្រោម ៥ ឆ្នាំ,,,ភាគរយ,2014,11.4
2014,តម្លៃធម្មតា,ឯកតា,ទិន្នន័យប្រទេស,"MoP, NIS & MoH_Cambodia Demographic and Health Survey",ប្រចាំឆ្នាំ,ជាតិ,២.២.២ ភាគរយកុមារអាយុក្រោម៥ឆ្នាំដែលមានភាពស្លេកស្លាំងមធ្យមឬធ្ងន់ធ្ងរ,ប្រទេសកម្ពុជា,ប្រុស,អាយុក្រោម ៥ ឆ្នាំ,,,ភាគរយ,2014,9.9
2000,តម្លៃធម្មតា,ឯកតា,ទិន្នន័យប្រទេស,"MoP, NIS & MoH_Cambodia Demographic and Health Survey",ប្រចាំឆ្នាំ,ជាតិ,២.២.២ ភាគរយកុមារអាយុក្រោម៥ឆ្នាំដែលមានភាពស្លេកស្លាំងមធ្យមឬធ្ងន់ធ្ងរ,ប្រទេសកម្ពុជា,,អាយុក្រោម ៥ ឆ្នាំ,,,ភាគរយ,2014,15.0
2005,តម្លៃធម្មតា,ឯកតា,ទិន្នន័យប្រទេស,"MoP, NIS & MoH_Cambodia Demographic and Health Survey",ប្រចាំឆ្នាំ,ជាតិ,២.២.២ ភាគរយកុមារអាយុក្រោម៥ឆ្នាំដែលមានភាពស្លេកស្លាំងមធ្យមឬធ្ងន់ធ្ងរ,ប្រទេសកម្ពុជា,,អាយុក្រោម ៥ ឆ្នាំ,,,ភាគរយ,2014,7.3
2010,តម្លៃធម្មតា,ឯកតា,ទិន្នន័យប្រទេស,"MoP, NIS & MoH_Cambodia Demographic and Health Survey",ប្រចាំឆ្នាំ,ជាតិ,២.២.២ ភាគរយកុមារអាយុក្រោម៥ឆ្នាំដែលមានភាពស្លេកស្លាំងមធ្យមឬធ្ងន់ធ្ងរ,ប្រទេសកម្ពុជា,,អាយុក្រោម ៥ ឆ្នាំ,,,ភាគរយ,2014,10.9
2014,តម្លៃធម្មតា,ឯកតា,ទិន្នន័យប្រទេស,"MoP, NIS & MoH_Cambodia Demographic and Health Survey",ប្រចាំឆ្នាំ,ជាតិ,២.២.២ ភាគរយកុមារអាយុក្រោម៥ឆ្នាំដែលមានភាពស្លេកស្លាំងមធ្យមឬធ្ងន់ធ្ងរ,ប្រទេសកម្ពុជា,,អាយុក្រោម ៥ ឆ្នាំ,,,ភាគរយ,2014,9.6
2005,តម្លៃធម្មតា,ឯកតា,ទិន្នន័យប្រទេស,"MoP, NIS & MoH_Cambodia Demographic and Health Survey",ប្រចាំឆ្នាំ,ជាតិ,២.២.២ ភាគរយកុមារអាយុក្រោម៥ឆ្នាំដែលមានភាពស្លេកស្លាំងមធ្យមឬធ្ងន់ធ្ងរ,ប្រទេសកម្ពុជា,,អាយុក្រោម ៥ ឆ្នាំ,,ឃ្វីនទី ១ (ក្របំផុត),ភាគរយ,2014,8.3
2010,តម្លៃធម្មតា,ឯកតា,ទិន្នន័យប្រទេស,"MoP, NIS & MoH_Cambodia Demographic and Health Survey",ប្រចាំឆ្នាំ,ជាតិ,២.២.២ ភាគរយកុមារអាយុក្រោម៥ឆ្នាំដែលមានភាពស្លេកស្លាំងមធ្យមឬធ្ងន់ធ្ងរ,ប្រទេសកម្ពុជា,,អាយុក្រោម ៥ ឆ្នាំ,,ឃ្វីនទី ១ (ក្របំផុត),ភាគរយ,2014,11.9
2014,តម្លៃធម្មតា,ឯកតា,ទិន្នន័យប្រទេស,"MoP, NIS & MoH_Cambodia Demographic and Health Survey",ប្រចាំឆ្នាំ,ជាតិ,២.២.២ ភាគរយកុមារអាយុក្រោម៥ឆ្នាំដែលមានភាពស្លេកស្លាំងមធ្យមឬធ្ងន់ធ្ងរ,ប្រទេសកម្ពុជា,,អាយុក្រោម ៥ ឆ្នាំ,,ឃ្វីនទី ១ (ក្របំផុត),ភាគរយ,2014,11.0
2005,តម្លៃធម្មតា,ឯកតា,ទិន្នន័យប្រទេស,"MoP, NIS & MoH_Cambodia Demographic and Health Survey",ប្រចាំឆ្នាំ,ជាតិ,២.២.២ ភាគរយកុមារអាយុក្រោម៥ឆ្នាំដែលមានភាពស្លេកស្លាំងមធ្យមឬធ្ងន់ធ្ងរ,ប្រទេសកម្ពុជា,,អាយុក្រោម ៥ ឆ្នាំ,,ឃ្វីនទី ២,ភាគរយ,2014,9.2
2010,តម្លៃធម្មតា,ឯកតា,ទិន្នន័យប្រទេស,"MoP, NIS & MoH_Cambodia Demographic and Health Survey",ប្រចាំឆ្នាំ,ជាតិ,២.២.២ ភាគរយកុមារអាយុក្រោម៥ឆ្នាំដែលមានភាពស្លេកស្លាំងមធ្យមឬធ្ងន់ធ្ងរ,ប្រទេសកម្ពុជា,,អាយុក្រោម ៥ ឆ្នាំ,,ឃ្វីនទី ២,ភាគរយ,2014,9.6
2014,តម្លៃធម្មតា,ឯកតា,ទិន្នន័យប្រទេស,"MoP, NIS & MoH_Cambodia Demographic and Health Survey",ប្រចាំឆ្នាំ,ជាតិ,២.២.២ ភាគរយកុមារអាយុក្រោម៥ឆ្នាំដែលមានភាពស្លេកស្លាំងមធ្យមឬធ្ងន់ធ្ងរ,ប្រទេសកម្ពុជា,,អាយុក្រោម ៥ ឆ្នាំ,,ឃ្វីនទី ២,ភាគរយ,2014,11.4
2005,តម្លៃធម្មតា,ឯកតា,ទិន្នន័យប្រទេស,"MoP, NIS & MoH_Cambodia Demographic and Health Survey",ប្រចាំឆ្នាំ,ជាតិ,២.២.២ ភាគរយកុមារអាយុក្រោម៥ឆ្នាំដែលមានភាពស្លេកស្លាំងមធ្យមឬធ្ងន់ធ្ងរ,ប្រទេសកម្ពុជា,,អាយុក្រោម ៥ ឆ្នាំ,,ឃ្វីនទី ៣,ភាគរយ,2014,5.5
2010,តម្លៃធម្មតា,ឯកតា,ទិន្នន័យប្រទេស,"MoP, NIS & MoH_Cambodia Demographic and Health Survey",ប្រចាំឆ្នាំ,ជាតិ,២.២.២ ភាគរយកុមារអាយុក្រោម៥ឆ្នាំដែលមានភាពស្លេកស្លាំងមធ្យមឬធ្ងន់ធ្ងរ,ប្រទេសកម្ពុជា,,អាយុក្រោម ៥ ឆ្នាំ,,ឃ្វីនទី ៣,ភាគរយ,2014,11.5
2014,តម្លៃធម្មតា,ឯកតា,ទិន្នន័យប្រទេស,"MoP, NIS & MoH_Cambodia Demographic and Health Survey",ប្រចាំឆ្នាំ,ជាតិ,២.២.២ ភាគរយកុមារអាយុក្រោម៥ឆ្នាំដែលមានភាពស្លេកស្លាំងមធ្យមឬធ្ងន់ធ្ងរ,ប្រទេសកម្ពុជា,,អាយុក្រោម ៥ ឆ្នាំ,,ឃ្វីនទី ៣,ភាគរយ,2014,8.4
2005,តម្លៃធម្មតា,ឯកតា,ទិន្នន័យប្រទេស,"MoP, NIS & MoH_Cambodia Demographic and Health Survey",ប្រចាំឆ្នាំ,ជាតិ,២.២.២ ភាគរយកុមារអាយុក្រោម៥ឆ្នាំដែលមានភាពស្លេកស្លាំងមធ្យមឬធ្ងន់ធ្ងរ,ប្រទេសកម្ពុជា,,អាយុក្រោម ៥ ឆ្នាំ,,ឃ្វីនទី ៤,ភាគរយ,2014,6.0
2010,តម្លៃធម្មតា,ឯកតា,ទិន្នន័យប្រទេស,"MoP, NIS & MoH_Cambodia Demographic and Health Survey",ប្រចាំឆ្នាំ,ជាតិ,២.២.២ ភាគរយកុមារអាយុក្រោម៥ឆ្នាំដែលមានភាពស្លេកស្លាំងមធ្យមឬធ្ងន់ធ្ងរ,ប្រទេសកម្ពុជា,,អាយុក្រោម ៥ ឆ្នាំ,,ឃ្វីនទី ៤,ភាគរយ,2014,11.1
2014,តម្លៃធម្មតា,ឯកតា,ទិន្នន័យប្រទេស,"MoP, NIS & MoH_Cambodia Demographic and Health Survey",ប្រចាំឆ្នាំ,ជាតិ,២.២.២ ភាគរយកុមារអាយុក្រោម៥ឆ្នាំដែលមានភាពស្លេកស្លាំងមធ្យមឬធ្ងន់ធ្ងរ,ប្រទេសកម្ពុជា,,អាយុក្រោម ៥ ឆ្នាំ,,ឃ្វីនទី ៤,ភាគរយ,2014,9.3
2005,តម្លៃធម្មតា,ឯកតា,ទិន្នន័យប្រទេស,"MoP, NIS & MoH_Cambodia Demographic and Health Survey",ប្រចាំឆ្នាំ,ជាតិ,២.២.២ ភាគរយកុមារអាយុក្រោម៥ឆ្នាំដែលមានភាពស្លេកស្លាំងមធ្យមឬធ្ងន់ធ្ងរ,ប្រទេសកម្ពុជា,,អាយុក្រោម ៥ ឆ្នាំ,,ឃ្វីនទី ៥ (មានជាងគេបំផុត),ភាគរយ,2014,6.7
2010,តម្លៃធម្មតា,ឯកតា,ទិន្នន័យប្រទេស,"MoP, NIS & MoH_Cambodia Demographic and Health Survey",ប្រចាំឆ្នាំ,ជាតិ,២.២.២ ភាគរយកុមារអាយុក្រោម៥ឆ្នាំដែលមានភាពស្លេកស្លាំងមធ្យមឬធ្ងន់ធ្ងរ,ប្រទេសកម្ពុជា,,អាយុក្រោម ៥ ឆ្នាំ,,ឃ្វីនទី ៥ (មានជាងគេបំផុត),ភាគរយ,2014,10.1
2014,តម្លៃធម្មតា,ឯកតា,ទិន្នន័យប្រទេស,"MoP, NIS & MoH_Cambodia Demographic and Health Survey",ប្រចាំឆ្នាំ,ជាតិ,២.២.២ ភាគរយកុមារអាយុក្រោម៥ឆ្នាំដែលមានភាពស្លេកស្លាំងមធ្យមឬធ្ងន់ធ្ងរ,ប្រទេសកម្ពុជា,,អាយុក្រោម ៥ ឆ្នាំ,,ឃ្វីនទី ៥ (មានជាងគេបំផុត),ភាគរយ,2014,7.4
2000,តម្លៃធម្មតា,ឯកតា,ទិន្នន័យប្រទេស,"MoP, NIS & MoH_Cambodia Demographic and Health Survey",ប្រចាំឆ្នាំ,ជាតិ,២.២.២ ភាគរយកុមារអាយុក្រោម៥ឆ្នាំដែលមានភាពស្លេកស្លាំងមធ្យមឬធ្ងន់ធ្ងរ,ប្រទេសកម្ពុជា,,អាយុក្រោម ៥ ឆ្នាំ,ទីប្រជុំជន,,ភាគរយ,2014,12.6
2005,តម្លៃធម្មតា,ឯកតា,ទិន្នន័យប្រទេស,"MoP, NIS & MoH_Cambodia Demographic and Health Survey",ប្រចាំឆ្នាំ,ជាតិ,២.២.២ ភាគរយកុមារអាយុក្រោម៥ឆ្នាំដែលមានភាពស្លេកស្លាំងមធ្យមឬធ្ងន់ធ្ងរ,ប្រទេសកម្ពុជា,,អាយុក្រោម ៥ ឆ្នាំ,ទីប្រជុំជន,,ភាគរយ,2014,8.3
2010,តម្លៃធម្មតា,ឯកតា,ទិន្នន័យប្រទេស,"MoP, NIS & MoH_Cambodia Demographic and Health Survey",ប្រចាំឆ្នាំ,ជាតិ,២.២.២ ភាគរយកុមារអាយុក្រោម៥ឆ្នាំដែលមានភាពស្លេកស្លាំងមធ្យមឬធ្ងន់ធ្ងរ,ប្រទេសកម្ពុជា,,អាយុក្រោម ៥ ឆ្នាំ,ទីប្រជុំជន,,ភាគរយ,2014,11.6
2014,តម្លៃធម្មតា,ឯកតា,ទិន្នន័យប្រទេស,"MoP, NIS & MoH_Cambodia Demographic and Health Survey",ប្រចាំឆ្នាំ,ជាតិ,២.២.២ ភាគរយកុមារអាយុក្រោម៥ឆ្នាំដែលមានភាពស្លេកស្លាំងមធ្យមឬធ្ងន់ធ្ងរ,ប្រទេសកម្ពុជា,,អាយុក្រោម ៥ ឆ្នាំ,ទីប្រជុំជន,,ភាគរយ,2014,7.5
2000,តម្លៃធម្មតា,ឯកតា,ទិន្នន័យប្រទេស,"MoP, NIS & MoH_Cambodia Demographic and Health Survey",ប្រចាំឆ្នាំ,ជាតិ,២.២.២ ភាគរយកុមារអាយុក្រោម៥ឆ្នាំដែលមានភាពស្លេកស្លាំងមធ្យមឬធ្ងន់ធ្ងរ,ប្រទេសកម្ពុជា,,អាយុក្រោម ៥ ឆ្នាំ,ជនបទ,,ភាគរយ,2014,15.4
2005,តម្លៃធម្មតា,ឯកតា,ទិន្នន័យប្រទេស,"MoP, NIS & MoH_Cambodia Demographic and Health Survey",ប្រចាំឆ្នាំ,ជាតិ,២.២.២ ភាគរយកុមារអាយុក្រោម៥ឆ្នាំដែលមានភាពស្លេកស្លាំងមធ្យមឬធ្ងន់ធ្ងរ,ប្រទេសកម្ពុជា,,អាយុក្រោម ៥ ឆ្នាំ,ជនបទ,,ភាគរយ,2014,7.1
2010,តម្លៃធម្មតា,ឯកតា,ទិន្នន័យប្រទេស,"MoP, NIS & MoH_Cambodia Demographic and Health Survey",ប្រចាំឆ្នាំ,ជាតិ,២.២.២ ភាគរយកុមារអាយុក្រោម៥ឆ្នាំដែលមានភាពស្លេកស្លាំងមធ្យមឬធ្ងន់ធ្ងរ,ប្រទេសកម្ពុជា,,អាយុក្រោម ៥ ឆ្នាំ,ជនបទ,,ភាគរយ,2014,10.8
2014,តម្លៃធម្មតា,ឯកតា,ទិន្នន័យប្រទេស,"MoP, NIS & MoH_Cambodia Demographic and Health Survey",ប្រចាំឆ្នាំ,ជាតិ,២.២.២ ភាគរយកុមារអាយុក្រោម៥ឆ្នាំដែលមានភាពស្លេកស្លាំងមធ្យមឬធ្ងន់ធ្ងរ,ប្រទេសកម្ពុជា,,អាយុក្រោម ៥ ឆ្នាំ,ជនបទ,,ភាគរយ,2014,9.9
2000,តម្លៃធម្មតា,ឯកតា,ទិន្នន័យប្រទេស,"MoP, NIS & MoH_Cambodia Demographic and Health Survey",ប្រចាំឆ្នាំ,ជាតិ,២.២.២ ភាគរយកុមារអាយុក្រោម៥ឆ្នាំដែលមានភាពស្លេកស្លាំងមធ្យមឬធ្ងន់ធ្ងរ,បន្ទាយមានជ័យ,,អាយុក្រោម ៥ ឆ្នាំ,,,ភាគរយ,2014,19.5
2005,តម្លៃធម្មតា,ឯកតា,ទិន្នន័យប្រទេស,"MoP, NIS & MoH_Cambodia Demographic and Health Survey",ប្រចាំឆ្នាំ,ជាតិ,២.២.២ ភាគរយកុមារអាយុក្រោម៥ឆ្នាំដែលមានភាពស្លេកស្លាំងមធ្យមឬធ្ងន់ធ្ងរ,បន្ទាយមានជ័យ,,អាយុក្រោម ៥ ឆ្នាំ,,,ភាគរយ,2014,5.5
2010,តម្លៃធម្មតា,ឯកតា,ទិន្នន័យប្រទេស,"MoP, NIS & MoH_Cambodia Demographic and Health Survey",ប្រចាំឆ្នាំ,ជាតិ,២.២.២ ភាគរយកុមារអាយុក្រោម៥ឆ្នាំដែលមានភាពស្លេកស្លាំងមធ្យមឬធ្ងន់ធ្ងរ,បន្ទាយមានជ័យ,,អាយុក្រោម ៥ ឆ្នាំ,,,ភាគរយ,2014,7.3
2014,តម្លៃធម្មតា,ឯកតា,ទិន្នន័យប្រទេស,"MoP, NIS & MoH_Cambodia Demographic and Health Survey",ប្រចាំឆ្នាំ,ជាតិ,២.២.២ ភាគរយកុមារអាយុក្រោម៥ឆ្នាំដែលមានភាពស្លេកស្លាំងមធ្យមឬធ្ងន់ធ្ងរ,បន្ទាយមានជ័យ,,អាយុក្រោម ៥ ឆ្នាំ,,,ភាគរយ,2014,7.8
2000,តម្លៃធម្មតា,ឯកតា,ទិន្នន័យប្រទេស,"MoP, NIS & MoH_Cambodia Demographic and Health Survey",ប្រចាំឆ្នាំ,ជាតិ,២.២.២ ភាគរយកុមារអាយុក្រោម៥ឆ្នាំដែលមានភាពស្លេកស្លាំងមធ្យមឬធ្ងន់ធ្ងរ,កំពង់ចាម,,អាយុក្រោម ៥ ឆ្នាំ,,,ភាគរយ,2014,15.6
2005,តម្លៃធម្មតា,ឯកតា,ទិន្នន័យប្រទេស,"MoP, NIS & MoH_Cambodia Demographic and Health Survey",ប្រចាំឆ្នាំ,ជាតិ,២.២.២ ភាគរយកុមារអាយុក្រោម៥ឆ្នាំដែលមានភាពស្លេកស្លាំងមធ្យមឬធ្ងន់ធ្ងរ,កំពង់ចាម,,អាយុក្រោម ៥ ឆ្នាំ,,,ភាគរយ,2014,6.0
2010,តម្លៃធម្មតា,ឯកតា,ទិន្នន័យប្រទេស,"MoP, NIS & MoH_Cambodia Demographic and Health Survey",ប្រចាំឆ្នាំ,ជាតិ,២.២.២ ភាគរយកុមារអាយុក្រោម៥ឆ្នាំដែលមានភាពស្លេកស្លាំងមធ្យមឬធ្ងន់ធ្ងរ,កំពង់ចាម,,អាយុក្រោម ៥ ឆ្នាំ,,,ភាគរយ,2014,11.8
2014,តម្លៃធម្មតា,ឯកតា,ទិន្នន័យប្រទេស,"MoP, NIS & MoH_Cambodia Demographic and Health Survey",ប្រចាំឆ្នាំ,ជាតិ,២.២.២ ភាគរយកុមារអាយុក្រោម៥ឆ្នាំដែលមានភាពស្លេកស្លាំងមធ្យមឬធ្ងន់ធ្ងរ,កំពង់ចាម,,អាយុក្រោម ៥ ឆ្នាំ,,,ភាគរយ,2014,8.1
2000,តម្លៃធម្មតា,ឯកតា,ទិន្នន័យប្រទេស,"MoP, NIS & MoH_Cambodia Demographic and Health Survey",ប្រចាំឆ្នាំ,ជាតិ,២.២.២ ភាគរយកុមារអាយុក្រោម៥ឆ្នាំដែលមានភាពស្លេកស្លាំងមធ្យមឬធ្ងន់ធ្ងរ,កំពង់ឆ្នាំង,,អាយុក្រោម ៥ ឆ្នាំ,,,ភាគរយ,2014,9.5
2005,តម្លៃធម្មតា,ឯកតា,ទិន្នន័យប្រទេស,"MoP, NIS & MoH_Cambodia Demographic and Health Survey",ប្រចាំឆ្នាំ,ជាតិ,២.២.២ ភាគរយកុមារអាយុក្រោម៥ឆ្នាំដែលមានភាពស្លេកស្លាំងមធ្យមឬធ្ងន់ធ្ងរ,កំពង់ឆ្នាំង,,អាយុក្រោម ៥ ឆ្នាំ,,,ភាគរយ,2014,4.6
2010,តម្លៃធម្មតា,ឯកតា,ទិន្នន័យប្រទេស,"MoP, NIS & MoH_Cambodia Demographic and Health Survey",ប្រចាំឆ្នាំ,ជាតិ,២.២.២ ភាគរយកុមារអាយុក្រោម៥ឆ្នាំដែលមានភាពស្លេកស្លាំងមធ្យមឬធ្ងន់ធ្ងរ,កំពង់ឆ្នាំង,,អាយុក្រោម ៥ ឆ្នាំ,,,ភាគរយ,2014,11.4
2014,តម្លៃធម្មតា,ឯកតា,ទិន្នន័យប្រទេស,"MoP, NIS & MoH_Cambodia Demographic and Health Survey",ប្រចាំឆ្នាំ,ជាតិ,២.២.២ ភាគរយកុមារអាយុក្រោម៥ឆ្នាំដែលមានភាពស្លេកស្លាំងមធ្យមឬធ្ងន់ធ្ងរ,កំពង់ឆ្នាំង,,អាយុក្រោម ៥ ឆ្នាំ,,,ភាគរយ,2014,11.2
2000,តម្លៃធម្មតា,ឯកតា,ទិន្នន័យប្រទេស,"MoP, NIS & MoH_Cambodia Demographic and Health Survey",ប្រចាំឆ្នាំ,ជាតិ,២.២.២ ភាគរយកុមារអាយុក្រោម៥ឆ្នាំដែលមានភាពស្លេកស្លាំងមធ្យមឬធ្ងន់ធ្ងរ,កំពង់ស្ពឺ,,អាយុក្រោម ៥ ឆ្នាំ,,,ភាគរយ,2014,16.9
2005,តម្លៃធម្មតា,ឯកតា,ទិន្នន័យប្រទេស,"MoP, NIS & MoH_Cambodia Demographic and Health Survey",ប្រចាំឆ្នាំ,ជាតិ,២.២.២ ភាគរយកុមារអាយុក្រោម៥ឆ្នាំដែលមានភាពស្លេកស្លាំងមធ្យមឬធ្ងន់ធ្ងរ,កំពង់ស្ពឺ,,អាយុក្រោម ៥ ឆ្នាំ,,,ភាគរយ,2014,7.6
2010,តម្លៃធម្មតា,ឯកតា,ទិន្នន័យប្រទេស,"MoP, NIS & MoH_Cambodia Demographic and Health Survey",ប្រចាំឆ្នាំ,ជាតិ,២.២.២ ភាគរយកុមារអាយុក្រោម៥ឆ្នាំដែលមានភាពស្លេកស្លាំងមធ្យមឬធ្ងន់ធ្ងរ,កំពង់ស្ពឺ,,អាយុក្រោម ៥ ឆ្នាំ,,,ភាគរយ,2014,10.2
2014,តម្លៃធម្មតា,ឯកតា,ទិន្នន័យប្រទេស,"MoP, NIS & MoH_Cambodia Demographic and Health Survey",ប្រចាំឆ្នាំ,ជាតិ,២.២.២ ភាគរយកុមារអាយុក្រោម៥ឆ្នាំដែលមានភាពស្លេកស្លាំងមធ្យមឬធ្ងន់ធ្ងរ,កំពង់ស្ពឺ,,អាយុក្រោម ៥ ឆ្នាំ,,,ភាគរយ,2014,11.5
2000,តម្លៃធម្មតា,ឯកតា,ទិន្នន័យប្រទេស,"MoP, NIS & MoH_Cambodia Demographic and Health Survey",ប្រចាំឆ្នាំ,ជាតិ,២.២.២ ភាគរយកុមារអាយុក្រោម៥ឆ្នាំដែលមានភាពស្លេកស្លាំងមធ្យមឬធ្ងន់ធ្ងរ,កំពង់ធំ,,អាយុក្រោម ៥ ឆ្នាំ,,,ភាគរយ,2014,24.5
2005,តម្លៃធម្មតា,ឯកតា,ទិន្នន័យប្រទេស,"MoP, NIS & MoH_Cambodia Demographic and Health Survey",ប្រចាំឆ្នាំ,ជាតិ,២.២.២ ភាគរយកុមារអាយុក្រោម៥ឆ្នាំដែលមានភាពស្លេកស្លាំងមធ្យមឬធ្ងន់ធ្ងរ,កំពង់ធំ,,អាយុក្រោម ៥ ឆ្នាំ,,,ភាគរយ,2014,3.4
2010,តម្លៃធម្មតា,ឯកតា,ទិន្នន័យប្រទេស,"MoP, NIS & MoH_Cambodia Demographic and Health Survey",ប្រចាំឆ្នាំ,ជាតិ,២.២.២ ភាគរយកុមារអាយុក្រោម៥ឆ្នាំដែលមានភាពស្លេកស្លាំងមធ្យមឬធ្ងន់ធ្ងរ,កំពង់ធំ,,អាយុក្រោម ៥ ឆ្នាំ,,,ភាគរយ,2014,11.5
2014,តម្លៃធម្មតា,ឯកតា,ទិន្នន័យប្រទេស,"MoP, NIS & MoH_Cambodia Demographic and Health Survey",ប្រចាំឆ្នាំ,ជាតិ,២.២.២ ភាគរយកុមារអាយុក្រោម៥ឆ្នាំដែលមានភាពស្លេកស្លាំងមធ្យមឬធ្ងន់ធ្ងរ,កំពង់ធំ,,អាយុក្រោម ៥ ឆ្នាំ,,,ភាគរយ,2014,13.0
2000,តម្លៃធម្មតា,ឯកតា,ទិន្នន័យប្រទេស,"MoP, NIS & MoH_Cambodia Demographic and Health Survey",ប្រចាំឆ្នាំ,ជាតិ,២.២.២ ភាគរយកុមារអាយុក្រោម៥ឆ្នាំដែលមានភាពស្លេកស្លាំងមធ្យមឬធ្ងន់ធ្ងរ,កណ្តាល,,អាយុក្រោម ៥ ឆ្នាំ,,,ភាគរយ,2014,11.8
2005,តម្លៃធម្មតា,ឯកតា,ទិន្នន័យប្រទេស,"MoP, NIS & MoH_Cambodia Demographic and Health Survey",ប្រចាំឆ្នាំ,ជាតិ,២.២.២ ភាគរយកុមារអាយុក្រោម៥ឆ្នាំដែលមានភាពស្លេកស្លាំងមធ្យមឬធ្ងន់ធ្ងរ,កណ្តាល,,អាយុក្រោម ៥ ឆ្នាំ,,,ភាគរយ,2014,11.5
2010,តម្លៃធម្មតា,ឯកតា,ទិន្នន័យប្រទេស,"MoP, NIS & MoH_Cambodia Demographic and Health Survey",ប្រចាំឆ្នាំ,ជាតិ,២.២.២ ភាគរយកុមារអាយុក្រោម៥ឆ្នាំដែលមានភាពស្លេកស្លាំងមធ្យមឬធ្ងន់ធ្ងរ,កណ្តាល,,អាយុក្រោម ៥ ឆ្នាំ,,,ភាគរយ,2014,9.9
2014,តម្លៃធម្មតា,ឯកតា,ទិន្នន័យប្រទេស,"MoP, NIS & MoH_Cambodia Demographic and Health Survey",ប្រចាំឆ្នាំ,ជាតិ,២.២.២ ភាគរយកុមារអាយុក្រោម៥ឆ្នាំដែលមានភាពស្លេកស្លាំងមធ្យមឬធ្ងន់ធ្ងរ,កណ្តាល,,អាយុក្រោម ៥ ឆ្នាំ,,,ភាគរយ,2014,9.2
2000,តម្លៃធម្មតា,ឯកតា,ទិន្នន័យប្រទេស,"MoP, NIS & MoH_Cambodia Demographic and Health Survey",ប្រចាំឆ្នាំ,ជាតិ,២.២.២ ភាគរយកុមារអាយុក្រោម៥ឆ្នាំដែលមានភាពស្លេកស្លាំងមធ្យមឬធ្ងន់ធ្ងរ,កោះកុង,,អាយុក្រោម ៥ ឆ្នាំ,,,ភាគរយ,2000,14.7
2005,តម្លៃធម្មតា,ឯកតា,ទិន្នន័យប្រទេស,"MoP, NIS & MoH_Cambodia Demographic and Health Survey",ប្រចាំឆ្នាំ,ជាតិ,២.២.២ ភាគរយកុមារអាយុក្រោម៥ឆ្នាំដែលមានភាពស្លេកស្លាំងមធ្យមឬធ្ងន់ធ្ងរ,ខេត្តក្រចេះ,,អាយុក្រោម ៥ ឆ្នាំ,,,ភាគរយ,2014,4.2
2010,តម្លៃធម្មតា,ឯកតា,ទិន្នន័យប្រទេស,"MoP, NIS & MoH_Cambodia Demographic and Health Survey",ប្រចាំឆ្នាំ,ជាតិ,២.២.២ ភាគរយកុមារអាយុក្រោម៥ឆ្នាំដែលមានភាពស្លេកស្លាំងមធ្យមឬធ្ងន់ធ្ងរ,ខេត្តក្រចេះ,,អាយុក្រោម ៥ ឆ្នាំ,,,ភាគរយ,2014,7.1
2014,តម្លៃធម្មតា,ឯកតា,ទិន្នន័យប្រទេស,"MoP, NIS & MoH_Cambodia Demographic and Health Survey",ប្រចាំឆ្នាំ,ជាតិ,២.២.២ ភាគរយកុមារអាយុក្រោម៥ឆ្នាំដែលមានភាពស្លេកស្លាំងមធ្យមឬធ្ងន់ធ្ងរ,ខេត្តក្រចេះ,,អាយុក្រោម ៥ ឆ្នាំ,,,ភាគរយ,2014,6.5
2005,តម្លៃធម្មតា,ឯកតា,ទិន្នន័យប្រទេស,"MoP, NIS & MoH_Cambodia Demographic and Health Survey",ប្រចាំឆ្នាំ,ជាតិ,២.២.២ ភាគរយកុមារអាយុក្រោម៥ឆ្នាំដែលមានភាពស្លេកស្លាំងមធ្យមឬធ្ងន់ធ្ងរ,ឧត្តរមានជ័យ,,អាយុក្រោម ៥ ឆ្នាំ,,,ភាគរយ,2014,10.3
2010,តម្លៃធម្មតា,ឯកតា,ទិន្នន័យប្រទេស,"MoP, NIS & MoH_Cambodia Demographic and Health Survey",ប្រចាំឆ្នាំ,ជាតិ,២.២.២ ភាគរយកុមារអាយុក្រោម៥ឆ្នាំដែលមានភាពស្លេកស្លាំងមធ្យមឬធ្ងន់ធ្ងរ,ឧត្តរមានជ័យ,,អាយុក្រោម ៥ ឆ្នាំ,,,ភាគរយ,2014,17.6
2014,តម្លៃធម្មតា,ឯកតា,ទិន្នន័យប្រទេស,"MoP, NIS & MoH_Cambodia Demographic and Health Survey",ប្រចាំឆ្នាំ,ជាតិ,២.២.២ ភាគរយកុមារអាយុក្រោម៥ឆ្នាំដែលមានភាពស្លេកស្លាំងមធ្យមឬធ្ងន់ធ្ងរ,ឧត្តរមានជ័យ,,អាយុក្រោម ៥ ឆ្នាំ,,,ភាគរយ,2014,15.1
2000,តម្លៃធម្មតា,ឯកតា,ទិន្នន័យប្រទេស,"MoP, NIS & MoH_Cambodia Demographic and Health Survey",ប្រចាំឆ្នាំ,ជាតិ,២.២.២ ភាគរយកុមារអាយុក្រោម៥ឆ្នាំដែលមានភាពស្លេកស្លាំងមធ្យមឬធ្ងន់ធ្ងរ,ភ្នំពេញ,,អាយុក្រោម ៥ ឆ្នាំ,,,ភាគរយ,2014,18.3
2005,តម្លៃធម្មតា,ឯកតា,ទិន្នន័យប្រទេស,"MoP, NIS & MoH_Cambodia Demographic and Health Survey",ប្រចាំឆ្នាំ,ជាតិ,២.២.២ ភាគរយកុមារអាយុក្រោម៥ឆ្នាំដែលមានភាពស្លេកស្លាំងមធ្យមឬធ្ងន់ធ្ងរ,ភ្នំពេញ,,អាយុក្រោម ៥ ឆ្នាំ,,,ភាគរយ,2014,5.5
2010,តម្លៃធម្មតា,ឯកតា,ទិន្នន័យប្រទេស,"MoP, NIS & MoH_Cambodia Demographic and Health Survey",ប្រចាំឆ្នាំ,ជាតិ,២.២.២ ភាគរយកុមារអាយុក្រោម៥ឆ្នាំដែលមានភាពស្លេកស្លាំងមធ្យមឬធ្ងន់ធ្ងរ,ភ្នំពេញ,,អាយុក្រោម ៥ ឆ្នាំ,,,ភាគរយ,2014,11.2
2014,តម្លៃធម្មតា,ឯកតា,ទិន្នន័យប្រទេស,"MoP, NIS & MoH_Cambodia Demographic and Health Survey",ប្រចាំឆ្នាំ,ជាតិ,២.២.២ ភាគរយកុមារអាយុក្រោម៥ឆ្នាំដែលមានភាពស្លេកស្លាំងមធ្យមឬធ្ងន់ធ្ងរ,ភ្នំពេញ,,អាយុក្រោម ៥ ឆ្នាំ,,,ភាគរយ,2014,8.4
2000,តម្លៃធម្មតា,ឯកតា,ទិន្នន័យប្រទេស,"MoP, NIS & MoH_Cambodia Demographic and Health Survey",ប្រចាំឆ្នាំ,ជាតិ,២.២.២ ភាគរយកុមារអាយុក្រោម៥ឆ្នាំដែលមានភាពស្លេកស្លាំងមធ្យមឬធ្ងន់ធ្ងរ,ព្រៃវែង,,អាយុក្រោម ៥ ឆ្នាំ,,,ភាគរយ,2014,15.1
2005,តម្លៃធម្មតា,ឯកតា,ទិន្នន័យប្រទេស,"MoP, NIS & MoH_Cambodia Demographic and Health Survey",ប្រចាំឆ្នាំ,ជាតិ,២.២.២ ភាគរយកុមារអាយុក្រោម៥ឆ្នាំដែលមានភាពស្លេកស្លាំងមធ្យមឬធ្ងន់ធ្ងរ,ព្រៃវែង,,អាយុក្រោម ៥ ឆ្នាំ,,,ភាគរយ,2014,11.3
2010,តម្លៃធម្មតា,ឯកតា,ទិន្នន័យប្រទេស,"MoP, NIS & MoH_Cambodia Demographic and Health Survey",ប្រចាំឆ្នាំ,ជាតិ,២.២.២ ភាគរយកុមារអាយុក្រោម៥ឆ្នាំដែលមានភាពស្លេកស្លាំងមធ្យមឬធ្ងន់ធ្ងរ,ព្រៃវែង,,អាយុក្រោម ៥ ឆ្នាំ,,,ភាគរយ,2014,10.9
2014,តម្លៃធម្មតា,ឯកតា,ទិន្នន័យប្រទេស,"MoP, NIS & MoH_Cambodia Demographic and Health Survey",ប្រចាំឆ្នាំ,ជាតិ,២.២.២ ភាគរយកុមារអាយុក្រោម៥ឆ្នាំដែលមានភាពស្លេកស្លាំងមធ្យមឬធ្ងន់ធ្ងរ,ព្រៃវែង,,អាយុក្រោម ៥ ឆ្នាំ,,,ភាគរយ,2014,8.6
2000,តម្លៃធម្មតា,ឯកតា,ទិន្នន័យប្រទេស,"MoP, NIS & MoH_Cambodia Demographic and Health Survey",ប្រចាំឆ្នាំ,ជាតិ,២.២.២ ភាគរយកុមារអាយុក្រោម៥ឆ្នាំដែលមានភាពស្លេកស្លាំងមធ្យមឬធ្ងន់ធ្ងរ,ពោធិសាត់,,អាយុក្រោម ៥ ឆ្នាំ,,,ភាគរយ,2014,13.4
2005,តម្លៃធម្មតា,ឯកតា,ទិន្នន័យប្រទេស,"MoP, NIS & MoH_Cambodia Demographic and Health Survey",ប្រចាំឆ្នាំ,ជាតិ,២.២.២ ភាគរយកុមារអាយុក្រោម៥ឆ្នាំដែលមានភាពស្លេកស្លាំងមធ្យមឬធ្ងន់ធ្ងរ,ពោធិសាត់,,អាយុក្រោម ៥ ឆ្នាំ,,,ភាគរយ,2014,17.0
2010,តម្លៃធម្មតា,ឯកតា,ទិន្នន័យប្រទេស,"MoP, NIS & MoH_Cambodia Demographic and Health Survey",ប្រចាំឆ្នាំ,ជាតិ,២.២.២ ភាគរយកុមារអាយុក្រោម៥ឆ្នាំដែលមានភាពស្លេកស្លាំងមធ្យមឬធ្ងន់ធ្ងរ,ពោធិសាត់,,អាយុក្រោម ៥ ឆ្នាំ,,,ភាគរយ,2014,13.3
2014,តម្លៃធម្មតា,ឯកតា,ទិន្នន័យប្រទេស,"MoP, NIS & MoH_Cambodia Demographic and Health Survey",ប្រចាំឆ្នាំ,ជាតិ,២.២.២ ភាគរយកុមារអាយុក្រោម៥ឆ្នាំដែលមានភាពស្លេកស្លាំងមធ្យមឬធ្ងន់ធ្ងរ,ពោធិសាត់,,អាយុក្រោម ៥ ឆ្នាំ,,,ភាគរយ,2014,12.3
2005,តម្លៃធម្មតា,ឯកតា,ទិន្នន័យប្រទេស,"MoP, NIS & MoH_Cambodia Demographic and Health Survey",ប្រចាំឆ្នាំ,ជាតិ,២.២.២ ភាគរយកុមារអាយុក្រោម៥ឆ្នាំដែលមានភាពស្លេកស្លាំងមធ្យមឬធ្ងន់ធ្ងរ,សៀមរាប,,អាយុក្រោម ៥ ឆ្នាំ,,,ភាគរយ,2014,6.3
2010,តម្លៃធម្មតា,ឯកតា,ទិន្នន័យប្រទេស,"MoP, NIS & MoH_Cambodia Demographic and Health Survey",ប្រចាំឆ្នាំ,ជាតិ,២.២.២ ភាគរយកុមារអាយុក្រោម៥ឆ្នាំដែលមានភាពស្លេកស្លាំងមធ្យមឬធ្ងន់ធ្ងរ,សៀមរាប,,អាយុក្រោម ៥ ឆ្នាំ,,,ភាគរយ,2014,12.3
2014,តម្លៃធម្មតា,ឯកតា,ទិន្នន័យប្រទេស,"MoP, NIS & MoH_Cambodia Demographic and Health Survey",ប្រចាំឆ្នាំ,ជាតិ,២.២.២ ភាគរយកុមារអាយុក្រោម៥ឆ្នាំដែលមានភាពស្លេកស្លាំងមធ្យមឬធ្ងន់ធ្ងរ,សៀមរាប,,អាយុក្រោម ៥ ឆ្នាំ,,,ភាគរយ,2014,9.5
2000,តម្លៃធម្មតា,ឯកតា,ទិន្នន័យប្រទេស,"MoP, NIS & MoH_Cambodia Demographic and Health Survey",ប្រចាំឆ្នាំ,ជាតិ,២.២.២ ភាគរយកុមារអាយុក្រោម៥ឆ្នាំដែលមានភាពស្លេកស្លាំងមធ្យមឬធ្ងន់ធ្ងរ,ស្វាយរៀង,,អាយុក្រោម ៥ ឆ្នាំ,,,ភាគរយ,2014,13.0
2005,តម្លៃធម្មតា,ឯកតា,ទិន្នន័យប្រទេស,"MoP, NIS & MoH_Cambodia Demographic and Health Survey",ប្រចាំឆ្នាំ,ជាតិ,២.២.២ ភាគរយកុមារអាយុក្រោម៥ឆ្នាំដែលមានភាពស្លេកស្លាំងមធ្យមឬធ្ងន់ធ្ងរ,ស្វាយរៀង,,អាយុក្រោម ៥ ឆ្នាំ,,,ភាគរយ,2014,7.8
2010,តម្លៃធម្មតា,ឯកតា,ទិន្នន័យប្រទេស,"MoP, NIS & MoH_Cambodia Demographic and Health Survey",ប្រចាំឆ្នាំ,ជាតិ,២.២.២ ភាគរយកុមារអាយុក្រោម៥ឆ្នាំដែលមានភាពស្លេកស្លាំងមធ្យមឬធ្ងន់ធ្ងរ,ស្វាយរៀង,,អាយុក្រោម ៥ ឆ្នាំ,,,ភាគរយ,2014,12.2
2014,តម្លៃធម្មតា,ឯកតា,ទិន្នន័យប្រទេស,"MoP, NIS & MoH_Cambodia Demographic and Health Survey",ប្រចាំឆ្នាំ,ជាតិ,២.២.២ ភាគរយកុមារអាយុក្រោម៥ឆ្នាំដែលមានភាពស្លេកស្លាំងមធ្យមឬធ្ងន់ធ្ងរ,ស្វាយរៀង,,អាយុក្រោម ៥ ឆ្នាំ,,,ភាគរយ,2014,7.6
2000,តម្លៃធម្មតា,ឯកតា,ទិន្នន័យប្រទេស,"MoP, NIS & MoH_Cambodia Demographic and Health Survey",ប្រចាំឆ្នាំ,ជាតិ,២.២.២ ភាគរយកុមារអាយុក្រោម៥ឆ្នាំដែលមានភាពស្លេកស្លាំងមធ្យមឬធ្ងន់ធ្ងរ,តាកែវ,,អាយុក្រោម ៥ ឆ្នាំ,,,ភាគរយ,2014,17.2
2005,តម្លៃធម្មតា,ឯកតា,ទិន្នន័យប្រទេស,"MoP, NIS & MoH_Cambodia Demographic and Health Survey",ប្រចាំឆ្នាំ,ជាតិ,២.២.២ ភាគរយកុមារអាយុក្រោម៥ឆ្នាំដែលមានភាពស្លេកស្លាំងមធ្យមឬធ្ងន់ធ្ងរ,តាកែវ,,អាយុក្រោម ៥ ឆ្នាំ,,,ភាគរយ,2014,7.6
2010,តម្លៃធម្មតា,ឯកតា,ទិន្នន័យប្រទេស,"MoP, NIS & MoH_Cambodia Demographic and Health Survey",ប្រចាំឆ្នាំ,ជាតិ,២.២.២ ភាគរយកុមារអាយុក្រោម៥ឆ្នាំដែលមានភាពស្លេកស្លាំងមធ្យមឬធ្ងន់ធ្ងរ,តាកែវ,,អាយុក្រោម ៥ ឆ្នាំ,,,ភាគរយ,2014,9.5
2014,តម្លៃធម្មតា,ឯកតា,ទិន្នន័យប្រទេស,"MoP, NIS & MoH_Cambodia Demographic and Health Survey",ប្រចាំឆ្នាំ,ជាតិ,២.២.២ ភាគរយកុមារអាយុក្រោម៥ឆ្នាំដែលមានភាពស្លេកស្លាំងមធ្យមឬធ្ងន់ធ្ងរ,តាកែវ,,អាយុក្រោម ៥ ឆ្នាំ,,,ភាគរយ,2014,14.6
2000,តម្លៃធម្មតា,ឯកតា,ទិន្នន័យប្រទេស,"MoP, NIS & MoH_Cambodia Demographic and Health Survey",ប្រចាំឆ្នាំ,ជាតិ,២.២.២ ភាគរយកុមារអាយុក្រោម៥ឆ្នាំដែលមានភាពស្លេកស្លាំងមធ្យមឬធ្ងន់ធ្ងរ,ខេត្តបាត់ដំបងនិងប៉ៃលិន,,អាយុក្រោម ៥ ឆ្នាំ,,,ភាគរយ,2014,21.1
2005,តម្លៃធម្មតា,ឯកតា,ទិន្នន័យប្រទេស,"MoP, NIS & MoH_Cambodia Demographic and Health Survey",ប្រចាំឆ្នាំ,ជាតិ,២.២.២ ភាគរយកុមារអាយុក្រោម៥ឆ្នាំដែលមានភាពស្លេកស្លាំងមធ្យមឬធ្ងន់ធ្ងរ,ខេត្តបាត់ដំបងនិងប៉ៃលិន,,អាយុក្រោម ៥ ឆ្នាំ,,,ភាគរយ,2014,5.6
2010,តម្លៃធម្មតា,ឯកតា,ទិន្នន័យប្រទេស,"MoP, NIS & MoH_Cambodia Demographic and Health Survey",ប្រចាំឆ្នាំ,ជាតិ,២.២.២ ភាគរយកុមារអាយុក្រោម៥ឆ្នាំដែលមានភាពស្លេកស្លាំងមធ្យមឬធ្ងន់ធ្ងរ,ខេត្តបាត់ដំបងនិងប៉ៃលិន,,អាយុក្រោម ៥ ឆ្នាំ,,,ភាគរយ,2014,14.4
2014,តម្លៃធម្មតា,ឯកតា,ទិន្នន័យប្រទេស,"MoP, NIS & MoH_Cambodia Demographic and Health Survey",ប្រចាំឆ្នាំ,ជាតិ,២.២.២ ភាគរយកុមារអាយុក្រោម៥ឆ្នាំដែលមានភាពស្លេកស្លាំងមធ្យមឬធ្ងន់ធ្ងរ,ខេត្តបាត់ដំបងនិងប៉ៃលិន,,អាយុក្រោម ៥ ឆ្នាំ,,,ភាគរយ,2014,7.9
2000,តម្លៃធម្មតា,ឯកតា,ទិន្នន័យប្រទេស,"MoP, NIS & MoH_Cambodia Demographic and Health Survey",ប្រចាំឆ្នាំ,ជាតិ,២.២.២ ភាគរយកុមារអាយុក្រោម៥ឆ្នាំដែលមានភាពស្លេកស្លាំងមធ្យមឬធ្ងន់ធ្ងរ,កំពតព្រះសីហនុនិងកែប,,អាយុក្រោម ៥ ឆ្នាំ,,,ភាគរយ,2000,9.6
2000,តម្លៃធម្មតា,ឯកតា,ទិន្នន័យប្រទេស,"MoP, NIS & MoH_Cambodia Demographic and Health Survey",ប្រចាំឆ្នាំ,ជាតិ,២.២.២ ភាគរយកុមារអាយុក្រោម៥ឆ្នាំដែលមានភាពស្លេកស្លាំងមធ្យមឬធ្ងន់ធ្ងរ,ខេត្តក្រចេះព្រះវិហារនិងស្ទឹងត្រែង,,អាយុក្រោម ៥ ឆ្នាំ,,,ភាគរយ,2000,10.9
2000,តម្លៃធម្មតា,ឯកតា,ទិន្នន័យប្រទេស,"MoP, NIS & MoH_Cambodia Demographic and Health Survey",ប្រចាំឆ្នាំ,ជាតិ,២.២.២ ភាគរយកុមារអាយុក្រោម៥ឆ្នាំដែលមានភាពស្លេកស្លាំងមធ្យមឬធ្ងន់ធ្ងរ,មណ្ឌលគីរីនិងរតនគិរី,,អាយុក្រោម ៥ ឆ្នាំ,,,ភាគរយ,2014,15.2
2005,តម្លៃធម្មតា,ឯកតា,ទិន្នន័យប្រទេស,"MoP, NIS & MoH_Cambodia Demographic and Health Survey",ប្រចាំឆ្នាំ,ជាតិ,២.២.២ ភាគរយកុមារអាយុក្រោម៥ឆ្នាំដែលមានភាពស្លេកស្លាំងមធ្យមឬធ្ងន់ធ្ងរ,មណ្ឌលគីរីនិងរតនគិរី,,អាយុក្រោម ៥ ឆ្នាំ,,,ភាគរយ,2014,7.6
2010,តម្លៃធម្មតា,ឯកតា,ទិន្នន័យប្រទេស,"MoP, NIS & MoH_Cambodia Demographic and Health Survey",ប្រចាំឆ្នាំ,ជាតិ,២.២.២ ភាគរយកុមារអាយុក្រោម៥ឆ្នាំដែលមានភាពស្លេកស្លាំងមធ្យមឬធ្ងន់ធ្ងរ,មណ្ឌលគីរីនិងរតនគិរី,,អាយុក្រោម ៥ ឆ្នាំ,,,ភាគរយ,2014,10.3
2014,តម្លៃធម្មតា,ឯកតា,ទិន្នន័យប្រទេស,"MoP, NIS & MoH_Cambodia Demographic and Health Survey",ប្រចាំឆ្នាំ,ជាតិ,២.២.២ ភាគរយកុមារអាយុក្រោម៥ឆ្នាំដែលមានភាពស្លេកស្លាំងមធ្យមឬធ្ងន់ធ្ងរ,មណ្ឌលគីរីនិងរតនគិរី,,អាយុក្រោម ៥ ឆ្នាំ,,,ភាគរយ,2014,8.2
2000,តម្លៃធម្មតា,ឯកតា,ទិន្នន័យប្រទេស,"MoP, NIS & MoH_Cambodia Demographic and Health Survey",ប្រចាំឆ្នាំ,ជាតិ,២.២.២ ភាគរយកុមារអាយុក្រោម៥ឆ្នាំដែលមានភាពស្លេកស្លាំងមធ្យមឬធ្ងន់ធ្ងរ,ឧត្តរមានជ័យនិងសៀមរាប,,អាយុក្រោម ៥ ឆ្នាំ,,,ភាគរយ,2000,10.6
2005,តម្លៃធម្មតា,ឯកតា,ទិន្នន័យប្រទេស,"MoP, NIS & MoH_Cambodia Demographic and Health Survey",ប្រចាំឆ្នាំ,ជាតិ,២.២.២ ភាគរយកុមារអាយុក្រោម៥ឆ្នាំដែលមានភាពស្លេកស្លាំងមធ្យមឬធ្ងន់ធ្ងរ,កំពតនិងកែប,,អាយុក្រោម ៥ ឆ្នាំ,,,ភាគរយ,2014,5.0
2010,តម្លៃធម្មតា,ឯកតា,ទិន្នន័យប្រទេស,"MoP, NIS & MoH_Cambodia Demographic and Health Survey",ប្រចាំឆ្នាំ,ជាតិ,២.២.២ ភាគរយកុមារអាយុក្រោម៥ឆ្នាំដែលមានភាពស្លេកស្លាំងមធ្យមឬធ្ងន់ធ្ងរ,កំពតនិងកែប,,អាយុក្រោម ៥ ឆ្នាំ,,,ភាគរយ,2014,8.9
2014,តម្លៃធម្មតា,ឯកតា,ទិន្នន័យប្រទេស,"MoP, NIS & MoH_Cambodia Demographic and Health Survey",ប្រចាំឆ្នាំ,ជាតិ,២.២.២ ភាគរយកុមារអាយុក្រោម៥ឆ្នាំដែលមានភាពស្លេកស្លាំងមធ្យមឬធ្ងន់ធ្ងរ,កំពតនិងកែប,,អាយុក្រោម ៥ ឆ្នាំ,,,ភាគរយ,2014,8.2
2005,តម្លៃធម្មតា,ឯកតា,ទិន្នន័យប្រទេស,"MoP, NIS & MoH_Cambodia Demographic and Health Survey",ប្រចាំឆ្នាំ,ជាតិ,២.២.២ ភាគរយកុមារអាយុក្រោម៥ឆ្នាំដែលមានភាពស្លេកស្លាំងមធ្យមឬធ្ងន់ធ្ងរ,កោះកុងនិងព្រះសីហនុ,,អាយុក្រោម ៥ ឆ្នាំ,,,ភាគរយ,2014,7.3
2010,តម្លៃធម្មតា,ឯកតា,ទិន្នន័យប្រទេស,"MoP, NIS & MoH_Cambodia Demographic and Health Survey",ប្រចាំឆ្នាំ,ជាតិ,២.២.២ ភាគរយកុមារអាយុក្រោម៥ឆ្នាំដែលមានភាពស្លេកស្លាំងមធ្យមឬធ្ងន់ធ្ងរ,កោះកុងនិងព្រះសីហនុ,,អាយុក្រោម ៥ ឆ្នាំ,,,ភាគរយ,2014,9.1
2014,តម្លៃធម្មតា,ឯកតា,ទិន្នន័យប្រទេស,"MoP, NIS & MoH_Cambodia Demographic and Health Survey",ប្រចាំឆ្នាំ,ជាតិ,២.២.២ ភាគរយកុមារអាយុក្រោម៥ឆ្នាំដែលមានភាពស្លេកស្លាំងមធ្យមឬធ្ងន់ធ្ងរ,កោះកុងនិងព្រះសីហនុ,,អាយុក្រោម ៥ ឆ្នាំ,,,ភាគរយ,2014,10.5
2005,តម្លៃធម្មតា,ឯកតា,ទិន្នន័យប្រទេស,"MoP, NIS & MoH_Cambodia Demographic and Health Survey",ប្រចាំឆ្នាំ,ជាតិ,២.២.២ ភាគរយកុមារអាយុក្រោម៥ឆ្នាំដែលមានភាពស្លេកស្លាំងមធ្យមឬធ្ងន់ធ្ងរ,ព្រះវិហារនិងស្ទឹងត្រែង,,អាយុក្រោម ៥ ឆ្នាំ,,,ភាគរយ,2014,9.7
2010,តម្លៃធម្មតា,ឯកតា,ទិន្នន័យប្រទេស,"MoP, NIS & MoH_Cambodia Demographic and Health Survey",ប្រចាំឆ្នាំ,ជាតិ,២.២.២ ភាគរយកុមារអាយុក្រោម៥ឆ្នាំដែលមានភាពស្លេកស្លាំងមធ្យមឬធ្ងន់ធ្ងរ,ព្រះវិហារនិងស្ទឹងត្រែង,,អាយុក្រោម ៥ ឆ្នាំ,,,ភាគរយ,2014,8.0
2014,តម្លៃធម្មតា,ឯកតា,ទិន្នន័យប្រទេស,"MoP, NIS & MoH_Cambodia Demographic and Health Survey",ប្រចាំឆ្នាំ,ជាតិ,២.២.២ ភាគរយកុមារអាយុក្រោម៥ឆ្នាំដែលមានភាពស្លេកស្លាំងមធ្យមឬធ្ងន់ធ្ងរ,ព្រះវិហារនិងស្ទឹងត្រែង,,អាយុក្រោម ៥ ឆ្នាំ,,,ភាគរយ,2014,13.8
