Year,OBS_STATUS,UNIT_MULT,NATURE,SOURCE_DETAIL,FREQ,REPORTING_TYPE,SERIES,REF_AREA,SEX,URBANISATION,UNIT_MEASURE,TIME_DETAIL,Value
1998,តម្លៃធម្មតា,ឯកតា,ទិន្នន័យប្រទេស,"MoP, NIS_General Population Census of Cambodia",ប្រចាំឆ្នាំ,ជាតិ,៣.១.១ អាយុសង្ឃឹមរស់ពីកំណើត,ប្រទេសកម្ពុជា,ស្រី,,ឆ្នាំ,2019,58.3
2000,តម្លៃធម្មតា,ឯកតា,ទិន្នន័យប្រទេស,"MoP, NIS_General Population Census of Cambodia",ប្រចាំឆ្នាំ,ជាតិ,៣.១.១ អាយុសង្ឃឹមរស់ពីកំណើត,ប្រទេសកម្ពុជា,ស្រី,,ឆ្នាំ,2019,54.4
2001,តម្លៃធម្មតា,ឯកតា,ទិន្នន័យប្រទេស,"MoP, NIS_General Population Census of Cambodia",ប្រចាំឆ្នាំ,ជាតិ,៣.១.១ អាយុសង្ឃឹមរស់ពីកំណើត,ប្រទេសកម្ពុជា,ស្រី,,ឆ្នាំ,2019,55.1
2002,តម្លៃធម្មតា,ឯកតា,ទិន្នន័យប្រទេស,"MoP, NIS_General Population Census of Cambodia",ប្រចាំឆ្នាំ,ជាតិ,៣.១.១ អាយុសង្ឃឹមរស់ពីកំណើត,ប្រទេសកម្ពុជា,ស្រី,,ឆ្នាំ,2019,55.8
2003,តម្លៃធម្មតា,ឯកតា,ទិន្នន័យប្រទេស,"MoP, NIS_General Population Census of Cambodia",ប្រចាំឆ្នាំ,ជាតិ,៣.១.១ អាយុសង្ឃឹមរស់ពីកំណើត,ប្រទេសកម្ពុជា,ស្រី,,ឆ្នាំ,2019,56.5
2004,តម្លៃធម្មតា,ឯកតា,ទិន្នន័យប្រទេស,"MoP, NIS_General Population Census of Cambodia",ប្រចាំឆ្នាំ,ជាតិ,៣.១.១ អាយុសង្ឃឹមរស់ពីកំណើត,ប្រទេសកម្ពុជា,ស្រី,,ឆ្នាំ,2019,57.2
2005,តម្លៃធម្មតា,ឯកតា,ទិន្នន័យប្រទេស,"MoP, NIS_General Population Census of Cambodia",ប្រចាំឆ្នាំ,ជាតិ,៣.១.១ អាយុសង្ឃឹមរស់ពីកំណើត,ប្រទេសកម្ពុជា,ស្រី,,ឆ្នាំ,2019,57.9
2006,តម្លៃធម្មតា,ឯកតា,ទិន្នន័យប្រទេស,"MoP, NIS_General Population Census of Cambodia",ប្រចាំឆ្នាំ,ជាតិ,៣.១.១ អាយុសង្ឃឹមរស់ពីកំណើត,ប្រទេសកម្ពុជា,ស្រី,,ឆ្នាំ,2019,58.6
2007,តម្លៃធម្មតា,ឯកតា,ទិន្នន័យប្រទេស,"MoP, NIS_General Population Census of Cambodia",ប្រចាំឆ្នាំ,ជាតិ,៣.១.១ អាយុសង្ឃឹមរស់ពីកំណើត,ប្រទេសកម្ពុជា,ស្រី,,ឆ្នាំ,2019,59.3
2008,តម្លៃធម្មតា,ឯកតា,ទិន្នន័យប្រទេស,"MoP, NIS_General Population Census of Cambodia",ប្រចាំឆ្នាំ,ជាតិ,៣.១.១ អាយុសង្ឃឹមរស់ពីកំណើត,ប្រទេសកម្ពុជា,ស្រី,,ឆ្នាំ,2019,64.3
2009,តម្លៃធម្មតា,ឯកតា,ទិន្នន័យប្រទេស,"MoP, NIS_General Population Census of Cambodia",ប្រចាំឆ្នាំ,ជាតិ,៣.១.១ អាយុសង្ឃឹមរស់ពីកំណើត,ប្រទេសកម្ពុជា,ស្រី,,ឆ្នាំ,2019,65.2
2010,តម្លៃធម្មតា,ឯកតា,ទិន្នន័យប្រទេស,"MoP, NIS_General Population Census of Cambodia",ប្រចាំឆ្នាំ,ជាតិ,៣.១.១ អាយុសង្ឃឹមរស់ពីកំណើត,ប្រទេសកម្ពុជា,ស្រី,,ឆ្នាំ,2019,66.1
2011,តម្លៃធម្មតា,ឯកតា,ទិន្នន័យប្រទេស,"MoP, NIS_General Population Census of Cambodia",ប្រចាំឆ្នាំ,ជាតិ,៣.១.១ អាយុសង្ឃឹមរស់ពីកំណើត,ប្រទេសកម្ពុជា,ស្រី,,ឆ្នាំ,2019,67.0
2012,តម្លៃធម្មតា,ឯកតា,ទិន្នន័យប្រទេស,"MoP, NIS_General Population Census of Cambodia",ប្រចាំឆ្នាំ,ជាតិ,៣.១.១ អាយុសង្ឃឹមរស់ពីកំណើត,ប្រទេសកម្ពុជា,ស្រី,,ឆ្នាំ,2019,67.9
2013,តម្លៃធម្មតា,ឯកតា,ទិន្នន័យប្រទេស,"MoP, NIS_General Population Census of Cambodia",ប្រចាំឆ្នាំ,ជាតិ,៣.១.១ អាយុសង្ឃឹមរស់ពីកំណើត,ប្រទេសកម្ពុជា,ស្រី,,ឆ្នាំ,2019,68.8
2014,តម្លៃធម្មតា,ឯកតា,ទិន្នន័យប្រទេស,"MoP, NIS_General Population Census of Cambodia",ប្រចាំឆ្នាំ,ជាតិ,៣.១.១ អាយុសង្ឃឹមរស់ពីកំណើត,ប្រទេសកម្ពុជា,ស្រី,,ឆ្នាំ,2019,69.6
2015,តម្លៃធម្មតា,ឯកតា,ទិន្នន័យប្រទេស,"MoP, NIS_General Population Census of Cambodia",ប្រចាំឆ្នាំ,ជាតិ,៣.១.១ អាយុសង្ឃឹមរស់ពីកំណើត,ប្រទេសកម្ពុជា,ស្រី,,ឆ្នាំ,2019,70.4
2016,តម្លៃធម្មតា,ឯកតា,ទិន្នន័យប្រទេស,"MoP, NIS_General Population Census of Cambodia",ប្រចាំឆ្នាំ,ជាតិ,៣.១.១ អាយុសង្ឃឹមរស់ពីកំណើត,ប្រទេសកម្ពុជា,ស្រី,,ឆ្នាំ,2019,71.2
2017,តម្លៃធម្មតា,ឯកតា,ទិន្នន័យប្រទេស,"MoP, NIS_General Population Census of Cambodia",ប្រចាំឆ្នាំ,ជាតិ,៣.១.១ អាយុសង្ឃឹមរស់ពីកំណើត,ប្រទេសកម្ពុជា,ស្រី,,ឆ្នាំ,2019,72.0
2018,តម្លៃធម្មតា,ឯកតា,ទិន្នន័យប្រទេស,"MoP, NIS_General Population Census of Cambodia",ប្រចាំឆ្នាំ,ជាតិ,៣.១.១ អាយុសង្ឃឹមរស់ពីកំណើត,ប្រទេសកម្ពុជា,ស្រី,,ឆ្នាំ,2019,72.7
2019,តម្លៃធម្មតា,ឯកតា,ទិន្នន័យប្រទេស,"MoP, NIS_General Population Census of Cambodia",ប្រចាំឆ្នាំ,ជាតិ,៣.១.១ អាយុសង្ឃឹមរស់ពីកំណើត,ប្រទេសកម្ពុជា,ស្រី,,ឆ្នាំ,2019,76.8
1998,តម្លៃធម្មតា,ឯកតា,ទិន្នន័យប្រទេស,"MoP, NIS_General Population Census of Cambodia",ប្រចាំឆ្នាំ,ជាតិ,៣.១.១ អាយុសង្ឃឹមរស់ពីកំណើត,ប្រទេសកម្ពុជា,ប្រុស,,ឆ្នាំ,2019,54.4
2000,តម្លៃធម្មតា,ឯកតា,ទិន្នន័យប្រទេស,"MoP, NIS_General Population Census of Cambodia",ប្រចាំឆ្នាំ,ជាតិ,៣.១.១ អាយុសង្ឃឹមរស់ពីកំណើត,ប្រទេសកម្ពុជា,ប្រុស,,ឆ្នាំ,2019,60.6
2001,តម្លៃធម្មតា,ឯកតា,ទិន្នន័យប្រទេស,"MoP, NIS_General Population Census of Cambodia",ប្រចាំឆ្នាំ,ជាតិ,៣.១.១ អាយុសង្ឃឹមរស់ពីកំណើត,ប្រទេសកម្ពុជា,ប្រុស,,ឆ្នាំ,2019,61.3
2002,តម្លៃធម្មតា,ឯកតា,ទិន្នន័យប្រទេស,"MoP, NIS_General Population Census of Cambodia",ប្រចាំឆ្នាំ,ជាតិ,៣.១.១ អាយុសង្ឃឹមរស់ពីកំណើត,ប្រទេសកម្ពុជា,ប្រុស,,ឆ្នាំ,2019,62.0
2003,តម្លៃធម្មតា,ឯកតា,ទិន្នន័យប្រទេស,"MoP, NIS_General Population Census of Cambodia",ប្រចាំឆ្នាំ,ជាតិ,៣.១.១ អាយុសង្ឃឹមរស់ពីកំណើត,ប្រទេសកម្ពុជា,ប្រុស,,ឆ្នាំ,2019,62.7
2004,តម្លៃធម្មតា,ឯកតា,ទិន្នន័យប្រទេស,"MoP, NIS_General Population Census of Cambodia",ប្រចាំឆ្នាំ,ជាតិ,៣.១.១ អាយុសង្ឃឹមរស់ពីកំណើត,ប្រទេសកម្ពុជា,ប្រុស,,ឆ្នាំ,2019,63.4
2005,តម្លៃធម្មតា,ឯកតា,ទិន្នន័យប្រទេស,"MoP, NIS_General Population Census of Cambodia",ប្រចាំឆ្នាំ,ជាតិ,៣.១.១ អាយុសង្ឃឹមរស់ពីកំណើត,ប្រទេសកម្ពុជា,ប្រុស,,ឆ្នាំ,2019,64.1
2006,តម្លៃធម្មតា,ឯកតា,ទិន្នន័យប្រទេស,"MoP, NIS_General Population Census of Cambodia",ប្រចាំឆ្នាំ,ជាតិ,៣.១.១ អាយុសង្ឃឹមរស់ពីកំណើត,ប្រទេសកម្ពុជា,ប្រុស,,ឆ្នាំ,2019,64.9
2007,តម្លៃធម្មតា,ឯកតា,ទិន្នន័យប្រទេស,"MoP, NIS_General Population Census of Cambodia",ប្រចាំឆ្នាំ,ជាតិ,៣.១.១ អាយុសង្ឃឹមរស់ពីកំណើត,ប្រទេសកម្ពុជា,ប្រុស,,ឆ្នាំ,2019,65.6
2008,តម្លៃធម្មតា,ឯកតា,ទិន្នន័យប្រទេស,"MoP, NIS_General Population Census of Cambodia",ប្រចាំឆ្នាំ,ជាតិ,៣.១.១ អាយុសង្ឃឹមរស់ពីកំណើត,ប្រទេសកម្ពុជា,ប្រុស,,ឆ្នាំ,2019,60.5
2009,តម្លៃធម្មតា,ឯកតា,ទិន្នន័យប្រទេស,"MoP, NIS_General Population Census of Cambodia",ប្រចាំឆ្នាំ,ជាតិ,៣.១.១ អាយុសង្ឃឹមរស់ពីកំណើត,ប្រទេសកម្ពុជា,ប្រុស,,ឆ្នាំ,2019,61.4
2010,តម្លៃធម្មតា,ឯកតា,ទិន្នន័យប្រទេស,"MoP, NIS_General Population Census of Cambodia",ប្រចាំឆ្នាំ,ជាតិ,៣.១.១ អាយុសង្ឃឹមរស់ពីកំណើត,ប្រទេសកម្ពុជា,ប្រុស,,ឆ្នាំ,2019,62.3
2011,តម្លៃធម្មតា,ឯកតា,ទិន្នន័យប្រទេស,"MoP, NIS_General Population Census of Cambodia",ប្រចាំឆ្នាំ,ជាតិ,៣.១.១ អាយុសង្ឃឹមរស់ពីកំណើត,ប្រទេសកម្ពុជា,ប្រុស,,ឆ្នាំ,2019,63.1
2012,តម្លៃធម្មតា,ឯកតា,ទិន្នន័យប្រទេស,"MoP, NIS_General Population Census of Cambodia",ប្រចាំឆ្នាំ,ជាតិ,៣.១.១ អាយុសង្ឃឹមរស់ពីកំណើត,ប្រទេសកម្ពុជា,ប្រុស,,ឆ្នាំ,2019,64.0
2013,តម្លៃធម្មតា,ឯកតា,ទិន្នន័យប្រទេស,"MoP, NIS_General Population Census of Cambodia",ប្រចាំឆ្នាំ,ជាតិ,៣.១.១ អាយុសង្ឃឹមរស់ពីកំណើត,ប្រទេសកម្ពុជា,ប្រុស,,ឆ្នាំ,2019,64.8
2014,តម្លៃធម្មតា,ឯកតា,ទិន្នន័យប្រទេស,"MoP, NIS_General Population Census of Cambodia",ប្រចាំឆ្នាំ,ជាតិ,៣.១.១ អាយុសង្ឃឹមរស់ពីកំណើត,ប្រទេសកម្ពុជា,ប្រុស,,ឆ្នាំ,2019,65.6
2015,តម្លៃធម្មតា,ឯកតា,ទិន្នន័យប្រទេស,"MoP, NIS_General Population Census of Cambodia",ប្រចាំឆ្នាំ,ជាតិ,៣.១.១ អាយុសង្ឃឹមរស់ពីកំណើត,ប្រទេសកម្ពុជា,ប្រុស,,ឆ្នាំ,2019,66.4
2016,តម្លៃធម្មតា,ឯកតា,ទិន្នន័យប្រទេស,"MoP, NIS_General Population Census of Cambodia",ប្រចាំឆ្នាំ,ជាតិ,៣.១.១ អាយុសង្ឃឹមរស់ពីកំណើត,ប្រទេសកម្ពុជា,ប្រុស,,ឆ្នាំ,2019,67.1
2017,តម្លៃធម្មតា,ឯកតា,ទិន្នន័យប្រទេស,"MoP, NIS_General Population Census of Cambodia",ប្រចាំឆ្នាំ,ជាតិ,៣.១.១ អាយុសង្ឃឹមរស់ពីកំណើត,ប្រទេសកម្ពុជា,ប្រុស,,ឆ្នាំ,2019,67.9
2018,តម្លៃធម្មតា,ឯកតា,ទិន្នន័យប្រទេស,"MoP, NIS_General Population Census of Cambodia",ប្រចាំឆ្នាំ,ជាតិ,៣.១.១ អាយុសង្ឃឹមរស់ពីកំណើត,ប្រទេសកម្ពុជា,ប្រុស,,ឆ្នាំ,2019,68.6
2019,តម្លៃធម្មតា,ឯកតា,ទិន្នន័យប្រទេស,"MoP, NIS_General Population Census of Cambodia",ប្រចាំឆ្នាំ,ជាតិ,៣.១.១ អាយុសង្ឃឹមរស់ពីកំណើត,ប្រទេសកម្ពុជា,ប្រុស,,ឆ្នាំ,2019,74.3
1998,តម្លៃធម្មតា,ឯកតា,ទិន្នន័យប្រទេស,"MoP, NIS_General Population Census of Cambodia",ប្រចាំឆ្នាំ,ជាតិ,៣.១.១ អាយុសង្ឃឹមរស់ពីកំណើត,ប្រទេសកម្ពុជា,,,ឆ្នាំ,2019,56.3
2000,តម្លៃធម្មតា,ឯកតា,ទិន្នន័យប្រទេស,"MoP, NIS_General Population Census of Cambodia",ប្រចាំឆ្នាំ,ជាតិ,៣.១.១ អាយុសង្ឃឹមរស់ពីកំណើត,ប្រទេសកម្ពុជា,,,ឆ្នាំ,2019,57.5
2001,តម្លៃធម្មតា,ឯកតា,ទិន្នន័យប្រទេស,"MoP, NIS_General Population Census of Cambodia",ប្រចាំឆ្នាំ,ជាតិ,៣.១.១ អាយុសង្ឃឹមរស់ពីកំណើត,ប្រទេសកម្ពុជា,,,ឆ្នាំ,2019,58.2
2002,តម្លៃធម្មតា,ឯកតា,ទិន្នន័យប្រទេស,"MoP, NIS_General Population Census of Cambodia",ប្រចាំឆ្នាំ,ជាតិ,៣.១.១ អាយុសង្ឃឹមរស់ពីកំណើត,ប្រទេសកម្ពុជា,,,ឆ្នាំ,2019,58.9
2003,តម្លៃធម្មតា,ឯកតា,ទិន្នន័យប្រទេស,"MoP, NIS_General Population Census of Cambodia",ប្រចាំឆ្នាំ,ជាតិ,៣.១.១ អាយុសង្ឃឹមរស់ពីកំណើត,ប្រទេសកម្ពុជា,,,ឆ្នាំ,2019,59.6
2004,តម្លៃធម្មតា,ឯកតា,ទិន្នន័យប្រទេស,"MoP, NIS_General Population Census of Cambodia",ប្រចាំឆ្នាំ,ជាតិ,៣.១.១ អាយុសង្ឃឹមរស់ពីកំណើត,ប្រទេសកម្ពុជា,,,ឆ្នាំ,2019,60.3
2005,តម្លៃធម្មតា,ឯកតា,ទិន្នន័យប្រទេស,"MoP, NIS_General Population Census of Cambodia",ប្រចាំឆ្នាំ,ជាតិ,៣.១.១ អាយុសង្ឃឹមរស់ពីកំណើត,ប្រទេសកម្ពុជា,,,ឆ្នាំ,2019,61.0
2006,តម្លៃធម្មតា,ឯកតា,ទិន្នន័យប្រទេស,"MoP, NIS_General Population Census of Cambodia",ប្រចាំឆ្នាំ,ជាតិ,៣.១.១ អាយុសង្ឃឹមរស់ពីកំណើត,ប្រទេសកម្ពុជា,,,ឆ្នាំ,2019,61.7
2007,តម្លៃធម្មតា,ឯកតា,ទិន្នន័យប្រទេស,"MoP, NIS_General Population Census of Cambodia",ប្រចាំឆ្នាំ,ជាតិ,៣.១.១ អាយុសង្ឃឹមរស់ពីកំណើត,ប្រទេសកម្ពុជា,,,ឆ្នាំ,2019,62.4
2008,តម្លៃធម្មតា,ឯកតា,ទិន្នន័យប្រទេស,"MoP, NIS_General Population Census of Cambodia",ប្រចាំឆ្នាំ,ជាតិ,៣.១.១ អាយុសង្ឃឹមរស់ពីកំណើត,ប្រទេសកម្ពុជា,,,ឆ្នាំ,2019,62.4
2009,តម្លៃធម្មតា,ឯកតា,ទិន្នន័យប្រទេស,"MoP, NIS_General Population Census of Cambodia",ប្រចាំឆ្នាំ,ជាតិ,៣.១.១ អាយុសង្ឃឹមរស់ពីកំណើត,ប្រទេសកម្ពុជា,,,ឆ្នាំ,2019,63.8
2010,តម្លៃធម្មតា,ឯកតា,ទិន្នន័យប្រទេស,"MoP, NIS_General Population Census of Cambodia",ប្រចាំឆ្នាំ,ជាតិ,៣.១.១ អាយុសង្ឃឹមរស់ពីកំណើត,ប្រទេសកម្ពុជា,,,ឆ្នាំ,2019,64.5
2011,តម្លៃធម្មតា,ឯកតា,ទិន្នន័យប្រទេស,"MoP, NIS_General Population Census of Cambodia",ប្រចាំឆ្នាំ,ជាតិ,៣.១.១ អាយុសង្ឃឹមរស់ពីកំណើត,ប្រទេសកម្ពុជា,,,ឆ្នាំ,2019,65.2
2012,តម្លៃធម្មតា,ឯកតា,ទិន្នន័យប្រទេស,"MoP, NIS_General Population Census of Cambodia",ប្រចាំឆ្នាំ,ជាតិ,៣.១.១ អាយុសង្ឃឹមរស់ពីកំណើត,ប្រទេសកម្ពុជា,,,ឆ្នាំ,2019,66.7
2013,តម្លៃធម្មតា,ឯកតា,ទិន្នន័យប្រទេស,"MoP, NIS_General Population Census of Cambodia",ប្រចាំឆ្នាំ,ជាតិ,៣.១.១ អាយុសង្ឃឹមរស់ពីកំណើត,ប្រទេសកម្ពុជា,,,ឆ្នាំ,2019,67.6
2014,តម្លៃធម្មតា,ឯកតា,ទិន្នន័យប្រទេស,"MoP, NIS_General Population Census of Cambodia",ប្រចាំឆ្នាំ,ជាតិ,៣.១.១ អាយុសង្ឃឹមរស់ពីកំណើត,ប្រទេសកម្ពុជា,,,ឆ្នាំ,2019,68.3
2015,តម្លៃធម្មតា,ឯកតា,ទិន្នន័យប្រទេស,"MoP, NIS_General Population Census of Cambodia",ប្រចាំឆ្នាំ,ជាតិ,៣.១.១ អាយុសង្ឃឹមរស់ពីកំណើត,ប្រទេសកម្ពុជា,,,ឆ្នាំ,2019,69.1
2016,តម្លៃធម្មតា,ឯកតា,ទិន្នន័យប្រទេស,"MoP, NIS_General Population Census of Cambodia",ប្រចាំឆ្នាំ,ជាតិ,៣.១.១ អាយុសង្ឃឹមរស់ពីកំណើត,ប្រទេសកម្ពុជា,,,ឆ្នាំ,2019,69.9
2017,តម្លៃធម្មតា,ឯកតា,ទិន្នន័យប្រទេស,"MoP, NIS_General Population Census of Cambodia",ប្រចាំឆ្នាំ,ជាតិ,៣.១.១ អាយុសង្ឃឹមរស់ពីកំណើត,ប្រទេសកម្ពុជា,,,ឆ្នាំ,2019,70.6
2018,តម្លៃធម្មតា,ឯកតា,ទិន្នន័យប្រទេស,"MoP, NIS_General Population Census of Cambodia",ប្រចាំឆ្នាំ,ជាតិ,៣.១.១ អាយុសង្ឃឹមរស់ពីកំណើត,ប្រទេសកម្ពុជា,,,ឆ្នាំ,2019,70.6
2019,តម្លៃធម្មតា,ឯកតា,ទិន្នន័យប្រទេស,"MoP, NIS_General Population Census of Cambodia",ប្រចាំឆ្នាំ,ជាតិ,៣.១.១ អាយុសង្ឃឹមរស់ពីកំណើត,ប្រទេសកម្ពុជា,,,ឆ្នាំ,2019,75.5
1998,តម្លៃធម្មតា,ឯកតា,ទិន្នន័យប្រទេស,"MoP, NIS_General Population Census of Cambodia",ប្រចាំឆ្នាំ,ជាតិ,៣.១.១ អាយុសង្ឃឹមរស់ពីកំណើត,ប្រទេសកម្ពុជា,,ទីប្រជុំជន,ឆ្នាំ,2019,60.0
2019,តម្លៃធម្មតា,ឯកតា,ទិន្នន័យប្រទេស,"MoP, NIS_General Population Census of Cambodia",ប្រចាំឆ្នាំ,ជាតិ,៣.១.១ អាយុសង្ឃឹមរស់ពីកំណើត,ប្រទេសកម្ពុជា,,ទីប្រជុំជន,ឆ្នាំ,2019,75.6
1998,តម្លៃធម្មតា,ឯកតា,ទិន្នន័យប្រទេស,"MoP, NIS_General Population Census of Cambodia",ប្រចាំឆ្នាំ,ជាតិ,៣.១.១ អាយុសង្ឃឹមរស់ពីកំណើត,ប្រទេសកម្ពុជា,,ជនបទ,ឆ្នាំ,2019,55.8
2019,តម្លៃធម្មតា,ឯកតា,ទិន្នន័យប្រទេស,"MoP, NIS_General Population Census of Cambodia",ប្រចាំឆ្នាំ,ជាតិ,៣.១.១ អាយុសង្ឃឹមរស់ពីកំណើត,ប្រទេសកម្ពុជា,,ជនបទ,ឆ្នាំ,2019,74.5
2008,តម្លៃធម្មតា,ឯកតា,ទិន្នន័យប្រទេស,"MoP, NIS_General Population Census of Cambodia",ប្រចាំឆ្នាំ,ជាតិ,៣.១.១ អាយុសង្ឃឹមរស់ពីកំណើត,បន្ទាយមានជ័យ,ស្រី,,ឆ្នាំ,2008,67.9
2008,តម្លៃធម្មតា,ឯកតា,ទិន្នន័យប្រទេស,"MoP, NIS_General Population Census of Cambodia",ប្រចាំឆ្នាំ,ជាតិ,៣.១.១ អាយុសង្ឃឹមរស់ពីកំណើត,បន្ទាយមានជ័យ,ប្រុស,,ឆ្នាំ,2008,64.0
2008,តម្លៃធម្មតា,ឯកតា,ទិន្នន័យប្រទេស,"MoP, NIS_General Population Census of Cambodia",ប្រចាំឆ្នាំ,ជាតិ,៣.១.១ អាយុសង្ឃឹមរស់ពីកំណើត,បន្ទាយមានជ័យ,,,ឆ្នាំ,2008,65.9
2008,តម្លៃធម្មតា,ឯកតា,ទិន្នន័យប្រទេស,"MoP, NIS_General Population Census of Cambodia",ប្រចាំឆ្នាំ,ជាតិ,៣.១.១ អាយុសង្ឃឹមរស់ពីកំណើត,បាត់ដំបង,ស្រី,,ឆ្នាំ,2008,67.2
2008,តម្លៃធម្មតា,ឯកតា,ទិន្នន័យប្រទេស,"MoP, NIS_General Population Census of Cambodia",ប្រចាំឆ្នាំ,ជាតិ,៣.១.១ អាយុសង្ឃឹមរស់ពីកំណើត,បាត់ដំបង,ប្រុស,,ឆ្នាំ,2008,63.3
2008,តម្លៃធម្មតា,ឯកតា,ទិន្នន័យប្រទេស,"MoP, NIS_General Population Census of Cambodia",ប្រចាំឆ្នាំ,ជាតិ,៣.១.១ អាយុសង្ឃឹមរស់ពីកំណើត,បាត់ដំបង,,,ឆ្នាំ,2008,65.2
2008,តម្លៃធម្មតា,ឯកតា,ទិន្នន័យប្រទេស,"MoP, NIS_General Population Census of Cambodia",ប្រចាំឆ្នាំ,ជាតិ,៣.១.១ អាយុសង្ឃឹមរស់ពីកំណើត,កំពង់ចាម,ស្រី,,ឆ្នាំ,2008,66.7
2008,តម្លៃធម្មតា,ឯកតា,ទិន្នន័យប្រទេស,"MoP, NIS_General Population Census of Cambodia",ប្រចាំឆ្នាំ,ជាតិ,៣.១.១ អាយុសង្ឃឹមរស់ពីកំណើត,កំពង់ចាម,ប្រុស,,ឆ្នាំ,2008,62.9
2008,តម្លៃធម្មតា,ឯកតា,ទិន្នន័យប្រទេស,"MoP, NIS_General Population Census of Cambodia",ប្រចាំឆ្នាំ,ជាតិ,៣.១.១ អាយុសង្ឃឹមរស់ពីកំណើត,កំពង់ចាម,,,ឆ្នាំ,2008,64.8
2008,តម្លៃធម្មតា,ឯកតា,ទិន្នន័យប្រទេស,"MoP, NIS_General Population Census of Cambodia",ប្រចាំឆ្នាំ,ជាតិ,៣.១.១ អាយុសង្ឃឹមរស់ពីកំណើត,កំពង់ឆ្នាំង,ស្រី,,ឆ្នាំ,2008,68.6
2008,តម្លៃធម្មតា,ឯកតា,ទិន្នន័យប្រទេស,"MoP, NIS_General Population Census of Cambodia",ប្រចាំឆ្នាំ,ជាតិ,៣.១.១ អាយុសង្ឃឹមរស់ពីកំណើត,កំពង់ឆ្នាំង,ប្រុស,,ឆ្នាំ,2008,64.7
2008,តម្លៃធម្មតា,ឯកតា,ទិន្នន័យប្រទេស,"MoP, NIS_General Population Census of Cambodia",ប្រចាំឆ្នាំ,ជាតិ,៣.១.១ អាយុសង្ឃឹមរស់ពីកំណើត,កំពង់ឆ្នាំង,,,ឆ្នាំ,2008,66.6
2008,តម្លៃធម្មតា,ឯកតា,ទិន្នន័យប្រទេស,"MoP, NIS_General Population Census of Cambodia",ប្រចាំឆ្នាំ,ជាតិ,៣.១.១ អាយុសង្ឃឹមរស់ពីកំណើត,កំពង់ស្ពឺ,ស្រី,,ឆ្នាំ,2008,63.8
2008,តម្លៃធម្មតា,ឯកតា,ទិន្នន័យប្រទេស,"MoP, NIS_General Population Census of Cambodia",ប្រចាំឆ្នាំ,ជាតិ,៣.១.១ អាយុសង្ឃឹមរស់ពីកំណើត,កំពង់ស្ពឺ,ប្រុស,,ឆ្នាំ,2008,60.0
2008,តម្លៃធម្មតា,ឯកតា,ទិន្នន័យប្រទេស,"MoP, NIS_General Population Census of Cambodia",ប្រចាំឆ្នាំ,ជាតិ,៣.១.១ អាយុសង្ឃឹមរស់ពីកំណើត,កំពង់ស្ពឺ,,,ឆ្នាំ,2008,61.8
2008,តម្លៃធម្មតា,ឯកតា,ទិន្នន័យប្រទេស,"MoP, NIS_General Population Census of Cambodia",ប្រចាំឆ្នាំ,ជាតិ,៣.១.១ អាយុសង្ឃឹមរស់ពីកំណើត,កំពង់ធំ,ស្រី,,ឆ្នាំ,2008,64.7
2008,តម្លៃធម្មតា,ឯកតា,ទិន្នន័យប្រទេស,"MoP, NIS_General Population Census of Cambodia",ប្រចាំឆ្នាំ,ជាតិ,៣.១.១ អាយុសង្ឃឹមរស់ពីកំណើត,កំពង់ធំ,ប្រុស,,ឆ្នាំ,2008,60.9
2008,តម្លៃធម្មតា,ឯកតា,ទិន្នន័យប្រទេស,"MoP, NIS_General Population Census of Cambodia",ប្រចាំឆ្នាំ,ជាតិ,៣.១.១ អាយុសង្ឃឹមរស់ពីកំណើត,កំពង់ធំ,,,ឆ្នាំ,2008,62.8
2008,តម្លៃធម្មតា,ឯកតា,ទិន្នន័យប្រទេស,"MoP, NIS_General Population Census of Cambodia",ប្រចាំឆ្នាំ,ជាតិ,៣.១.១ អាយុសង្ឃឹមរស់ពីកំណើត,កំពត,ស្រី,,ឆ្នាំ,2008,62.1
2008,តម្លៃធម្មតា,ឯកតា,ទិន្នន័យប្រទេស,"MoP, NIS_General Population Census of Cambodia",ប្រចាំឆ្នាំ,ជាតិ,៣.១.១ អាយុសង្ឃឹមរស់ពីកំណើត,កំពត,ប្រុស,,ឆ្នាំ,2008,58.5
2008,តម្លៃធម្មតា,ឯកតា,ទិន្នន័យប្រទេស,"MoP, NIS_General Population Census of Cambodia",ប្រចាំឆ្នាំ,ជាតិ,៣.១.១ អាយុសង្ឃឹមរស់ពីកំណើត,កំពត,,,ឆ្នាំ,2008,60.2
2008,តម្លៃធម្មតា,ឯកតា,ទិន្នន័យប្រទេស,"MoP, NIS_General Population Census of Cambodia",ប្រចាំឆ្នាំ,ជាតិ,៣.១.១ អាយុសង្ឃឹមរស់ពីកំណើត,កណ្តាល,ស្រី,,ឆ្នាំ,2008,67.1
2008,តម្លៃធម្មតា,ឯកតា,ទិន្នន័យប្រទេស,"MoP, NIS_General Population Census of Cambodia",ប្រចាំឆ្នាំ,ជាតិ,៣.១.១ អាយុសង្ឃឹមរស់ពីកំណើត,កណ្តាល,ប្រុស,,ឆ្នាំ,2008,63.2
2008,តម្លៃធម្មតា,ឯកតា,ទិន្នន័យប្រទេស,"MoP, NIS_General Population Census of Cambodia",ប្រចាំឆ្នាំ,ជាតិ,៣.១.១ អាយុសង្ឃឹមរស់ពីកំណើត,កណ្តាល,,,ឆ្នាំ,2008,65.1
2008,តម្លៃធម្មតា,ឯកតា,ទិន្នន័យប្រទេស,"MoP, NIS_General Population Census of Cambodia",ប្រចាំឆ្នាំ,ជាតិ,៣.១.១ អាយុសង្ឃឹមរស់ពីកំណើត,កែប,ស្រី,,ឆ្នាំ,2008,65.0
2008,តម្លៃធម្មតា,ឯកតា,ទិន្នន័យប្រទេស,"MoP, NIS_General Population Census of Cambodia",ប្រចាំឆ្នាំ,ជាតិ,៣.១.១ អាយុសង្ឃឹមរស់ពីកំណើត,កែប,ប្រុស,,ឆ្នាំ,2008,61.2
2008,តម្លៃធម្មតា,ឯកតា,ទិន្នន័យប្រទេស,"MoP, NIS_General Population Census of Cambodia",ប្រចាំឆ្នាំ,ជាតិ,៣.១.១ អាយុសង្ឃឹមរស់ពីកំណើត,កែប,,,ឆ្នាំ,2008,63.0
2008,តម្លៃធម្មតា,ឯកតា,ទិន្នន័យប្រទេស,"MoP, NIS_General Population Census of Cambodia",ប្រចាំឆ្នាំ,ជាតិ,៣.១.១ អាយុសង្ឃឹមរស់ពីកំណើត,កោះកុង,ស្រី,,ឆ្នាំ,2008,60.9
2008,តម្លៃធម្មតា,ឯកតា,ទិន្នន័យប្រទេស,"MoP, NIS_General Population Census of Cambodia",ប្រចាំឆ្នាំ,ជាតិ,៣.១.១ អាយុសង្ឃឹមរស់ពីកំណើត,កោះកុង,ប្រុស,,ឆ្នាំ,2008,57.3
2008,តម្លៃធម្មតា,ឯកតា,ទិន្នន័យប្រទេស,"MoP, NIS_General Population Census of Cambodia",ប្រចាំឆ្នាំ,ជាតិ,៣.១.១ អាយុសង្ឃឹមរស់ពីកំណើត,កោះកុង,,,ឆ្នាំ,2008,59.1
2008,តម្លៃធម្មតា,ឯកតា,ទិន្នន័យប្រទេស,"MoP, NIS_General Population Census of Cambodia",ប្រចាំឆ្នាំ,ជាតិ,៣.១.១ អាយុសង្ឃឹមរស់ពីកំណើត,ខេត្តក្រចេះ,ស្រី,,ឆ្នាំ,2008,60.5
2008,តម្លៃធម្មតា,ឯកតា,ទិន្នន័យប្រទេស,"MoP, NIS_General Population Census of Cambodia",ប្រចាំឆ្នាំ,ជាតិ,៣.១.១ អាយុសង្ឃឹមរស់ពីកំណើត,ខេត្តក្រចេះ,ប្រុស,,ឆ្នាំ,2008,57.0
2008,តម្លៃធម្មតា,ឯកតា,ទិន្នន័យប្រទេស,"MoP, NIS_General Population Census of Cambodia",ប្រចាំឆ្នាំ,ជាតិ,៣.១.១ អាយុសង្ឃឹមរស់ពីកំណើត,ខេត្តក្រចេះ,,,ឆ្នាំ,2008,58.7
2008,តម្លៃធម្មតា,ឯកតា,ទិន្នន័យប្រទេស,"MoP, NIS_General Population Census of Cambodia",ប្រចាំឆ្នាំ,ជាតិ,៣.១.១ អាយុសង្ឃឹមរស់ពីកំណើត,មណ្ឌលគីរី,ស្រី,,ឆ្នាំ,2008,45.5
2008,តម្លៃធម្មតា,ឯកតា,ទិន្នន័យប្រទេស,"MoP, NIS_General Population Census of Cambodia",ប្រចាំឆ្នាំ,ជាតិ,៣.១.១ អាយុសង្ឃឹមរស់ពីកំណើត,មណ្ឌលគីរី,ប្រុស,,ឆ្នាំ,2008,52.5
2008,តម្លៃធម្មតា,ឯកតា,ទិន្នន័យប្រទេស,"MoP, NIS_General Population Census of Cambodia",ប្រចាំឆ្នាំ,ជាតិ,៣.១.១ អាយុសង្ឃឹមរស់ពីកំណើត,មណ្ឌលគីរី,,,ឆ្នាំ,2008,44.0
2008,តម្លៃធម្មតា,ឯកតា,ទិន្នន័យប្រទេស,"MoP, NIS_General Population Census of Cambodia",ប្រចាំឆ្នាំ,ជាតិ,៣.១.១ អាយុសង្ឃឹមរស់ពីកំណើត,ឧត្តរមានជ័យ,ស្រី,,ឆ្នាំ,2008,60.8
2008,តម្លៃធម្មតា,ឯកតា,ទិន្នន័យប្រទេស,"MoP, NIS_General Population Census of Cambodia",ប្រចាំឆ្នាំ,ជាតិ,៣.១.១ អាយុសង្ឃឹមរស់ពីកំណើត,ឧត្តរមានជ័យ,ប្រុស,,ឆ្នាំ,2008,57.2
2008,តម្លៃធម្មតា,ឯកតា,ទិន្នន័យប្រទេស,"MoP, NIS_General Population Census of Cambodia",ប្រចាំឆ្នាំ,ជាតិ,៣.១.១ អាយុសង្ឃឹមរស់ពីកំណើត,ឧត្តរមានជ័យ,,,ឆ្នាំ,2008,59.0
2008,តម្លៃធម្មតា,ឯកតា,ទិន្នន័យប្រទេស,"MoP, NIS_General Population Census of Cambodia",ប្រចាំឆ្នាំ,ជាតិ,៣.១.១ អាយុសង្ឃឹមរស់ពីកំណើត,ប៉ៃលិន,ស្រី,,ឆ្នាំ,2008,64.2
2008,តម្លៃធម្មតា,ឯកតា,ទិន្នន័យប្រទេស,"MoP, NIS_General Population Census of Cambodia",ប្រចាំឆ្នាំ,ជាតិ,៣.១.១ អាយុសង្ឃឹមរស់ពីកំណើត,ប៉ៃលិន,ប្រុស,,ឆ្នាំ,2008,60.4
2008,តម្លៃធម្មតា,ឯកតា,ទិន្នន័យប្រទេស,"MoP, NIS_General Population Census of Cambodia",ប្រចាំឆ្នាំ,ជាតិ,៣.១.១ អាយុសង្ឃឹមរស់ពីកំណើត,ប៉ៃលិន,,,ឆ្នាំ,2008,62.3
2008,តម្លៃធម្មតា,ឯកតា,ទិន្នន័យប្រទេស,"MoP, NIS_General Population Census of Cambodia",ប្រចាំឆ្នាំ,ជាតិ,៣.១.១ អាយុសង្ឃឹមរស់ពីកំណើត,ភ្នំពេញ,ស្រី,,ឆ្នាំ,2008,70.8
2008,តម្លៃធម្មតា,ឯកតា,ទិន្នន័យប្រទេស,"MoP, NIS_General Population Census of Cambodia",ប្រចាំឆ្នាំ,ជាតិ,៣.១.១ អាយុសង្ឃឹមរស់ពីកំណើត,ភ្នំពេញ,ប្រុស,,ឆ្នាំ,2008,66.8
2008,តម្លៃធម្មតា,ឯកតា,ទិន្នន័យប្រទេស,"MoP, NIS_General Population Census of Cambodia",ប្រចាំឆ្នាំ,ជាតិ,៣.១.១ អាយុសង្ឃឹមរស់ពីកំណើត,ភ្នំពេញ,,,ឆ្នាំ,2008,68.8
2008,តម្លៃធម្មតា,ឯកតា,ទិន្នន័យប្រទេស,"MoP, NIS_General Population Census of Cambodia",ប្រចាំឆ្នាំ,ជាតិ,៣.១.១ អាយុសង្ឃឹមរស់ពីកំណើត,ព្រះសីហនុ,ស្រី,,ឆ្នាំ,2008,54.4
2008,តម្លៃធម្មតា,ឯកតា,ទិន្នន័យប្រទេស,"MoP, NIS_General Population Census of Cambodia",ប្រចាំឆ្នាំ,ជាតិ,៣.១.១ អាយុសង្ឃឹមរស់ពីកំណើត,ព្រះសីហនុ,ប្រុស,,ឆ្នាំ,2008,51.3
2008,តម្លៃធម្មតា,ឯកតា,ទិន្នន័យប្រទេស,"MoP, NIS_General Population Census of Cambodia",ប្រចាំឆ្នាំ,ជាតិ,៣.១.១ អាយុសង្ឃឹមរស់ពីកំណើត,ព្រះសីហនុ,,,ឆ្នាំ,2008,52.8
2008,តម្លៃធម្មតា,ឯកតា,ទិន្នន័យប្រទេស,"MoP, NIS_General Population Census of Cambodia",ប្រចាំឆ្នាំ,ជាតិ,៣.១.១ អាយុសង្ឃឹមរស់ពីកំណើត,ព្រះវិហារ,ស្រី,,ឆ្នាំ,2008,43.4
2008,តម្លៃធម្មតា,ឯកតា,ទិន្នន័យប្រទេស,"MoP, NIS_General Population Census of Cambodia",ប្រចាំឆ្នាំ,ជាតិ,៣.១.១ អាយុសង្ឃឹមរស់ពីកំណើត,ព្រះវិហារ,ប្រុស,,ឆ្នាំ,2008,40.5
2008,តម្លៃធម្មតា,ឯកតា,ទិន្នន័យប្រទេស,"MoP, NIS_General Population Census of Cambodia",ប្រចាំឆ្នាំ,ជាតិ,៣.១.១ អាយុសង្ឃឹមរស់ពីកំណើត,ព្រះវិហារ,,,ឆ្នាំ,2008,41.9
2008,តម្លៃធម្មតា,ឯកតា,ទិន្នន័យប្រទេស,"MoP, NIS_General Population Census of Cambodia",ប្រចាំឆ្នាំ,ជាតិ,៣.១.១ អាយុសង្ឃឹមរស់ពីកំណើត,ព្រៃវែង,ស្រី,,ឆ្នាំ,2008,65.7
2008,តម្លៃធម្មតា,ឯកតា,ទិន្នន័យប្រទេស,"MoP, NIS_General Population Census of Cambodia",ប្រចាំឆ្នាំ,ជាតិ,៣.១.១ អាយុសង្ឃឹមរស់ពីកំណើត,ព្រៃវែង,ប្រុស,,ឆ្នាំ,2008,61.9
2008,តម្លៃធម្មតា,ឯកតា,ទិន្នន័យប្រទេស,"MoP, NIS_General Population Census of Cambodia",ប្រចាំឆ្នាំ,ជាតិ,៣.១.១ អាយុសង្ឃឹមរស់ពីកំណើត,ព្រៃវែង,,,ឆ្នាំ,2008,63.8
2008,តម្លៃធម្មតា,ឯកតា,ទិន្នន័យប្រទេស,"MoP, NIS_General Population Census of Cambodia",ប្រចាំឆ្នាំ,ជាតិ,៣.១.១ អាយុសង្ឃឹមរស់ពីកំណើត,ពោធិសាត់,ស្រី,,ឆ្នាំ,2008,65.1
2008,តម្លៃធម្មតា,ឯកតា,ទិន្នន័យប្រទេស,"MoP, NIS_General Population Census of Cambodia",ប្រចាំឆ្នាំ,ជាតិ,៣.១.១ អាយុសង្ឃឹមរស់ពីកំណើត,ពោធិសាត់,ប្រុស,,ឆ្នាំ,2008,61.4
2008,តម្លៃធម្មតា,ឯកតា,ទិន្នន័យប្រទេស,"MoP, NIS_General Population Census of Cambodia",ប្រចាំឆ្នាំ,ជាតិ,៣.១.១ អាយុសង្ឃឹមរស់ពីកំណើត,ពោធិសាត់,,,ឆ្នាំ,2008,63.2
2008,តម្លៃធម្មតា,ឯកតា,ទិន្នន័យប្រទេស,"MoP, NIS_General Population Census of Cambodia",ប្រចាំឆ្នាំ,ជាតិ,៣.១.១ អាយុសង្ឃឹមរស់ពីកំណើត,រតនគិរី,ស្រី,,ឆ្នាំ,2008,35.0
2008,តម្លៃធម្មតា,ឯកតា,ទិន្នន័យប្រទេស,"MoP, NIS_General Population Census of Cambodia",ប្រចាំឆ្នាំ,ជាតិ,៣.១.១ អាយុសង្ឃឹមរស់ពីកំណើត,រតនគិរី,ប្រុស,,ឆ្នាំ,2008,32.5
2008,តម្លៃធម្មតា,ឯកតា,ទិន្នន័យប្រទេស,"MoP, NIS_General Population Census of Cambodia",ប្រចាំឆ្នាំ,ជាតិ,៣.១.១ អាយុសង្ឃឹមរស់ពីកំណើត,រតនគិរី,,,ឆ្នាំ,2008,33.7
2008,តម្លៃធម្មតា,ឯកតា,ទិន្នន័យប្រទេស,"MoP, NIS_General Population Census of Cambodia",ប្រចាំឆ្នាំ,ជាតិ,៣.១.១ អាយុសង្ឃឹមរស់ពីកំណើត,សៀមរាប,ស្រី,,ឆ្នាំ,2008,70.0
2008,តម្លៃធម្មតា,ឯកតា,ទិន្នន័យប្រទេស,"MoP, NIS_General Population Census of Cambodia",ប្រចាំឆ្នាំ,ជាតិ,៣.១.១ អាយុសង្ឃឹមរស់ពីកំណើត,សៀមរាប,ប្រុស,,ឆ្នាំ,2008,66.1
2008,តម្លៃធម្មតា,ឯកតា,ទិន្នន័យប្រទេស,"MoP, NIS_General Population Census of Cambodia",ប្រចាំឆ្នាំ,ជាតិ,៣.១.១ អាយុសង្ឃឹមរស់ពីកំណើត,សៀមរាប,,,ឆ្នាំ,2008,68.7
2008,តម្លៃធម្មតា,ឯកតា,ទិន្នន័យប្រទេស,"MoP, NIS_General Population Census of Cambodia",ប្រចាំឆ្នាំ,ជាតិ,៣.១.១ អាយុសង្ឃឹមរស់ពីកំណើត,ស្ទឹងត្រែង,ស្រី,,ឆ្នាំ,2008,54.6
2008,តម្លៃធម្មតា,ឯកតា,ទិន្នន័យប្រទេស,"MoP, NIS_General Population Census of Cambodia",ប្រចាំឆ្នាំ,ជាតិ,៣.១.១ អាយុសង្ឃឹមរស់ពីកំណើត,ស្ទឹងត្រែង,ប្រុស,,ឆ្នាំ,2008,51.5
2008,តម្លៃធម្មតា,ឯកតា,ទិន្នន័យប្រទេស,"MoP, NIS_General Population Census of Cambodia",ប្រចាំឆ្នាំ,ជាតិ,៣.១.១ អាយុសង្ឃឹមរស់ពីកំណើត,ស្ទឹងត្រែង,,,ឆ្នាំ,2008,53.0
2008,តម្លៃធម្មតា,ឯកតា,ទិន្នន័យប្រទេស,"MoP, NIS_General Population Census of Cambodia",ប្រចាំឆ្នាំ,ជាតិ,៣.១.១ អាយុសង្ឃឹមរស់ពីកំណើត,ស្វាយរៀង,ស្រី,,ឆ្នាំ,2008,58.8
2008,តម្លៃធម្មតា,ឯកតា,ទិន្នន័យប្រទេស,"MoP, NIS_General Population Census of Cambodia",ប្រចាំឆ្នាំ,ជាតិ,៣.១.១ អាយុសង្ឃឹមរស់ពីកំណើត,ស្វាយរៀង,ប្រុស,,ឆ្នាំ,2008,55.3
2008,តម្លៃធម្មតា,ឯកតា,ទិន្នន័យប្រទេស,"MoP, NIS_General Population Census of Cambodia",ប្រចាំឆ្នាំ,ជាតិ,៣.១.១ អាយុសង្ឃឹមរស់ពីកំណើត,ស្វាយរៀង,,,ឆ្នាំ,2008,57.0
2008,តម្លៃធម្មតា,ឯកតា,ទិន្នន័យប្រទេស,"MoP, NIS_General Population Census of Cambodia",ប្រចាំឆ្នាំ,ជាតិ,៣.១.១ អាយុសង្ឃឹមរស់ពីកំណើត,តាកែវ,ស្រី,,ឆ្នាំ,2008,64.3
2008,តម្លៃធម្មតា,ឯកតា,ទិន្នន័យប្រទេស,"MoP, NIS_General Population Census of Cambodia",ប្រចាំឆ្នាំ,ជាតិ,៣.១.១ អាយុសង្ឃឹមរស់ពីកំណើត,តាកែវ,ប្រុស,,ឆ្នាំ,2008,60.5
2008,តម្លៃធម្មតា,ឯកតា,ទិន្នន័យប្រទេស,"MoP, NIS_General Population Census of Cambodia",ប្រចាំឆ្នាំ,ជាតិ,៣.១.១ អាយុសង្ឃឹមរស់ពីកំណើត,តាកែវ,,,ឆ្នាំ,2008,62.4
2019,តម្លៃធម្មតា,ឯកតា,ទិន្នន័យប្រទេស,"MoP, NIS_General Population Census of Cambodia",ប្រចាំឆ្នាំ,ជាតិ,៣.១.១ អាយុសង្ឃឹមរស់ពីកំណើត,ប្រទេសកម្ពុជា,ស្រី,ទីប្រជុំជន,ឆ្នាំ,2019,77.7
2019,តម្លៃធម្មតា,ឯកតា,ទិន្នន័យប្រទេស,"MoP, NIS_General Population Census of Cambodia",ប្រចាំឆ្នាំ,ជាតិ,៣.១.១ អាយុសង្ឃឹមរស់ពីកំណើត,ប្រទេសកម្ពុជា,ស្រី,ជនបទ,ឆ្នាំ,2019,76.4
2019,តម្លៃធម្មតា,ឯកតា,ទិន្នន័យប្រទេស,"MoP, NIS_General Population Census of Cambodia",ប្រចាំឆ្នាំ,ជាតិ,៣.១.១ អាយុសង្ឃឹមរស់ពីកំណើត,ប្រទេសកម្ពុជា,ប្រុស,ជនបទ,ឆ្នាំ,2019,72.8
2019,តម្លៃធម្មតា,ឯកតា,ទិន្នន័យប្រទេស,"MoP, NIS_General Population Census of Cambodia",ប្រចាំឆ្នាំ,ជាតិ,៣.១.១ អាយុសង្ឃឹមរស់ពីកំណើត,ប្រទេសកម្ពុជា,ប្រុស,ទីប្រជុំជន,ឆ្នាំ,2019,73.5
