Year,OBS_STATUS,UNIT_MULT,NATURE,SOURCE_DETAIL,FREQ,REPORTING_TYPE,SERIES,REF_AREA,UNIT_MEASURE,TIME_DETAIL,Value
2015,តម្លៃធម្មតា,ឯកតា,ទិន្នន័យប្រទេស,"NAA, MOH",ប្រចាំឆ្នាំ,ជាតិ,៣.៤.១ អត្រានៃករណីឆ្លងថ្មីនៃមេរោគអេដស៍ក្នុងចំណោមប្រជាជនដែលគ្មានផ្ទុកមេរោគអេដស៍ ១ ០០០នាក់,ប្រទេសកម្ពុជា,ក្នុង ១.០០០ នាក់,2020,0.05
2016,តម្លៃធម្មតា,ឯកតា,ទិន្នន័យប្រទេស,"NAA, MOH",ប្រចាំឆ្នាំ,ជាតិ,៣.៤.១ អត្រានៃករណីឆ្លងថ្មីនៃមេរោគអេដស៍ក្នុងចំណោមប្រជាជនដែលគ្មានផ្ទុកមេរោគអេដស៍ ១ ០០០នាក់,ប្រទេសកម្ពុជា,ក្នុង ១.០០០ នាក់,2020,0.05
2017,តម្លៃធម្មតា,ឯកតា,ទិន្នន័យប្រទេស,"NAA, MOH",ប្រចាំឆ្នាំ,ជាតិ,៣.៤.១ អត្រានៃករណីឆ្លងថ្មីនៃមេរោគអេដស៍ក្នុងចំណោមប្រជាជនដែលគ្មានផ្ទុកមេរោគអេដស៍ ១ ០០០នាក់,ប្រទេសកម្ពុជា,ក្នុង ១.០០០ នាក់,2020,0.05
2018,តម្លៃធម្មតា,ឯកតា,ទិន្នន័យប្រទេស,"NAA, MOH",ប្រចាំឆ្នាំ,ជាតិ,៣.៤.១ អត្រានៃករណីឆ្លងថ្មីនៃមេរោគអេដស៍ក្នុងចំណោមប្រជាជនដែលគ្មានផ្ទុកមេរោគអេដស៍ ១ ០០០នាក់,ប្រទេសកម្ពុជា,ក្នុង ១.០០០ នាក់,2020,0.05
2019,តម្លៃធម្មតា,ឯកតា,ទិន្នន័យប្រទេស,"NAA, MOH",ប្រចាំឆ្នាំ,ជាតិ,៣.៤.១ អត្រានៃករណីឆ្លងថ្មីនៃមេរោគអេដស៍ក្នុងចំណោមប្រជាជនដែលគ្មានផ្ទុកមេរោគអេដស៍ ១ ០០០នាក់,ប្រទេសកម្ពុជា,ក្នុង ១.០០០ នាក់,2020,0.05
2020,តម្លៃធម្មតា,ឯកតា,ទិន្នន័យប្រទេស,"NAA, MOH",ប្រចាំឆ្នាំ,ជាតិ,៣.៤.១ អត្រានៃករណីឆ្លងថ្មីនៃមេរោគអេដស៍ក្នុងចំណោមប្រជាជនដែលគ្មានផ្ទុកមេរោគអេដស៍ ១ ០០០នាក់,ប្រទេសកម្ពុជា,ក្នុង ១.០០០ នាក់,2020,0.03
