Year,OBS_STATUS,UNIT_MULT,NATURE,SOURCE_DETAIL,FREQ,REPORTING_TYPE,SERIES,REF_AREA,UNIT_MEASURE,TIME_DETAIL,Value
2000,តម្លៃធម្មតា,ឯកតា,ទិន្នន័យប្រទេស,MoH_National Tuberculosis Control (CENET),ប្រចាំឆ្នាំ,ជាតិ,"៣.៤.២ អាំងស៊ីដង់ (ករណីឆ្លងថ្មី) នៃជំងឺរបេង ក្នុង ១០០,០០០ ប្រជាជន",ប្រទេសកម្ពុជា,ក្នុង ១.០០០ នាក់,2020,254
2005,តម្លៃធម្មតា,ឯកតា,ទិន្នន័យប្រទេស,MoH_National Tuberculosis Control (CENET),ប្រចាំឆ្នាំ,ជាតិ,"៣.៤.២ អាំងស៊ីដង់ (ករណីឆ្លងថ្មី) នៃជំងឺរបេង ក្នុង ១០០,០០០ ប្រជាជន",ប្រទេសកម្ពុជា,ក្នុង ១.០០០ នាក់,2020,175
2010,តម្លៃធម្មតា,ឯកតា,ទិន្នន័យប្រទេស,MoH_National Tuberculosis Control (CENET),ប្រចាំឆ្នាំ,ជាតិ,"៣.៤.២ អាំងស៊ីដង់ (ករណីឆ្លងថ្មី) នៃជំងឺរបេង ក្នុង ១០០,០០០ ប្រជាជន",ប្រទេសកម្ពុជា,ក្នុង ១.០០០ នាក់,2020,125
2015,តម្លៃធម្មតា,ឯកតា,ទិន្នន័យប្រទេស,MoH_National Tuberculosis Control (CENET),ប្រចាំឆ្នាំ,ជាតិ,"៣.៤.២ អាំងស៊ីដង់ (ករណីឆ្លងថ្មី) នៃជំងឺរបេង ក្នុង ១០០,០០០ ប្រជាជន",ប្រទេសកម្ពុជា,ក្នុង ១.០០០ នាក់,2020,380
2016,តម្លៃធម្មតា,ឯកតា,ទិន្នន័យប្រទេស,MoH_National Tuberculosis Control (CENET),ប្រចាំឆ្នាំ,ជាតិ,"៣.៤.២ អាំងស៊ីដង់ (ករណីឆ្លងថ្មី) នៃជំងឺរបេង ក្នុង ១០០,០០០ ប្រជាជន",ប្រទេសកម្ពុជា,ក្នុង ១.០០០ នាក់,2020,365
2017,តម្លៃធម្មតា,ឯកតា,ទិន្នន័យប្រទេស,MoH_National Tuberculosis Control (CENET),ប្រចាំឆ្នាំ,ជាតិ,"៣.៤.២ អាំងស៊ីដង់ (ករណីឆ្លងថ្មី) នៃជំងឺរបេង ក្នុង ១០០,០០០ ប្រជាជន",ប្រទេសកម្ពុជា,ក្នុង ១.០០០ នាក់,2020,350
2018,តម្លៃធម្មតា,ឯកតា,ទិន្នន័យប្រទេស,MoH_National Tuberculosis Control (CENET),ប្រចាំឆ្នាំ,ជាតិ,"៣.៤.២ អាំងស៊ីដង់ (ករណីឆ្លងថ្មី) នៃជំងឺរបេង ក្នុង ១០០,០០០ ប្រជាជន",ប្រទេសកម្ពុជា,ក្នុង ១.០០០ នាក់,2020,336
2019,តម្លៃធម្មតា,ឯកតា,ទិន្នន័យប្រទេស,MoH_National Tuberculosis Control (CENET),ប្រចាំឆ្នាំ,ជាតិ,"៣.៤.២ អាំងស៊ីដង់ (ករណីឆ្លងថ្មី) នៃជំងឺរបេង ក្នុង ១០០,០០០ ប្រជាជន",ប្រទេសកម្ពុជា,ក្នុង ១.០០០ នាក់,2020,323
2020,តម្លៃធម្មតា,ឯកតា,ទិន្នន័យប្រទេស,MoH_National Tuberculosis Control (CENET),ប្រចាំឆ្នាំ,ជាតិ,"៣.៤.២ អាំងស៊ីដង់ (ករណីឆ្លងថ្មី) នៃជំងឺរបេង ក្នុង ១០០,០០០ ប្រជាជន",ប្រទេសកម្ពុជា,ក្នុង ១.០០០ នាក់,2020,281
