Year,OBS_STATUS,UNIT_MULT,NATURE,SOURCE_DETAIL,FREQ,REPORTING_TYPE,SERIES,REF_AREA,UNIT_MEASURE,TIME_DETAIL,Value
2015,តម្លៃធម្មតា,ឯកតា,ទិន្នន័យប្រទេស,MoH,ប្រចាំឆ្នាំ,ជាតិ,៣.៤.៣ អាំងស៊ីដង់(ករណីឆ្លងថ្មី)នៃជំងឺគ្រុនចាញ់,ប្រទេសកម្ពុជា,ក្នុង ១.០០០ នាក់,2020,2.0
2016,តម្លៃធម្មតា,ឯកតា,ទិន្នន័យប្រទេស,MoH,ប្រចាំឆ្នាំ,ជាតិ,៣.៤.៣ អាំងស៊ីដង់(ករណីឆ្លងថ្មី)នៃជំងឺគ្រុនចាញ់,ប្រទេសកម្ពុជា,ក្នុង ១.០០០ នាក់,2020,1.85
2017,តម្លៃធម្មតា,ឯកតា,ទិន្នន័យប្រទេស,MoH,ប្រចាំឆ្នាំ,ជាតិ,៣.៤.៣ អាំងស៊ីដង់(ករណីឆ្លងថ្មី)នៃជំងឺគ្រុនចាញ់,ប្រទេសកម្ពុជា,ក្នុង ១.០០០ នាក់,2020,1.65
2018,តម្លៃធម្មតា,ឯកតា,ទិន្នន័យប្រទេស,MoH,ប្រចាំឆ្នាំ,ជាតិ,៣.៤.៣ អាំងស៊ីដង់(ករណីឆ្លងថ្មី)នៃជំងឺគ្រុនចាញ់,ប្រទេសកម្ពុជា,ក្នុង ១.០០០ នាក់,2020,1.45
2019,តម្លៃធម្មតា,ឯកតា,ទិន្នន័យប្រទេស,MoH,ប្រចាំឆ្នាំ,ជាតិ,៣.៤.៣ អាំងស៊ីដង់(ករណីឆ្លងថ្មី)នៃជំងឺគ្រុនចាញ់,ប្រទេសកម្ពុជា,ក្នុង ១.០០០ នាក់,2020,1.25
2020,តម្លៃធម្មតា,ឯកតា,ទិន្នន័យប្រទេស,MoH,ប្រចាំឆ្នាំ,ជាតិ,៣.៤.៣ អាំងស៊ីដង់(ករណីឆ្លងថ្មី)នៃជំងឺគ្រុនចាញ់,ប្រទេសកម្ពុជា,ក្នុង ១.០០០ នាក់,2020,1.05
