Year,OBS_STATUS,UNIT_MULT,NATURE,SOURCE_DETAIL,FREQ,REPORTING_TYPE,SERIES,REF_AREA,UNIT_MEASURE,TIME_DETAIL,Value
2015,តម្លៃធម្មតា,ឯកតា,ទិន្នន័យប្រទេស,MoH,ប្រចាំឆ្នាំ,ជាតិ,៣.៥.២ ភាគរយនៃប្រជាជនពេញ វ័យមានជំងឺធ្លាក់ទឹកចិត្តបានទទួលសេវាព្យាបាល,ប្រទេសកម្ពុជា,ភាគរយ,2020,2
2016,តម្លៃធម្មតា,ឯកតា,ទិន្នន័យប្រទេស,MoH,ប្រចាំឆ្នាំ,ជាតិ,៣.៥.២ ភាគរយនៃប្រជាជនពេញ វ័យមានជំងឺធ្លាក់ទឹកចិត្តបានទទួលសេវាព្យាបាល,ប្រទេសកម្ពុជា,ភាគរយ,2020,4
2017,តម្លៃធម្មតា,ឯកតា,ទិន្នន័យប្រទេស,MoH,ប្រចាំឆ្នាំ,ជាតិ,៣.៥.២ ភាគរយនៃប្រជាជនពេញ វ័យមានជំងឺធ្លាក់ទឹកចិត្តបានទទួលសេវាព្យាបាល,ប្រទេសកម្ពុជា,ភាគរយ,2020,6
2018,តម្លៃធម្មតា,ឯកតា,ទិន្នន័យប្រទេស,MoH,ប្រចាំឆ្នាំ,ជាតិ,៣.៥.២ ភាគរយនៃប្រជាជនពេញ វ័យមានជំងឺធ្លាក់ទឹកចិត្តបានទទួលសេវាព្យាបាល,ប្រទេសកម្ពុជា,ភាគរយ,2020,10
2019,តម្លៃធម្មតា,ឯកតា,ទិន្នន័យប្រទេស,MoH,ប្រចាំឆ្នាំ,ជាតិ,៣.៥.២ ភាគរយនៃប្រជាជនពេញ វ័យមានជំងឺធ្លាក់ទឹកចិត្តបានទទួលសេវាព្យាបាល,ប្រទេសកម្ពុជា,ភាគរយ,2020,15
2020,តម្លៃធម្មតា,ឯកតា,ទិន្នន័យប្រទេស,MoH,ប្រចាំឆ្នាំ,ជាតិ,៣.៥.២ ភាគរយនៃប្រជាជនពេញ វ័យមានជំងឺធ្លាក់ទឹកចិត្តបានទទួលសេវាព្យាបាល,ប្រទេសកម្ពុជា,ភាគរយ,2020,20
