Year,OBS_STATUS,UNIT_MULT,NATURE,SOURCE_DETAIL,FREQ,REPORTING_TYPE,SERIES,REF_AREA,UNIT_MEASURE,TIME_DETAIL,Value
2015,តម្លៃធម្មតា,ឯកតា,ទិន្នន័យប្រទេស,MoH,ប្រចាំឆ្នាំ,ជាតិ,៣.៦.១ ភាគរយនៃប្រជាជនប្រើប្រាស់គ្រឿងញៀនបានទទួលសេវាព្យាបាល,ប្រទេសកម្ពុជា,ភាគរយ,2020,22
2016,តម្លៃធម្មតា,ឯកតា,ទិន្នន័យប្រទេស,MoH,ប្រចាំឆ្នាំ,ជាតិ,៣.៦.១ ភាគរយនៃប្រជាជនប្រើប្រាស់គ្រឿងញៀនបានទទួលសេវាព្យាបាល,ប្រទេសកម្ពុជា,ភាគរយ,2020,40
2017,តម្លៃធម្មតា,ឯកតា,ទិន្នន័យប្រទេស,MoH,ប្រចាំឆ្នាំ,ជាតិ,៣.៦.១ ភាគរយនៃប្រជាជនប្រើប្រាស់គ្រឿងញៀនបានទទួលសេវាព្យាបាល,ប្រទេសកម្ពុជា,ភាគរយ,2020,50
2018,តម្លៃធម្មតា,ឯកតា,ទិន្នន័យប្រទេស,MoH,ប្រចាំឆ្នាំ,ជាតិ,៣.៦.១ ភាគរយនៃប្រជាជនប្រើប្រាស់គ្រឿងញៀនបានទទួលសេវាព្យាបាល,ប្រទេសកម្ពុជា,ភាគរយ,2020,60
2019,តម្លៃធម្មតា,ឯកតា,ទិន្នន័យប្រទេស,MoH,ប្រចាំឆ្នាំ,ជាតិ,៣.៦.១ ភាគរយនៃប្រជាជនប្រើប្រាស់គ្រឿងញៀនបានទទួលសេវាព្យាបាល,ប្រទេសកម្ពុជា,ភាគរយ,2020,70
2020,តម្លៃធម្មតា,ឯកតា,ទិន្នន័យប្រទេស,MoH,ប្រចាំឆ្នាំ,ជាតិ,៣.៦.១ ភាគរយនៃប្រជាជនប្រើប្រាស់គ្រឿងញៀនបានទទួលសេវាព្យាបាល,ប្រទេសកម្ពុជា,ភាគរយ,2020,80
