Year,OBS_STATUS,UNIT_MULT,NATURE,SOURCE_DETAIL,FREQ,REPORTING_TYPE,SERIES,REF_AREA,UNIT_MEASURE,TIME_DETAIL,Value
2015,តម្លៃធម្មតា,ឯកតា,ទិន្នន័យប្រទេស,MOH/MEF,ប្រចាំឆ្នាំ,ជាតិ,៣.៩.២ ចំណាយថវិកាជាតិចរន្តលើសុខភាពគិតជា % នៃផលិតផលសរុបក្នុងស្រុក,ប្រទេសកម្ពុជា,ភាគរយ,2020,1.24
2016,តម្លៃធម្មតា,ឯកតា,ទិន្នន័យប្រទេស,MOH/MEF,ប្រចាំឆ្នាំ,ជាតិ,៣.៩.២ ចំណាយថវិកាជាតិចរន្តលើសុខភាពគិតជា % នៃផលិតផលសរុបក្នុងស្រុក,ប្រទេសកម្ពុជា,ភាគរយ,2020,1.5
2017,តម្លៃធម្មតា,ឯកតា,ទិន្នន័យប្រទេស,MOH/MEF,ប្រចាំឆ្នាំ,ជាតិ,៣.៩.២ ចំណាយថវិកាជាតិចរន្តលើសុខភាពគិតជា % នៃផលិតផលសរុបក្នុងស្រុក,ប្រទេសកម្ពុជា,ភាគរយ,2020,1.75
2018,តម្លៃធម្មតា,ឯកតា,ទិន្នន័យប្រទេស,MOH/MEF,ប្រចាំឆ្នាំ,ជាតិ,៣.៩.២ ចំណាយថវិកាជាតិចរន្តលើសុខភាពគិតជា % នៃផលិតផលសរុបក្នុងស្រុក,ប្រទេសកម្ពុជា,ភាគរយ,2020,2.0
2019,តម្លៃធម្មតា,ឯកតា,ទិន្នន័យប្រទេស,MOH/MEF,ប្រចាំឆ្នាំ,ជាតិ,៣.៩.២ ចំណាយថវិកាជាតិចរន្តលើសុខភាពគិតជា % នៃផលិតផលសរុបក្នុងស្រុក,ប្រទេសកម្ពុជា,ភាគរយ,2020,2.0
2020,តម្លៃធម្មតា,ឯកតា,ទិន្នន័យប្រទេស,MOH/MEF,ប្រចាំឆ្នាំ,ជាតិ,៣.៩.២ ចំណាយថវិកាជាតិចរន្តលើសុខភាពគិតជា % នៃផលិតផលសរុបក្នុងស្រុក,ប្រទេសកម្ពុជា,ភាគរយ,2020,2.0
