Year,OBS_STATUS,UNIT_MULT,NATURE,SOURCE_DETAIL,FREQ,REPORTING_TYPE,SERIES,REF_AREA,SEX,AGE,UNIT_MEASURE,TIME_DETAIL,Value
2015,តម្លៃធម្មតា,ឯកតា,ទិន្នន័យប្រទេស,MoH,ប្រចាំឆ្នាំ,ជាតិ,៣.a.១ ប្រេវ៉ាឡង់នៃការប្រើប្រាស់ថ្នាំជក់ក្នុងចំណោមប្រជាជនអាយុ១៥ឆ្នាំឡើង,ប្រទេសកម្ពុជា,ស្រី,អាយុ ១៥ ឆ្នាំឡើងទៅ,ភាគរយ,2020,15.0
2020,តម្លៃធម្មតា,ឯកតា,ទិន្នន័យប្រទេស,MoH,ប្រចាំឆ្នាំ,ជាតិ,៣.a.១ ប្រេវ៉ាឡង់នៃការប្រើប្រាស់ថ្នាំជក់ក្នុងចំណោមប្រជាជនអាយុ១៥ឆ្នាំឡើង,ប្រទេសកម្ពុជា,ស្រី,អាយុ ១៥ ឆ្នាំឡើងទៅ,ភាគរយ,2020,13.7
2015,តម្លៃធម្មតា,ឯកតា,ទិន្នន័យប្រទេស,MoH,ប្រចាំឆ្នាំ,ជាតិ,៣.a.១ ប្រេវ៉ាឡង់នៃការប្រើប្រាស់ថ្នាំជក់ក្នុងចំណោមប្រជាជនអាយុ១៥ឆ្នាំឡើង,ប្រទេសកម្ពុជា,ប្រុស,អាយុ ១៥ ឆ្នាំឡើងទៅ,ភាគរយ,2020,40.0
2020,តម្លៃធម្មតា,ឯកតា,ទិន្នន័យប្រទេស,MoH,ប្រចាំឆ្នាំ,ជាតិ,៣.a.១ ប្រេវ៉ាឡង់នៃការប្រើប្រាស់ថ្នាំជក់ក្នុងចំណោមប្រជាជនអាយុ១៥ឆ្នាំឡើង,ប្រទេសកម្ពុជា,ប្រុស,អាយុ ១៥ ឆ្នាំឡើងទៅ,ភាគរយ,2020,34.6
