Year,OBS_STATUS,UNIT_MULT,NATURE,SOURCE_DETAIL,FREQ,REPORTING_TYPE,SERIES,REF_AREA,UNIT_MEASURE,TIME_DETAIL,Value
2015,តម្លៃធម្មតា,ឯកតា,ទិន្នន័យប្រទេស,MoH,ប្រចាំឆ្នាំ,ជាតិ,៣.គ.១ ផលធៀបវេជ្ជបណ្ឌិត/គិលានុប្បដ្ឋាក/យិកា/ឆ្មប លើប្រជាជន១ ០០០នាក់,ប្រទេសកម្ពុជា,ក្នុង ១.០០០ នាក់,2020,1.14
2016,តម្លៃធម្មតា,ឯកតា,ទិន្នន័យប្រទេស,MoH,ប្រចាំឆ្នាំ,ជាតិ,៣.គ.១ ផលធៀបវេជ្ជបណ្ឌិត/គិលានុប្បដ្ឋាក/យិកា/ឆ្មប លើប្រជាជន១ ០០០នាក់,ប្រទេសកម្ពុជា,ក្នុង ១.០០០ នាក់,2020,1.3
2017,តម្លៃធម្មតា,ឯកតា,ទិន្នន័យប្រទេស,MoH,ប្រចាំឆ្នាំ,ជាតិ,៣.គ.១ ផលធៀបវេជ្ជបណ្ឌិត/គិលានុប្បដ្ឋាក/យិកា/ឆ្មប លើប្រជាជន១ ០០០នាក់,ប្រទេសកម្ពុជា,ក្នុង ១.០០០ នាក់,2020,1.35
2018,តម្លៃធម្មតា,ឯកតា,ទិន្នន័យប្រទេស,MoH,ប្រចាំឆ្នាំ,ជាតិ,៣.គ.១ ផលធៀបវេជ្ជបណ្ឌិត/គិលានុប្បដ្ឋាក/យិកា/ឆ្មប លើប្រជាជន១ ០០០នាក់,ប្រទេសកម្ពុជា,ក្នុង ១.០០០ នាក់,2020,1.36
2019,តម្លៃធម្មតា,ឯកតា,ទិន្នន័យប្រទេស,MoH,ប្រចាំឆ្នាំ,ជាតិ,៣.គ.១ ផលធៀបវេជ្ជបណ្ឌិត/គិលានុប្បដ្ឋាក/យិកា/ឆ្មប លើប្រជាជន១ ០០០នាក់,ប្រទេសកម្ពុជា,ក្នុង ១.០០០ នាក់,2020,1.37
2020,តម្លៃធម្មតា,ឯកតា,ទិន្នន័យប្រទេស,MoH,ប្រចាំឆ្នាំ,ជាតិ,៣.គ.១ ផលធៀបវេជ្ជបណ្ឌិត/គិលានុប្បដ្ឋាក/យិកា/ឆ្មប លើប្រជាជន១ ០០០នាក់,ប្រទេសកម្ពុជា,ក្នុង ១.០០០ នាក់,2020,1.38
