Year,OBS_STATUS,UNIT_MULT,NATURE,SOURCE_DETAIL,FREQ,REPORTING_TYPE,SERIES,REF_AREA,AGE,UNIT_MEASURE,TIME_DETAIL,Value
2015,តម្លៃធម្មតា,ឯកតា,ទិន្នន័យប្រទេស,MoEYS_Education Statistics & Indicators,ប្រចាំឆ្នាំ,ជាតិ,៤.៣.២ អត្រារួមនៃការសិក្សាក្នុងកម្មវិធីអប់រំបច្ចេកទេសនិងវិជ្ជាជីវៈ (១៥ ដល់ ២៤ឆ្នាំ),ប្រទេសកម្ពុជា,អាយុពី ១៥ ទៅ ២៤ ឆ្នាំ,ភាគរយ,2020,0.03
2016,តម្លៃធម្មតា,ឯកតា,ទិន្នន័យប្រទេស,MoEYS_Education Statistics & Indicators,ប្រចាំឆ្នាំ,ជាតិ,៤.៣.២ អត្រារួមនៃការសិក្សាក្នុងកម្មវិធីអប់រំបច្ចេកទេសនិងវិជ្ជាជីវៈ (១៥ ដល់ ២៤ឆ្នាំ),ប្រទេសកម្ពុជា,អាយុពី ១៥ ទៅ ២៤ ឆ្នាំ,ភាគរយ,2020,2.4
2017,តម្លៃធម្មតា,ឯកតា,ទិន្នន័យប្រទេស,MoEYS_Education Statistics & Indicators,ប្រចាំឆ្នាំ,ជាតិ,៤.៣.២ អត្រារួមនៃការសិក្សាក្នុងកម្មវិធីអប់រំបច្ចេកទេសនិងវិជ្ជាជីវៈ (១៥ ដល់ ២៤ឆ្នាំ),ប្រទេសកម្ពុជា,អាយុពី ១៥ ទៅ ២៤ ឆ្នាំ,ភាគរយ,2020,4.7
2018,តម្លៃធម្មតា,ឯកតា,ទិន្នន័យប្រទេស,MoEYS_Education Statistics & Indicators,ប្រចាំឆ្នាំ,ជាតិ,៤.៣.២ អត្រារួមនៃការសិក្សាក្នុងកម្មវិធីអប់រំបច្ចេកទេសនិងវិជ្ជាជីវៈ (១៥ ដល់ ២៤ឆ្នាំ),ប្រទេសកម្ពុជា,អាយុពី ១៥ ទៅ ២៤ ឆ្នាំ,ភាគរយ,2020,7.0
2019,តម្លៃធម្មតា,ឯកតា,ទិន្នន័យប្រទេស,MoEYS_Education Statistics & Indicators,ប្រចាំឆ្នាំ,ជាតិ,៤.៣.២ អត្រារួមនៃការសិក្សាក្នុងកម្មវិធីអប់រំបច្ចេកទេសនិងវិជ្ជាជីវៈ (១៥ ដល់ ២៤ឆ្នាំ),ប្រទេសកម្ពុជា,អាយុពី ១៥ ទៅ ២៤ ឆ្នាំ,ភាគរយ,2020,9.4
2020,តម្លៃធម្មតា,ឯកតា,ទិន្នន័យប្រទេស,MoEYS_Education Statistics & Indicators,ប្រចាំឆ្នាំ,ជាតិ,៤.៣.២ អត្រារួមនៃការសិក្សាក្នុងកម្មវិធីអប់រំបច្ចេកទេសនិងវិជ្ជាជីវៈ (១៥ ដល់ ២៤ឆ្នាំ),ប្រទេសកម្ពុជា,អាយុពី ១៥ ទៅ ២៤ ឆ្នាំ,ភាគរយ,2020,11.7
