Year,OBS_STATUS,UNIT_MULT,NATURE,SOURCE_DETAIL,FREQ,REPORTING_TYPE,SERIES,REF_AREA,UNIT_MEASURE,TIME_DETAIL,Value
2015,តម្លៃធម្មតា,ឯកតា,ទិន្នន័យប្រទេស,MoEYS,ប្រចាំឆ្នាំ,ជាតិ,៤.ក.៣ ភាគរយនៃសាលាបឋមសិក្សា និងមធ្យមសិក្សាដែលមានជម្រាលសម្រាប់សិស្សពិការ,ប្រទេសកម្ពុជា,ភាគរយ,2020,0.0
2016,តម្លៃធម្មតា,ឯកតា,ទិន្នន័យប្រទេស,MoEYS,ប្រចាំឆ្នាំ,ជាតិ,៤.ក.៣ ភាគរយនៃសាលាបឋមសិក្សា និងមធ្យមសិក្សាដែលមានជម្រាលសម្រាប់សិស្សពិការ,ប្រទេសកម្ពុជា,ភាគរយ,2020,1.3
2017,តម្លៃធម្មតា,ឯកតា,ទិន្នន័យប្រទេស,MoEYS,ប្រចាំឆ្នាំ,ជាតិ,៤.ក.៣ ភាគរយនៃសាលាបឋមសិក្សា និងមធ្យមសិក្សាដែលមានជម្រាលសម្រាប់សិស្សពិការ,ប្រទេសកម្ពុជា,ភាគរយ,2020,2.7
2018,តម្លៃធម្មតា,ឯកតា,ទិន្នន័យប្រទេស,MoEYS,ប្រចាំឆ្នាំ,ជាតិ,៤.ក.៣ ភាគរយនៃសាលាបឋមសិក្សា និងមធ្យមសិក្សាដែលមានជម្រាលសម្រាប់សិស្សពិការ,ប្រទេសកម្ពុជា,ភាគរយ,2020,4.0
2019,តម្លៃធម្មតា,ឯកតា,ទិន្នន័យប្រទេស,MoEYS,ប្រចាំឆ្នាំ,ជាតិ,៤.ក.៣ ភាគរយនៃសាលាបឋមសិក្សា និងមធ្យមសិក្សាដែលមានជម្រាលសម្រាប់សិស្សពិការ,ប្រទេសកម្ពុជា,ភាគរយ,2020,31.4
2020,តម្លៃធម្មតា,ឯកតា,ទិន្នន័យប្រទេស,MoEYS,ប្រចាំឆ្នាំ,ជាតិ,៤.ក.៣ ភាគរយនៃសាលាបឋមសិក្សា និងមធ្យមសិក្សាដែលមានជម្រាលសម្រាប់សិស្សពិការ,ប្រទេសកម្ពុជា,ភាគរយ,2020,33.4
