Year,OBS_STATUS,UNIT_MULT,NATURE,SOURCE_DETAIL,FREQ,REPORTING_TYPE,SERIES,REF_AREA,EDUCATION_LEV,UNIT_MEASURE,TIME_DETAIL,Value
2015,តម្លៃធម្មតា,ឯកតា,ទិន្នន័យប្រទេស,MoEYS,ប្រចាំឆ្នាំ,ជាតិ,៤.គ.៤ ភាគរយគូ្រមធ្យមសិក្សាដែលមានគុណវុឌ្ឍិស្របតាមស្តង់ដាជាតិ,ប្រទេសកម្ពុជា,អនុវិទ្យាល័យ (អនុវិទ្យាល័យនិងមធ្យមសិក្សាទុតិយភូមិ),ភាគរយ,2020,32.0
2016,តម្លៃធម្មតា,ឯកតា,ទិន្នន័យប្រទេស,MoEYS,ប្រចាំឆ្នាំ,ជាតិ,៤.គ.៤ ភាគរយគូ្រមធ្យមសិក្សាដែលមានគុណវុឌ្ឍិស្របតាមស្តង់ដាជាតិ,ប្រទេសកម្ពុជា,អនុវិទ្យាល័យ (អនុវិទ្យាល័យនិងមធ្យមសិក្សាទុតិយភូមិ),ភាគរយ,2020,85.8
2017,តម្លៃធម្មតា,ឯកតា,ទិន្នន័យប្រទេស,MoEYS,ប្រចាំឆ្នាំ,ជាតិ,៤.គ.៤ ភាគរយគូ្រមធ្យមសិក្សាដែលមានគុណវុឌ្ឍិស្របតាមស្តង់ដាជាតិ,ប្រទេសកម្ពុជា,អនុវិទ្យាល័យ (អនុវិទ្យាល័យនិងមធ្យមសិក្សាទុតិយភូមិ),ភាគរយ,2020,85.0
2018,តម្លៃធម្មតា,ឯកតា,ទិន្នន័យប្រទេស,MoEYS,ប្រចាំឆ្នាំ,ជាតិ,៤.គ.៤ ភាគរយគូ្រមធ្យមសិក្សាដែលមានគុណវុឌ្ឍិស្របតាមស្តង់ដាជាតិ,ប្រទេសកម្ពុជា,អនុវិទ្យាល័យ (អនុវិទ្យាល័យនិងមធ្យមសិក្សាទុតិយភូមិ),ភាគរយ,2020,86.0
2019,តម្លៃធម្មតា,ឯកតា,ទិន្នន័យប្រទេស,MoEYS,ប្រចាំឆ្នាំ,ជាតិ,៤.គ.៤ ភាគរយគូ្រមធ្យមសិក្សាដែលមានគុណវុឌ្ឍិស្របតាមស្តង់ដាជាតិ,ប្រទេសកម្ពុជា,អនុវិទ្យាល័យ (អនុវិទ្យាល័យនិងមធ្យមសិក្សាទុតិយភូមិ),ភាគរយ,2020,86.8
2020,តម្លៃធម្មតា,ឯកតា,ទិន្នន័យប្រទេស,MoEYS,ប្រចាំឆ្នាំ,ជាតិ,៤.គ.៤ ភាគរយគូ្រមធ្យមសិក្សាដែលមានគុណវុឌ្ឍិស្របតាមស្តង់ដាជាតិ,ប្រទេសកម្ពុជា,អនុវិទ្យាល័យ (អនុវិទ្យាល័យនិងមធ្យមសិក្សាទុតិយភូមិ),ភាគរយ,2020,87.5
