Year,OBS_STATUS,UNIT_MULT,NATURE,SOURCE_DETAIL,FREQ,REPORTING_TYPE,SERIES,REF_AREA,EDUCATION_LEV,UNIT_MEASURE,TIME_DETAIL,Value
2015,តម្លៃធម្មតា,ឯកតា,ទិន្នន័យប្រទេស,MoEYS,ប្រចាំឆ្នាំ,ជាតិ,៤.គ.៣ ភាគរយគូ្របឋមសិក្សាដែលមានគុណវុឌ្ឍិស្របតាមស្តង់ដាជាតិ,ប្រទេសកម្ពុជា,ការអប់រំ​បឋម,ភាគរយ,2020,61.0
2016,តម្លៃធម្មតា,ឯកតា,ទិន្នន័យប្រទេស,MoEYS,ប្រចាំឆ្នាំ,ជាតិ,៤.គ.៣ ភាគរយគូ្របឋមសិក្សាដែលមានគុណវុឌ្ឍិស្របតាមស្តង់ដាជាតិ,ប្រទេសកម្ពុជា,ការអប់រំ​បឋម,ភាគរយ,2020,70.2
2017,តម្លៃធម្មតា,ឯកតា,ទិន្នន័យប្រទេស,MoEYS,ប្រចាំឆ្នាំ,ជាតិ,៤.គ.៣ ភាគរយគូ្របឋមសិក្សាដែលមានគុណវុឌ្ឍិស្របតាមស្តង់ដាជាតិ,ប្រទេសកម្ពុជា,ការអប់រំ​បឋម,ភាគរយ,2020,72.1
2018,តម្លៃធម្មតា,ឯកតា,ទិន្នន័យប្រទេស,MoEYS,ប្រចាំឆ្នាំ,ជាតិ,៤.គ.៣ ភាគរយគូ្របឋមសិក្សាដែលមានគុណវុឌ្ឍិស្របតាមស្តង់ដាជាតិ,ប្រទេសកម្ពុជា,ការអប់រំ​បឋម,ភាគរយ,2020,73.0
2019,តម្លៃធម្មតា,ឯកតា,ទិន្នន័យប្រទេស,MoEYS,ប្រចាំឆ្នាំ,ជាតិ,៤.គ.៣ ភាគរយគូ្របឋមសិក្សាដែលមានគុណវុឌ្ឍិស្របតាមស្តង់ដាជាតិ,ប្រទេសកម្ពុជា,ការអប់រំ​បឋម,ភាគរយ,2020,74.4
2020,តម្លៃធម្មតា,ឯកតា,ទិន្នន័យប្រទេស,MoEYS,ប្រចាំឆ្នាំ,ជាតិ,៤.គ.៣ ភាគរយគូ្របឋមសិក្សាដែលមានគុណវុឌ្ឍិស្របតាមស្តង់ដាជាតិ,ប្រទេសកម្ពុជា,ការអប់រំ​បឋម,ភាគរយ,2020,75.8
