Year,OBS_STATUS,UNIT_MULT,NATURE,SOURCE_DETAIL,FREQ,REPORTING_TYPE,SERIES,REF_AREA,SEX,UNIT_MEASURE,TIME_DETAIL,Value
2008,តម្លៃធម្មតា,ឯកតា,ទិន្នន័យប្រទេស,"MoWA_Planning Department, Annual report",ប្រចាំឆ្នាំ,ជាតិ,៥.៥.១ សមាមាត្រអាសនៈរបស់្រសី្តនៅក្នុងស្ថាប័ននីតិប្បញ្ញត្តិ,ប្រទេសកម្ពុជា,ស្រី,ភាគរយ,2018,18.37
2009,តម្លៃធម្មតា,ឯកតា,ទិន្នន័យប្រទេស,"MoWA_Planning Department, Annual report",ប្រចាំឆ្នាំ,ជាតិ,៥.៥.១ សមាមាត្រអាសនៈរបស់្រសី្តនៅក្នុងស្ថាប័ននីតិប្បញ្ញត្តិ,ប្រទេសកម្ពុជា,ស្រី,ភាគរយ,2018,18.37
2010,តម្លៃធម្មតា,ឯកតា,ទិន្នន័យប្រទេស,"MoWA_Planning Department, Annual report",ប្រចាំឆ្នាំ,ជាតិ,៥.៥.១ សមាមាត្រអាសនៈរបស់្រសី្តនៅក្នុងស្ថាប័ននីតិប្បញ្ញត្តិ,ប្រទេសកម្ពុជា,ស្រី,ភាគរយ,2018,17.05
2015,តម្លៃធម្មតា,ឯកតា,ទិន្នន័យប្រទេស,"MoWA_Planning Department, Annual report",ប្រចាំឆ្នាំ,ជាតិ,៥.៥.១ សមាមាត្រអាសនៈរបស់្រសី្តនៅក្នុងស្ថាប័ននីតិប្បញ្ញត្តិ,ប្រទេសកម្ពុជា,ស្រី,ភាគរយ,2018,17.8
2016,តម្លៃធម្មតា,ឯកតា,ទិន្នន័យប្រទេស,"MoWA_Planning Department, Annual report",ប្រចាំឆ្នាំ,ជាតិ,៥.៥.១ សមាមាត្រអាសនៈរបស់្រសី្តនៅក្នុងស្ថាប័ននីតិប្បញ្ញត្តិ,ប្រទេសកម្ពុជា,ស្រី,ភាគរយ,2018,17.8
2018,តម្លៃធម្មតា,ឯកតា,ទិន្នន័យប្រទេស,"MoWA_Planning Department, Annual report",ប្រចាំឆ្នាំ,ជាតិ,៥.៥.១ សមាមាត្រអាសនៈរបស់្រសី្តនៅក្នុងស្ថាប័ននីតិប្បញ្ញត្តិ,ប្រទេសកម្ពុជា,ស្រី,ភាគរយ,2018,25.0
