Year,OBS_STATUS,UNIT_MULT,NATURE,SOURCE_DETAIL,FREQ,REPORTING_TYPE,SERIES,REF_AREA,UNIT_MEASURE,TIME_DETAIL,Value
2015,តម្លៃធម្មតា,ឯកតា,ទិន្នន័យប្រទេស,CRDB/CDC,ប្រចាំឆ្នាំ,ជាតិ,៦.ក.១ ទំហំហិរញ្ញប្បទានសហប្រតិបត្តិការដែលពាក់ព័ន្ធទៅនឹងទឹកស្អាតនិងអនាម័យដែលជាផ្នែកនៃផែនការចំណាយសម្របសម្រួលដោយរដ្ឋាភិបាលធៀបនឹង ផ.ស.ស.,ប្រទេសកម្ពុជា,ភាគរយ,2020,0.14
2016,តម្លៃធម្មតា,ឯកតា,ទិន្នន័យប្រទេស,CRDB/CDC,ប្រចាំឆ្នាំ,ជាតិ,៦.ក.១ ទំហំហិរញ្ញប្បទានសហប្រតិបត្តិការដែលពាក់ព័ន្ធទៅនឹងទឹកស្អាតនិងអនាម័យដែលជាផ្នែកនៃផែនការចំណាយសម្របសម្រួលដោយរដ្ឋាភិបាលធៀបនឹង ផ.ស.ស.,ប្រទេសកម្ពុជា,ភាគរយ,2020,0.14
2017,តម្លៃធម្មតា,ឯកតា,ទិន្នន័យប្រទេស,CRDB/CDC,ប្រចាំឆ្នាំ,ជាតិ,៦.ក.១ ទំហំហិរញ្ញប្បទានសហប្រតិបត្តិការដែលពាក់ព័ន្ធទៅនឹងទឹកស្អាតនិងអនាម័យដែលជាផ្នែកនៃផែនការចំណាយសម្របសម្រួលដោយរដ្ឋាភិបាលធៀបនឹង ផ.ស.ស.,ប្រទេសកម្ពុជា,ភាគរយ,2020,0.13
2018,តម្លៃធម្មតា,ឯកតា,ទិន្នន័យប្រទេស,CRDB/CDC,ប្រចាំឆ្នាំ,ជាតិ,៦.ក.១ ទំហំហិរញ្ញប្បទានសហប្រតិបត្តិការដែលពាក់ព័ន្ធទៅនឹងទឹកស្អាតនិងអនាម័យដែលជាផ្នែកនៃផែនការចំណាយសម្របសម្រួលដោយរដ្ឋាភិបាលធៀបនឹង ផ.ស.ស.,ប្រទេសកម្ពុជា,ភាគរយ,2020,0.12
2019,តម្លៃធម្មតា,ឯកតា,ទិន្នន័យប្រទេស,CRDB/CDC,ប្រចាំឆ្នាំ,ជាតិ,៦.ក.១ ទំហំហិរញ្ញប្បទានសហប្រតិបត្តិការដែលពាក់ព័ន្ធទៅនឹងទឹកស្អាតនិងអនាម័យដែលជាផ្នែកនៃផែនការចំណាយសម្របសម្រួលដោយរដ្ឋាភិបាលធៀបនឹង ផ.ស.ស.,ប្រទេសកម្ពុជា,ភាគរយ,2020,0.11
2020,តម្លៃធម្មតា,ឯកតា,ទិន្នន័យប្រទេស,CRDB/CDC,ប្រចាំឆ្នាំ,ជាតិ,៦.ក.១ ទំហំហិរញ្ញប្បទានសហប្រតិបត្តិការដែលពាក់ព័ន្ធទៅនឹងទឹកស្អាតនិងអនាម័យដែលជាផ្នែកនៃផែនការចំណាយសម្របសម្រួលដោយរដ្ឋាភិបាលធៀបនឹង ផ.ស.ស.,ប្រទេសកម្ពុជា,ភាគរយ,2020,0.11
