Year,OBS_STATUS,UNIT_MULT,NATURE,SOURCE_DETAIL,FREQ,REPORTING_TYPE,SERIES,REF_AREA,UNIT_MEASURE,TIME_DETAIL,Value
2015,តម្លៃធម្មតា,រាប់ពាន់នាក់,ទិន្នន័យប្រទេស,MME,ប្រចាំឆ្នាំ,ជាតិ,៧.៣.១ សមាមាត្រនៃថាមពល បឋម ធៀបនឹងផលិតផលក្នុងស្រុកសរុប,ប្រទេសកម្ពុជា,ស្មើនឹងប្រេងកាតតោន,2020,0.3
2016,តម្លៃធម្មតា,រាប់ពាន់នាក់,ទិន្នន័យប្រទេស,MME,ប្រចាំឆ្នាំ,ជាតិ,៧.៣.១ សមាមាត្រនៃថាមពល បឋម ធៀបនឹងផលិតផលក្នុងស្រុកសរុប,ប្រទេសកម្ពុជា,ស្មើនឹងប្រេងកាតតោន,2020,0.32
2017,តម្លៃធម្មតា,រាប់ពាន់នាក់,ទិន្នន័យប្រទេស,MME,ប្រចាំឆ្នាំ,ជាតិ,៧.៣.១ សមាមាត្រនៃថាមពល បឋម ធៀបនឹងផលិតផលក្នុងស្រុកសរុប,ប្រទេសកម្ពុជា,ស្មើនឹងប្រេងកាតតោន,2020,0.31
2018,តម្លៃធម្មតា,រាប់ពាន់នាក់,ទិន្នន័យប្រទេស,MME,ប្រចាំឆ្នាំ,ជាតិ,៧.៣.១ សមាមាត្រនៃថាមពល បឋម ធៀបនឹងផលិតផលក្នុងស្រុកសរុប,ប្រទេសកម្ពុជា,ស្មើនឹងប្រេងកាតតោន,2020,0.3
2019,តម្លៃធម្មតា,រាប់ពាន់នាក់,ទិន្នន័យប្រទេស,MME,ប្រចាំឆ្នាំ,ជាតិ,៧.៣.១ សមាមាត្រនៃថាមពល បឋម ធៀបនឹងផលិតផលក្នុងស្រុកសរុប,ប្រទេសកម្ពុជា,ស្មើនឹងប្រេងកាតតោន,2020,0.3
2020,តម្លៃធម្មតា,រាប់ពាន់នាក់,ទិន្នន័យប្រទេស,MME,ប្រចាំឆ្នាំ,ជាតិ,៧.៣.១ សមាមាត្រនៃថាមពល បឋម ធៀបនឹងផលិតផលក្នុងស្រុកសរុប,ប្រទេសកម្ពុជា,ស្មើនឹងប្រេងកាតតោន,2020,0.29
