Year,OBS_STATUS,UNIT_MULT,NATURE,SOURCE_DETAIL,FREQ,REPORTING_TYPE,SERIES,REF_AREA,UNIT_MEASURE,TIME_DETAIL,Value
2015,តម្លៃធម្មតា,ឯកតា,ទិន្នន័យប្រទេស,MOC,ប្រចាំឆ្នាំ,ជាតិ,៨.២.២.១ អត្រាកំណើននៃការចុះបញ្ជីពណិជ្ជកម្ម ដោយស័យ្វ ប្រវតិ្តកម្ម,ប្រទេសកម្ពុជា,ភាគរយ,2020,15
2016,តម្លៃធម្មតា,ឯកតា,ទិន្នន័យប្រទេស,MOC,ប្រចាំឆ្នាំ,ជាតិ,៨.២.២.១ អត្រាកំណើននៃការចុះបញ្ជីពណិជ្ជកម្ម ដោយស័យ្វ ប្រវតិ្តកម្ម,ប្រទេសកម្ពុជា,ភាគរយ,2020,-4
2017,តម្លៃធម្មតា,ឯកតា,ទិន្នន័យប្រទេស,MOC,ប្រចាំឆ្នាំ,ជាតិ,៨.២.២.១ អត្រាកំណើននៃការចុះបញ្ជីពណិជ្ជកម្ម ដោយស័យ្វ ប្រវតិ្តកម្ម,ប្រទេសកម្ពុជា,ភាគរយ,2020,25
2018,តម្លៃធម្មតា,ឯកតា,ទិន្នន័យប្រទេស,MOC,ប្រចាំឆ្នាំ,ជាតិ,៨.២.២.១ អត្រាកំណើននៃការចុះបញ្ជីពណិជ្ជកម្ម ដោយស័យ្វ ប្រវតិ្តកម្ម,ប្រទេសកម្ពុជា,ភាគរយ,2020,92
2019,តម្លៃធម្មតា,ឯកតា,ទិន្នន័យប្រទេស,MOC,ប្រចាំឆ្នាំ,ជាតិ,៨.២.២.១ អត្រាកំណើននៃការចុះបញ្ជីពណិជ្ជកម្ម ដោយស័យ្វ ប្រវតិ្តកម្ម,ប្រទេសកម្ពុជា,ភាគរយ,2020,-1
2020,តម្លៃធម្មតា,ឯកតា,ទិន្នន័យប្រទេស,MOC,ប្រចាំឆ្នាំ,ជាតិ,៨.២.២.១ អត្រាកំណើននៃការចុះបញ្ជីពណិជ្ជកម្ម ដោយស័យ្វ ប្រវតិ្តកម្ម,ប្រទេសកម្ពុជា,ភាគរយ,2020,19
