Year,OBS_STATUS,UNIT_MULT,NATURE,SOURCE_DETAIL,FREQ,REPORTING_TYPE,SERIES,REF_AREA,UNIT_MEASURE,TIME_DETAIL,Value
2015,តម្លៃធម្មតា,ឯកតា,ទិន្នន័យប្រទេស,MOT,ប្រចាំឆ្នាំ,ជាតិ,៨.៩.២ សមាមាត្រនៃចំនួនកម្មករនិយោជិតេធ្វើការក្នុងវិស័យទេសចរណ៍និងចំនួនអ្នកធ្វើការសរុប,ប្រទេសកម្ពុជា,ភាគរយ,2020,7.0
2016,តម្លៃធម្មតា,ឯកតា,ទិន្នន័យប្រទេស,MOT,ប្រចាំឆ្នាំ,ជាតិ,៨.៩.២ សមាមាត្រនៃចំនួនកម្មករនិយោជិតេធ្វើការក្នុងវិស័យទេសចរណ៍និងចំនួនអ្នកធ្វើការសរុប,ប្រទេសកម្ពុជា,ភាគរយ,2020,7.0
2017,តម្លៃធម្មតា,ឯកតា,ទិន្នន័យប្រទេស,MOT,ប្រចាំឆ្នាំ,ជាតិ,៨.៩.២ សមាមាត្រនៃចំនួនកម្មករនិយោជិតេធ្វើការក្នុងវិស័យទេសចរណ៍និងចំនួនអ្នកធ្វើការសរុប,ប្រទេសកម្ពុជា,ភាគរយ,2020,7.0
2018,តម្លៃធម្មតា,ឯកតា,ទិន្នន័យប្រទេស,MOT,ប្រចាំឆ្នាំ,ជាតិ,៨.៩.២ សមាមាត្រនៃចំនួនកម្មករនិយោជិតេធ្វើការក្នុងវិស័យទេសចរណ៍និងចំនួនអ្នកធ្វើការសរុប,ប្រទេសកម្ពុជា,ភាគរយ,2020,7.0
2019,តម្លៃធម្មតា,ឯកតា,ទិន្នន័យប្រទេស,MOT,ប្រចាំឆ្នាំ,ជាតិ,៨.៩.២ សមាមាត្រនៃចំនួនកម្មករនិយោជិតេធ្វើការក្នុងវិស័យទេសចរណ៍និងចំនួនអ្នកធ្វើការសរុប,ប្រទេសកម្ពុជា,ភាគរយ,2020,7.0
2020,តម្លៃធម្មតា,ឯកតា,ទិន្នន័យប្រទេស,MOT,ប្រចាំឆ្នាំ,ជាតិ,៨.៩.២ សមាមាត្រនៃចំនួនកម្មករនិយោជិតេធ្វើការក្នុងវិស័យទេសចរណ៍និងចំនួនអ្នកធ្វើការសរុប,ប្រទេសកម្ពុជា,ភាគរយ,2020,7.5
