Year,OBS_STATUS,UNIT_MULT,NATURE,SOURCE_DETAIL,FREQ,REPORTING_TYPE,SERIES,REF_AREA,UNIT_MEASURE,TIME_DETAIL,Value
2015,តម្លៃធម្មតា,ឯកតា,ទិន្នន័យប្រទេស,MOT,ប្រចាំឆ្នាំ,ជាតិ,៨.៩.១ ភាគរយនៃការរួមចំណែកដោយផ្ទាល់ពីវិស័យទេសចរណ៍ ទៅក្នុងផលិតផលក្នុងសុ្រកសរុប,ប្រទេសកម្ពុជា,ភាគរយ,2020,12.5
2016,តម្លៃធម្មតា,ឯកតា,ទិន្នន័យប្រទេស,MOT,ប្រចាំឆ្នាំ,ជាតិ,៨.៩.១ ភាគរយនៃការរួមចំណែកដោយផ្ទាល់ពីវិស័យទេសចរណ៍ ទៅក្នុងផលិតផលក្នុងសុ្រកសរុប,ប្រទេសកម្ពុជា,ភាគរយ,2020,12.5
2017,តម្លៃធម្មតា,ឯកតា,ទិន្នន័យប្រទេស,MOT,ប្រចាំឆ្នាំ,ជាតិ,៨.៩.១ ភាគរយនៃការរួមចំណែកដោយផ្ទាល់ពីវិស័យទេសចរណ៍ ទៅក្នុងផលិតផលក្នុងសុ្រកសរុប,ប្រទេសកម្ពុជា,ភាគរយ,2020,12.8
2018,តម្លៃធម្មតា,ឯកតា,ទិន្នន័យប្រទេស,MOT,ប្រចាំឆ្នាំ,ជាតិ,៨.៩.១ ភាគរយនៃការរួមចំណែកដោយផ្ទាល់ពីវិស័យទេសចរណ៍ ទៅក្នុងផលិតផលក្នុងសុ្រកសរុប,ប្រទេសកម្ពុជា,ភាគរយ,2020,12.8
2019,តម្លៃធម្មតា,ឯកតា,ទិន្នន័យប្រទេស,MOT,ប្រចាំឆ្នាំ,ជាតិ,៨.៩.១ ភាគរយនៃការរួមចំណែកដោយផ្ទាល់ពីវិស័យទេសចរណ៍ ទៅក្នុងផលិតផលក្នុងសុ្រកសរុប,ប្រទេសកម្ពុជា,ភាគរយ,2020,13.0
2020,តម្លៃធម្មតា,ឯកតា,ទិន្នន័យប្រទេស,MOT,ប្រចាំឆ្នាំ,ជាតិ,៨.៩.១ ភាគរយនៃការរួមចំណែកដោយផ្ទាល់ពីវិស័យទេសចរណ៍ ទៅក្នុងផលិតផលក្នុងសុ្រកសរុប,ប្រទេសកម្ពុជា,ភាគរយ,2020,13.5
