Year,OBS_STATUS,UNIT_MULT,NATURE,SOURCE_DETAIL,FREQ,REPORTING_TYPE,SERIES,REF_AREA,UNIT_MEASURE,TIME_DETAIL,Value
2015,តម្លៃធម្មតា,ឯកតា,ទិន្នន័យប្រទេស,"MoP,NIS_Cambodia Socio Economics Survey",ប្រចាំឆ្នាំ,ជាតិ,៩.២.១ សមមាត្រនៃចំនួននិយោជិតកម្ពុជាក្នុងវិស័យ សហគ្រាសកម្មន្តសាល ធៀបនឹងចំនួនការងារសរុបក្នុងប្រទេស,ប្រទេសកម្ពុជា,ភាគរយ,2020,10
2016,តម្លៃធម្មតា,ឯកតា,ទិន្នន័យប្រទេស,"MoP,NIS_Cambodia Socio Economics Survey",ប្រចាំឆ្នាំ,ជាតិ,៩.២.១ សមមាត្រនៃចំនួននិយោជិតកម្ពុជាក្នុងវិស័យ សហគ្រាសកម្មន្តសាល ធៀបនឹងចំនួនការងារសរុបក្នុងប្រទេស,ប្រទេសកម្ពុជា,ភាគរយ,2020,10
2017,តម្លៃធម្មតា,ឯកតា,ទិន្នន័យប្រទេស,"MoP,NIS_Cambodia Socio Economics Survey",ប្រចាំឆ្នាំ,ជាតិ,៩.២.១ សមមាត្រនៃចំនួននិយោជិតកម្ពុជាក្នុងវិស័យ សហគ្រាសកម្មន្តសាល ធៀបនឹងចំនួនការងារសរុបក្នុងប្រទេស,ប្រទេសកម្ពុជា,ភាគរយ,2020,12
2018,តម្លៃធម្មតា,ឯកតា,ទិន្នន័យប្រទេស,"MoP,NIS_Cambodia Socio Economics Survey",ប្រចាំឆ្នាំ,ជាតិ,៩.២.១ សមមាត្រនៃចំនួននិយោជិតកម្ពុជាក្នុងវិស័យ សហគ្រាសកម្មន្តសាល ធៀបនឹងចំនួនការងារសរុបក្នុងប្រទេស,ប្រទេសកម្ពុជា,ភាគរយ,2020,13
2019,តម្លៃធម្មតា,ឯកតា,ទិន្នន័យប្រទេស,"MoP,NIS_Cambodia Socio Economics Survey",ប្រចាំឆ្នាំ,ជាតិ,៩.២.១ សមមាត្រនៃចំនួននិយោជិតកម្ពុជាក្នុងវិស័យ សហគ្រាសកម្មន្តសាល ធៀបនឹងចំនួនការងារសរុបក្នុងប្រទេស,ប្រទេសកម្ពុជា,ភាគរយ,2020,14
2020,តម្លៃធម្មតា,ឯកតា,ទិន្នន័យប្រទេស,"MoP,NIS_Cambodia Socio Economics Survey",ប្រចាំឆ្នាំ,ជាតិ,៩.២.១ សមមាត្រនៃចំនួននិយោជិតកម្ពុជាក្នុងវិស័យ សហគ្រាសកម្មន្តសាល ធៀបនឹងចំនួនការងារសរុបក្នុងប្រទេស,ប្រទេសកម្ពុជា,ភាគរយ,2020,15
