Year,Observation status,Nature of data points,Observation-level footnotes,Unit multiplier,Source details,Frequency of observation,Reporting type,SERIES,Reference area,UNIT_MEASURE,Value
2000,Normal value,Not Available,Proportion of population below international poverty line,Units,World Bank,Annual,National,Proportion of population below international poverty line [1.1.1],Rwanda,Percent,77.2
2005,Normal value,Not Available,Proportion of population below international poverty line,Units,World Bank,Annual,National,Proportion of population below international poverty line [1.1.1],Rwanda,Percent,68.3
2010,Normal value,Not Available,Proportion of population below international poverty line,Units,World Bank,Annual,National,Proportion of population below international poverty line [1.1.1],Rwanda,Percent,62.3
2013,Normal value,Not Available,Proportion of population below international poverty line,Units,World Bank,Annual,National,Proportion of population below international poverty line [1.1.1],Rwanda,Percent,56.8
2016,Normal value,Not Available,Proportion of population below international poverty line,Units,World Bank,Annual,National,Proportion of population below international poverty line [1.1.1],Rwanda,Percent,55.5
