Year,Observation status,Nature of data points,Observation-level footnotes,Unit multiplier,Source details,Frequency of observation,Reporting type,SERIES,Reference area,UNIT_MEASURE,Value
2015,Normal value,Not Available,Bribery incidence (% of firms experiencing at least one bribe payment request),Units,RGB,Annual,National,Bribery incidence (% of firms experiencing at least one bribe payment request) [16.5.2],Rwanda,Percent,0
2016,Normal value,Not Available,Bribery incidence (% of firms experiencing at least one bribe payment request),Units,RGB,Annual,National,Bribery incidence (% of firms experiencing at least one bribe payment request) [16.5.2],Rwanda,Percent,0
2017,Normal value,Not Available,Bribery incidence (% of firms experiencing at least one bribe payment request),Units,RGB,Annual,National,Bribery incidence (% of firms experiencing at least one bribe payment request) [16.5.2],Rwanda,Percent,0
2018,Normal value,Not Available,Bribery incidence (% of firms experiencing at least one bribe payment request),Units,RGB,Annual,National,Bribery incidence (% of firms experiencing at least one bribe payment request) [16.5.2],Rwanda,Percent,0
2019,Normal value,Not Available,Bribery incidence (% of firms experiencing at least one bribe payment request),Units,RGB,Annual,National,Bribery incidence (% of firms experiencing at least one bribe payment request) [16.5.2],Rwanda,Percent,0
