Year,Observation status,Nature of data points,Observation-level footnotes,Unit multiplier,Source details,Frequency of observation,Reporting type,SERIES,Reference area,UNIT_MEASURE,Value
2015,Normal value,Not Available,Citizens' satisfaction with service delivery,Units,"RGB, CRC",Annual,National,Citizens' satisfaction with service delivery,Rwanda,Percent,71.1
2016,Normal value,Not Available,Citizens' satisfaction with service delivery,Units,"RGB, CRC",Annual,National,Citizens' satisfaction with service delivery,Rwanda,Percent,67.7
2017,Normal value,Not Available,Citizens' satisfaction with service delivery,Units,"RGB, CRC",Annual,National,Citizens' satisfaction with service delivery,Rwanda,Percent,70.9
2018,Normal value,Not Available,Citizens' satisfaction with service delivery,Units,"RGB, CRC",Annual,National,Citizens' satisfaction with service delivery,Rwanda,Percent,69.3
2019,Normal value,Not Available,Citizens' satisfaction with service delivery,Units,"RGB, CRC",Annual,National,Citizens' satisfaction with service delivery,Rwanda,Percent,70.4
