Year,Observation status,Nature of data points,Observation-level footnotes,Unit multiplier,Source details,Frequency of observation,Reporting type,SERIES,Reference area,UNIT_MEASURE,Value
2005,Normal value,Not Available,Proportion of children moderately or severely stunted,Units,"DHS, NISR",Annual,National,Proportion of children moderately or severely stunted [2.2.1],Rwanda,Percent,51
2010,Normal value,Not Available,Proportion of children moderately or severely stunted,Units,"DHS, NISR",Annual,National,Proportion of children moderately or severely stunted [2.2.1],Rwanda,Percent,44
2015,Normal value,Not Available,Proportion of children moderately or severely stunted,Units,"DHS, NISR",Annual,National,Proportion of children moderately or severely stunted [2.2.1],Rwanda,Percent,38
2020,Normal value,Not Available,Proportion of children moderately or severely stunted,Units,"DHS, NISR",Annual,National,Proportion of children moderately or severely stunted [2.2.1],Rwanda,Percent,33
