Year,Observation status,Nature of data points,Observation-level footnotes,Unit multiplier,Source details,Frequency of observation,Reporting type,SERIES,Reference area,Sex,Age,UNIT_MEASURE,Value
2017,Normal value,Not Available,Participation rate in formal and non-formal education and training,Units,MINEDUC,Annual,National,Participation rate in formal and non-formal education and training [4.3.1],Rwanda,,16 years old and over,Percent,42.7
2018,Normal value,Not Available,Participation rate in formal and non-formal education and training,Units,MINEDUC,Annual,National,Participation rate in formal and non-formal education and training [4.3.1],Rwanda,,16 years old and over,Percent,32.3
2017,Normal value,Not Available,Participation rate in formal and non-formal education and training,Units,MINEDUC,Annual,National,Participation rate in formal and non-formal education and training [4.3.1],Rwanda,Male,16 years old and over,Percent,42.8
2018,Normal value,Not Available,Participation rate in formal and non-formal education and training,Units,MINEDUC,Annual,National,Participation rate in formal and non-formal education and training [4.3.1],Rwanda,Male,16 years old and over,Percent,32.6
2017,Normal value,Not Available,Participation rate in formal and non-formal education and training,Units,MINEDUC,Annual,National,Participation rate in formal and non-formal education and training [4.3.1],Rwanda,Female,16 years old and over,Percent,42.6
2018,Normal value,Not Available,Participation rate in formal and non-formal education and training,Units,MINEDUC,Annual,National,Participation rate in formal and non-formal education and training [4.3.1],Rwanda,Female,16 years old and over,Percent,32.0
