Year,Observation status,Nature of data points,Observation-level footnotes,Unit multiplier,Source details,Frequency of observation,Reporting type,SERIES,Reference area,UNIT_MEASURE,Value
2016,Normal value,Not Available,No 21/2016 of 20/05/2016 Law relating to human reproductive health,Units,MIGEPROF and GMO,Annual,National,Law relating to human reproductive health in Rwanda,Rwanda,Boolean or binary measure,1
2017,Normal value,Not Available,No 21/2016 of 20/05/2016 Law relating to human reproductive health,Units,MIGEPROF and GMO,Annual,National,Law relating to human reproductive health in Rwanda,Rwanda,Boolean or binary measure,1
2018,Normal value,Not Available,No 21/2016 of 20/05/2016 Law relating to human reproductive health,Units,MIGEPROF and GMO,Annual,National,Law relating to human reproductive health in Rwanda,Rwanda,Boolean or binary measure,1
2019,Normal value,Not Available,No 21/2016 of 20/05/2016 Law relating to human reproductive health,Units,MIGEPROF and GMO,Annual,National,Law relating to human reproductive health in Rwanda,Rwanda,Boolean or binary measure,1
