Year,Observation status,Nature of data points,Observation-level footnotes,Unit multiplier,Source details,Frequency of observation,Reporting type,SERIES,Reference area,UNIT_MEASURE,Value
2013,Normal value,Not Available,"Law N0 43/2013 of 16/06/2013 Governing Land in Rwanda, Guarantees women equal rights with men on land access, ownership and utilization (1=Yes, 0=No)",Units,MINIJUST,Annual,National,"Law N0 43/2013 of 16/06/2013 Governing Land in Rwanda, Guarantees women equal rights with men on land access, ownership and utilization (1=Yes, 0=No)",Rwanda,Boolean or binary measure,1
2014,Normal value,Not Available,"Law N0 43/2013 of 16/06/2013 Governing Land in Rwanda, Guarantees women equal rights with men on land access, ownership and utilization (1=Yes, 0=No)",Units,MINIJUST,Annual,National,"Law N0 43/2013 of 16/06/2013 Governing Land in Rwanda, Guarantees women equal rights with men on land access, ownership and utilization (1=Yes, 0=No)",Rwanda,Boolean or binary measure,1
2015,Normal value,Not Available,"Law N0 43/2013 of 16/06/2013 Governing Land in Rwanda, Guarantees women equal rights with men on land access, ownership and utilization (1=Yes, 0=No)",Units,MINIJUST,Annual,National,"Law N0 43/2013 of 16/06/2013 Governing Land in Rwanda, Guarantees women equal rights with men on land access, ownership and utilization (1=Yes, 0=No)",Rwanda,Boolean or binary measure,1
2016,Normal value,Not Available,"Law N0 43/2013 of 16/06/2013 Governing Land in Rwanda, Guarantees women equal rights with men on land access, ownership and utilization (1=Yes, 0=No)",Units,MINIJUST,Annual,National,"Law N0 43/2013 of 16/06/2013 Governing Land in Rwanda, Guarantees women equal rights with men on land access, ownership and utilization (1=Yes, 0=No)",Rwanda,Boolean or binary measure,1
2017,Normal value,Not Available,"Law N0 43/2013 of 16/06/2013 Governing Land in Rwanda, Guarantees women equal rights with men on land access, ownership and utilization (1=Yes, 0=No)",Units,MINIJUST,Annual,National,"Law N0 43/2013 of 16/06/2013 Governing Land in Rwanda, Guarantees women equal rights with men on land access, ownership and utilization (1=Yes, 0=No)",Rwanda,Boolean or binary measure,1
2018,Normal value,Not Available,"Law N0 43/2013 of 16/06/2013 Governing Land in Rwanda, Guarantees women equal rights with men on land access, ownership and utilization (1=Yes, 0=No)",Units,MINIJUST,Annual,National,"Law N0 43/2013 of 16/06/2013 Governing Land in Rwanda, Guarantees women equal rights with men on land access, ownership and utilization (1=Yes, 0=No)",Rwanda,Boolean or binary measure,1
2019,Normal value,Not Available,"Law N0 43/2013 of 16/06/2013 Governing Land in Rwanda, Guarantees women equal rights with men on land access, ownership and utilization (1=Yes, 0=No)",Units,MINIJUST,Annual,National,"Law N0 43/2013 of 16/06/2013 Governing Land in Rwanda, Guarantees women equal rights with men on land access, ownership and utilization (1=Yes, 0=No)",Rwanda,Boolean or binary measure,1
