Year,Observation status,Nature of data points,Observation-level footnotes,Unit multiplier,Source details,Frequency of observation,Reporting type,SERIES,Reference area,UNIT_MEASURE,Value
2020,Normal value,Not Available,Proportion (%) of population with basic handwashing facilities on premises,Units,"EICV, NISR",Annual,National,Proportion of population with basic handwashing facilities on premises [6.2.1],Rwanda,Percent,77.8
2020,Normal value,Not Available,Proportion (%) of population using limited sanitation services,Units,"EICV, NISR",Annual,National,Proportion (%) of population using limited sanitation services,Rwanda,Percent,13.7
2020,Normal value,Not Available,Proportion (%) of population using unimproved sanitation services,Units,"EICV, NISR",Annual,National,Proportion (%) of population using unimproved sanitation services,Rwanda,Percent,7.3
2020,Normal value,Not Available,Proportion (%) of population practicing open defecation,Units,"EICV, NISR",Annual,National,Proportion of population practicing open defecation [6.2.1],Rwanda,Percent,1.2
