Year,REPORTING_TYPE,SERIES,REF_AREA,SEX,AGE,URBANISATION,EDUCATION_LEV,OCCUPATION,DISABILITY_STATUS,COMPOSITE_BREAKDOWN,INCOME_WEALTH_QUANTILE,UNIT_MEASURE,UNIT_MULT,TIME_DETAIL,Value
2015,N,D11,MZ,_T,_T,_T,_T,_T,_T,SES,_T,PT,0,2015,53.1
2016,N,D11,MZ,_T,_T,_T,_T,_T,_T,SES,_T,PT,0,2016,60.0
2017,N,D11,MZ,_T,_T,_T,_T,_T,_T,SES,_T,PT,0,2017,62.5
2018,N,D11,MZ,_T,_T,_T,_T,_T,_T,SES,_T,PT,0,2018,62.1
2017,N,D11,MZ,_T,_T,_T,_T,_T,_T,PPS,_T,PT,0,2017,1.6
2018,N,D11,MZ,_T,_T,_T,_T,_T,_T,PPS,_T,PT,0,2018,2.1
