Year,REPORTING_TYPE,SERIES,REF_AREA,SEX,AGE,URBANISATION,EDUCATION_LEV,OCCUPATION,DISABILITY_STATUS,COMPOSITE_BREAKDOWN,INCOME_WEALTH_QUANTILE,UNIT_MEASURE,UNIT_MULT,TIME_DETAIL,Value
2011,G,SL_EMP_GTOTL,508,_T,_T,_T,_T,_T,_T,_T,_T,PT,0,2011,24.741
2013,G,SL_EMP_GTOTL,508,_T,_T,_T,_T,_T,_T,_T,_T,PT,0,2013,24.879
2015,G,SL_EMP_GTOTL,508,_T,_T,_T,_T,_T,_T,_T,_T,PT,0,2015,25.996
2016,G,SL_EMP_GTOTL,508,_T,_T,_T,_T,_T,_T,_T,_T,PT,0,2016,25.808
2017,G,SL_EMP_GTOTL,508,_T,_T,_T,_T,_T,_T,_T,_T,PT,0,2017,24.12
