Year,indicador-disponível,sériedescrição,província,sexo,idade,área-de-residência,nível-de-educação,ocupação,deficiência,composição-composta,quintil,unit,TIME_DETAIL,Value
2015,G,SE_GPI_PART,508,_T,_T,_T,AGG_1_2,_T,_T,_T,_T,Percent,2015,0.91
2016,G,SE_GPI_PART,508,_T,_T,_T,AGG_1_2,_T,_T,_T,_T,Percent,2016,0.92
2015,G,SE_GPI_PART,508,_T,_T,_T,AGG_2_3,_T,_T,_T,_T,Percent,2015,0.9
2016,G,SE_GPI_PART,508,_T,_T,_T,AGG_2_3,_T,_T,_T,_T,Percent,2016,0.95
2015,G,SE_GPI_PART,MZ-A,_T,_T,_T,AGG_1_2,_T,_T,_T,_T,Percent,2015,0.93
2016,G,SE_GPI_PART,MZ-A,_T,_T,_T,AGG_1_2,_T,_T,_T,_T,Percent,2016,0.93
2015,G,SE_GPI_PART,MZ-A,_T,_T,_T,AGG_2_3,_T,_T,_T,_T,Percent,2015,0.76
2016,G,SE_GPI_PART,MZ-A,_T,_T,_T,AGG_2_3,_T,_T,_T,_T,Percent,2016,0.79
2015,G,SE_GPI_PART,MZ-P,_T,_T,_T,AGG_1_2,_T,_T,_T,_T,Percent,2015,0.9
2016,G,SE_GPI_PART,MZ-P,_T,_T,_T,AGG_1_2,_T,_T,_T,_T,Percent,2016,0.92
2015,G,SE_GPI_PART,MZ-P,_T,_T,_T,AGG_2_3,_T,_T,_T,_T,Percent,2015,0.65
2016,G,SE_GPI_PART,MZ-P,_T,_T,_T,AGG_2_3,_T,_T,_T,_T,Percent,2016,0.81
2015,G,SE_GPI_PART,MZ-N,_T,_T,_T,AGG_1_2,_T,_T,_T,_T,Percent,2015,0.91
2016,G,SE_GPI_PART,MZ-N,_T,_T,_T,AGG_1_2,_T,_T,_T,_T,Percent,2016,0.92
2015,G,SE_GPI_PART,MZ-N,_T,_T,_T,AGG_2_3,_T,_T,_T,_T,Percent,2015,0.72
2016,G,SE_GPI_PART,MZ-N,_T,_T,_T,AGG_2_3,_T,_T,_T,_T,Percent,2016,0.77
2015,G,SE_GPI_PART,MZ-Q,_T,_T,_T,AGG_1_2,_T,_T,_T,_T,Percent,2015,0.86
2016,G,SE_GPI_PART,MZ-Q,_T,_T,_T,AGG_1_2,_T,_T,_T,_T,Percent,2016,0.87
2015,G,SE_GPI_PART,MZ-Q,_T,_T,_T,AGG_2_3,_T,_T,_T,_T,Percent,2015,0.73
2016,G,SE_GPI_PART,MZ-Q,_T,_T,_T,AGG_2_3,_T,_T,_T,_T,Percent,2016,0.73
2015,G,SE_GPI_PART,MZ-T,_T,_T,_T,AGG_1_2,_T,_T,_T,_T,Percent,2015,0.94
2016,G,SE_GPI_PART,MZ-T,_T,_T,_T,AGG_1_2,_T,_T,_T,_T,Percent,2016,0.95
2015,G,SE_GPI_PART,MZ-T,_T,_T,_T,AGG_2_3,_T,_T,_T,_T,Percent,2015,1.29
2016,G,SE_GPI_PART,MZ-T,_T,_T,_T,AGG_2_3,_T,_T,_T,_T,Percent,2016,0.81
2015,G,SE_GPI_PART,MZ-B,_T,_T,_T,AGG_1_2,_T,_T,_T,_T,Percent,2015,0.9
2016,G,SE_GPI_PART,MZ-B,_T,_T,_T,AGG_1_2,_T,_T,_T,_T,Percent,2016,0.91
2015,G,SE_GPI_PART,MZ-B,_T,_T,_T,AGG_2_3,_T,_T,_T,_T,Percent,2015,0.73
2016,G,SE_GPI_PART,MZ-B,_T,_T,_T,AGG_2_3,_T,_T,_T,_T,Percent,2016,0.76
2015,G,SE_GPI_PART,MZ-S,_T,_T,_T,AGG_1_2,_T,_T,_T,_T,Percent,2015,0.86
2016,G,SE_GPI_PART,MZ-S,_T,_T,_T,AGG_1_2,_T,_T,_T,_T,Percent,2016,0.87
2015,G,SE_GPI_PART,MZ-S,_T,_T,_T,AGG_2_3,_T,_T,_T,_T,Percent,2015,0.47
2016,G,SE_GPI_PART,MZ-S,_T,_T,_T,AGG_2_3,_T,_T,_T,_T,Percent,2016,0.81
2015,G,SE_GPI_PART,MZ-I,_T,_T,_T,AGG_1_2,_T,_T,_T,_T,Percent,2015,0.99
2016,G,SE_GPI_PART,MZ-I,_T,_T,_T,AGG_1_2,_T,_T,_T,_T,Percent,2016,0.99
2015,G,SE_GPI_PART,MZ-I,_T,_T,_T,AGG_2_3,_T,_T,_T,_T,Percent,2015,1.19
2016,G,SE_GPI_PART,MZ-I,_T,_T,_T,AGG_2_3,_T,_T,_T,_T,Percent,2016,1.2
2015,G,SE_GPI_PART,MZ-G,_T,_T,_T,AGG_1_2,_T,_T,_T,_T,Percent,2015,1.0
2016,G,SE_GPI_PART,MZ-G,_T,_T,_T,AGG_1_2,_T,_T,_T,_T,Percent,2016,1.0
2015,G,SE_GPI_PART,MZ-G,_T,_T,_T,AGG_2_3,_T,_T,_T,_T,Percent,2015,1.34
2016,G,SE_GPI_PART,MZ-G,_T,_T,_T,AGG_2_3,_T,_T,_T,_T,Percent,2016,1.34
2015,G,SE_GPI_PART,MZ-L,_T,_T,_T,AGG_1_2,_T,_T,_T,_T,Percent,2015,0.99
2016,G,SE_GPI_PART,MZ-L,_T,_T,_T,AGG_1_2,_T,_T,_T,_T,Percent,2016,1.0
2015,G,SE_GPI_PART,MZ-L,_T,_T,_T,AGG_2_3,_T,_T,_T,_T,Percent,2015,1.25
2016,G,SE_GPI_PART,MZ-L,_T,_T,_T,AGG_2_3,_T,_T,_T,_T,Percent,2016,1.23
2015,G,SE_GPI_PART,MZ6,_T,_T,_T,AGG_1_2,_T,_T,_T,_T,Percent,2015,0.99
2016,G,SE_GPI_PART,MZ6,_T,_T,_T,AGG_1_2,_T,_T,_T,_T,Percent,2016,0.99
2015,G,SE_GPI_PART,MZ6,_T,_T,_T,AGG_2_3,_T,_T,_T,_T,Percent,2015,1.23
2016,G,SE_GPI_PART,MZ6,_T,_T,_T,AGG_2_3,_T,_T,_T,_T,Percent,2016,1.24
