Year,indicador-disponível,sériedescrição,província,sexo,idade,área-de-residência,nível-de-educação,ocupação,deficiência,composição-composta,quintil,unit,TIME_DETAIL,Value
2011,G,NV_IND_MANF,508,_T,_T,_T,_T,_T,_T,_T,_T,Percent,2011,9.808
2013,G,NV_IND_MANF,508,_T,_T,_T,_T,_T,_T,_T,_T,Percent,2013,8.187
2015,G,NV_IND_MANF,508,_T,_T,_T,_T,_T,_T,_T,_T,Percent,2015,8.1922
2016,G,NV_IND_MANF,508,_T,_T,_T,_T,_T,_T,_T,_T,Percent,2016,8.479
2017,G,NV_IND_MANF,508,_T,_T,_T,_T,_T,_T,_T,_T,Percent,2017,8.201
