Year,OBS_STATUS,UNIT_MULT,NATURE,SOURCE_DETAIL,FREQ,REPORTING_TYPE,SERIES,REF_AREA,UNIT_MEASURE,Value
2017,ຄ່າທໍານຽມປົກກະຕິ,ຫົວຫນ່ວຍ,ຍັງບໍ່ທັນມີ,Ministry of Agriculture and Forestry ;  http://www.maf.gov.la,ປະຈໍາປີ,ແຫ່ງຊາດ,ອັດຕາສ່ວນຂອງປະຊາກອນທີ່ອາໄສຢູ່ໃນຄົວເຮືອນທີ່ມີການເຂົ້າເຖິງໂຮງຮຽນມັດທະຍົມ [1.4.1],Lao People's Democratic Republic,ເປີເຊັນ,83.1
2017,ຄ່າທໍານຽມປົກກະຕິ,ຫົວຫນ່ວຍ,ຍັງບໍ່ທັນມີ,Ministry of Agriculture and Forestry ;  http://www.maf.gov.la,ປະຈໍາປີ,ແຫ່ງຊາດ,ອັດຕາສ່ວນຂອງປະຊາກອນທີ່ອາໄສຢູ່ໃນຄົວເຮືອນທີ່ມີການເຂົ້າເຖິງການບໍລິການສຸຂະພາບ [1.4.1],Lao People's Democratic Republic,ເປີເຊັນ,74.3
2017,ຄ່າທໍານຽມປົກກະຕິ,ຫົວຫນ່ວຍ,ຍັງບໍ່ທັນມີ,Ministry of Agriculture and Forestry ;  http://www.maf.gov.la,ປະຈໍາປີ,ແຫ່ງຊາດ,ອັດຕາສ່ວນຂອງປະຊາກອນທີ່ອາໄສຢູ່ໃນຄົວເຮືອນທີ່ມີການເຂົ້າເຖິງນ້ໍາທີ່ດີຂຶ້ນ [1.4.1],Lao People's Democratic Republic,ເປີເຊັນ,78.1
2017,ຄ່າທໍານຽມປົກກະຕິ,ຫົວຫນ່ວຍ,ຍັງບໍ່ທັນມີ,Ministry of Agriculture and Forestry ;  http://www.maf.gov.la,ປະຈໍາປີ,ແຫ່ງຊາດ,ອັດຕາສ່ວນຂອງປະຊາກອນທີ່ອາໄສຢູ່ໃນຄົວເຮືອນທີ່ມີການເຂົ້າເຖິງeletricity [1.4.1],Lao People's Democratic Republic,ເປີເຊັນ,93.4
2017,ຄ່າທໍານຽມປົກກະຕິ,ຫົວຫນ່ວຍ,ຍັງບໍ່ທັນມີ,Ministry of Agriculture and Forestry ;  http://www.maf.gov.la,ປະຈໍາປີ,ແຫ່ງຊາດ,ອັດຕາສ່ວນຂອງປະຊາກອນທີ່ອາໄສຢູ່ໃນຄົວເຮືອນທີ່ມີການເຂົ້າເຖິງເສັ້ນທາງຕະຫຼອດລະດູການ [1.4.1],Lao People's Democratic Republic,ເປີເຊັນ,83.4
