Year,OBS_STATUS,UNIT_MULT,NATURE,SOURCE_DETAIL,FREQ,REPORTING_TYPE,SERIES,REF_AREA,SEX,URBANISATION,INCOME_WEALTH_QUANTILE,UNIT_MEASURE,Value
2015,ຄ່າທໍານຽມປົກກະຕິ,ຫົວຫນ່ວຍ,ຍັງບໍ່ທັນມີ,"Lao Statistics Bureau, Survey-(LSIS), https://www.lsb.gov.la/",ປະຈໍາປີ,ແຫ່ງຊາດ,ອັດຕາສ່ວນຂອງເດັກທີ່ພໍດີພໍສົມຄວນ ຫຼື ຮຸນແຮງ [2.2.1],Lao People's Democratic Republic,,,,ເປີເຊັນ,35.5
2018,ຄ່າທໍານຽມປົກກະຕິ,ຫົວຫນ່ວຍ,ຍັງບໍ່ທັນມີ,"Lao Statistics Bureau, Survey-(LSIS), https://www.lsb.gov.la/",ປະຈໍາປີ,ແຫ່ງຊາດ,ອັດຕາສ່ວນຂອງເດັກທີ່ພໍດີພໍສົມຄວນ ຫຼື ຮຸນແຮງ [2.2.1],Lao People's Democratic Republic,,,,ເປີເຊັນ,33.0
2018,ຄ່າທໍານຽມປົກກະຕິ,ຫົວຫນ່ວຍ,ຍັງບໍ່ທັນມີ,"Lao Statistics Bureau, Survey-(LSIS), https://www.lsb.gov.la/",ປະຈໍາປີ,ແຫ່ງຊາດ,ອັດຕາສ່ວນຂອງເດັກທີ່ພໍດີພໍສົມຄວນ ຫຼື ຮຸນແຮງ [2.2.1],Lao People's Democratic Republic,,ຕົວເມືອງ,,ເປີເຊັນ,21.5
2018,ຄ່າທໍານຽມປົກກະຕິ,ຫົວຫນ່ວຍ,ຍັງບໍ່ທັນມີ,"Lao Statistics Bureau, Survey-(LSIS), https://www.lsb.gov.la/",ປະຈໍາປີ,ແຫ່ງຊາດ,ອັດຕາສ່ວນຂອງເດັກທີ່ພໍດີພໍສົມຄວນ ຫຼື ຮຸນແຮງ [2.2.1],Lao People's Democratic Republic,,ຊົນນະບົດ,,ເປີເຊັນ,37.2
2018,ຄ່າທໍານຽມປົກກະຕິ,ຫົວຫນ່ວຍ,ຍັງບໍ່ທັນມີ,"Lao Statistics Bureau, Survey-(LSIS), https://www.lsb.gov.la/",ປະຈໍາປີ,ແຫ່ງຊາດ,ອັດຕາສ່ວນຂອງເດັກທີ່ພໍດີພໍສົມຄວນ ຫຼື ຮຸນແຮງ [2.2.1],Lao People's Democratic Republic,ຜູ້ຊາຍ,,,ເປີເຊັນ,34.0
2018,ຄ່າທໍານຽມປົກກະຕິ,ຫົວຫນ່ວຍ,ຍັງບໍ່ທັນມີ,"Lao Statistics Bureau, Survey-(LSIS), https://www.lsb.gov.la/",ປະຈໍາປີ,ແຫ່ງຊາດ,ອັດຕາສ່ວນຂອງເດັກທີ່ພໍດີພໍສົມຄວນ ຫຼື ຮຸນແຮງ [2.2.1],Lao People's Democratic Republic,ຜູ້ຍິງ,,,ເປີເຊັນ,32.0
2018,ຄ່າທໍານຽມປົກກະຕິ,ຫົວຫນ່ວຍ,ຍັງບໍ່ທັນມີ,"Lao Statistics Bureau, Survey-(LSIS), https://www.lsb.gov.la/",ປະຈໍາປີ,ແຫ່ງຊາດ,ອັດຕາສ່ວນຂອງເດັກທີ່ພໍດີພໍສົມຄວນ ຫຼື ຮຸນແຮງ [2.2.1],Lao People's Democratic Republic,,,Quintile 1 (ທຸກຍາກທີ່ສຸດ),ເປີເຊັນ,48.0
2018,ຄ່າທໍານຽມປົກກະຕິ,ຫົວຫນ່ວຍ,ຍັງບໍ່ທັນມີ,"Lao Statistics Bureau, Survey-(LSIS), https://www.lsb.gov.la/",ປະຈໍາປີ,ແຫ່ງຊາດ,ອັດຕາສ່ວນຂອງເດັກທີ່ພໍດີພໍສົມຄວນ ຫຼື ຮຸນແຮງ [2.2.1],Lao People's Democratic Republic,,,Quintile 2,ເປີເຊັນ,40.5
2018,ຄ່າທໍານຽມປົກກະຕິ,ຫົວຫນ່ວຍ,ຍັງບໍ່ທັນມີ,"Lao Statistics Bureau, Survey-(LSIS), https://www.lsb.gov.la/",ປະຈໍາປີ,ແຫ່ງຊາດ,ອັດຕາສ່ວນຂອງເດັກທີ່ພໍດີພໍສົມຄວນ ຫຼື ຮຸນແຮງ [2.2.1],Lao People's Democratic Republic,,,Quintile 3,ເປີເຊັນ,30.0
2018,ຄ່າທໍານຽມປົກກະຕິ,ຫົວຫນ່ວຍ,ຍັງບໍ່ທັນມີ,"Lao Statistics Bureau, Survey-(LSIS), https://www.lsb.gov.la/",ປະຈໍາປີ,ແຫ່ງຊາດ,ອັດຕາສ່ວນຂອງເດັກທີ່ພໍດີພໍສົມຄວນ ຫຼື ຮຸນແຮງ [2.2.1],Lao People's Democratic Republic,,,Quintile 4,ເປີເຊັນ,22.8
2018,ຄ່າທໍານຽມປົກກະຕິ,ຫົວຫນ່ວຍ,ຍັງບໍ່ທັນມີ,"Lao Statistics Bureau, Survey-(LSIS), https://www.lsb.gov.la/",ປະຈໍາປີ,ແຫ່ງຊາດ,ອັດຕາສ່ວນຂອງເດັກທີ່ພໍດີພໍສົມຄວນ ຫຼື ຮຸນແຮງ [2.2.1],Lao People's Democratic Republic,,,Quintile 5 (ຮັ່ງມີທີ່ສຸດ),ເປີເຊັນ,13.9
2012,ຄ່າທໍານຽມປົກກະຕິ,ຫົວຫນ່ວຍ,ຍັງບໍ່ທັນມີ,"Lao Statistics Bureau, Survey-(LSIS), https://www.lsb.gov.la/",ປະຈໍາປີ,ແຫ່ງຊາດ,ຕື່ນຕົກໃຈໃນທ່າມກາງອາຍຸຕໍ່າກວ່າ 2 ປີ (ສໍາລັບຄໍາຫມັ້ນສັນຍາຂອງ Lao PDR ຕໍ່ໂຄງການ SUN 1000 ມື້) [2.2.1],Lao People's Democratic Republic,,,,ເປີເຊັນ,42.0
2018,ຄ່າທໍານຽມປົກກະຕິ,ຫົວຫນ່ວຍ,ຍັງບໍ່ທັນມີ,"Lao Statistics Bureau, Survey-(LSIS), https://www.lsb.gov.la/",ປະຈໍາປີ,ແຫ່ງຊາດ,ຕື່ນຕົກໃຈໃນທ່າມກາງອາຍຸຕໍ່າກວ່າ 2 ປີ (ສໍາລັບຄໍາຫມັ້ນສັນຍາຂອງ Lao PDR ຕໍ່ໂຄງການ SUN 1000 ມື້) [2.2.1],Lao People's Democratic Republic,,,,ເປີເຊັນ,25.4
2018,ຄ່າທໍານຽມປົກກະຕິ,ຫົວຫນ່ວຍ,ຍັງບໍ່ທັນມີ,"Lao Statistics Bureau, Survey-(LSIS), https://www.lsb.gov.la/",ປະຈໍາປີ,ແຫ່ງຊາດ,ຕື່ນຕົກໃຈໃນທ່າມກາງອາຍຸຕໍ່າກວ່າ 2 ປີ (ສໍາລັບຄໍາຫມັ້ນສັນຍາຂອງ Lao PDR ຕໍ່ໂຄງການ SUN 1000 ມື້) [2.2.1],Lao People's Democratic Republic,,ຕົວເມືອງ,,ເປີເຊັນ,16.8
2018,ຄ່າທໍານຽມປົກກະຕິ,ຫົວຫນ່ວຍ,ຍັງບໍ່ທັນມີ,"Lao Statistics Bureau, Survey-(LSIS), https://www.lsb.gov.la/",ປະຈໍາປີ,ແຫ່ງຊາດ,ຕື່ນຕົກໃຈໃນທ່າມກາງອາຍຸຕໍ່າກວ່າ 2 ປີ (ສໍາລັບຄໍາຫມັ້ນສັນຍາຂອງ Lao PDR ຕໍ່ໂຄງການ SUN 1000 ມື້) [2.2.1],Lao People's Democratic Republic,,ຊົນນະບົດ,,ເປີເຊັນ,28.6
2018,ຄ່າທໍານຽມປົກກະຕິ,ຫົວຫນ່ວຍ,ຍັງບໍ່ທັນມີ,"Lao Statistics Bureau, Survey-(LSIS), https://www.lsb.gov.la/",ປະຈໍາປີ,ແຫ່ງຊາດ,ຕື່ນຕົກໃຈໃນທ່າມກາງອາຍຸຕໍ່າກວ່າ 2 ປີ (ສໍາລັບຄໍາຫມັ້ນສັນຍາຂອງ Lao PDR ຕໍ່ໂຄງການ SUN 1000 ມື້) [2.2.1],Lao People's Democratic Republic,ຜູ້ຊາຍ,,,ເປີເຊັນ,27.7
2018,ຄ່າທໍານຽມປົກກະຕິ,ຫົວຫນ່ວຍ,ຍັງບໍ່ທັນມີ,"Lao Statistics Bureau, Survey-(LSIS), https://www.lsb.gov.la/",ປະຈໍາປີ,ແຫ່ງຊາດ,ຕື່ນຕົກໃຈໃນທ່າມກາງອາຍຸຕໍ່າກວ່າ 2 ປີ (ສໍາລັບຄໍາຫມັ້ນສັນຍາຂອງ Lao PDR ຕໍ່ໂຄງການ SUN 1000 ມື້) [2.2.1],Lao People's Democratic Republic,ຜູ້ຍິງ,,,ເປີເຊັນ,22.8
2018,ຄ່າທໍານຽມປົກກະຕິ,ຫົວຫນ່ວຍ,ຍັງບໍ່ທັນມີ,"Lao Statistics Bureau, Survey-(LSIS), https://www.lsb.gov.la/",ປະຈໍາປີ,ແຫ່ງຊາດ,ຕື່ນຕົກໃຈໃນທ່າມກາງອາຍຸຕໍ່າກວ່າ 2 ປີ (ສໍາລັບຄໍາຫມັ້ນສັນຍາຂອງ Lao PDR ຕໍ່ໂຄງການ SUN 1000 ມື້) [2.2.1],Lao People's Democratic Republic,,,Quintile 1 (ທຸກຍາກທີ່ສຸດ),ເປີເຊັນ,36.2
2018,ຄ່າທໍານຽມປົກກະຕິ,ຫົວຫນ່ວຍ,ຍັງບໍ່ທັນມີ,"Lao Statistics Bureau, Survey-(LSIS), https://www.lsb.gov.la/",ປະຈໍາປີ,ແຫ່ງຊາດ,ຕື່ນຕົກໃຈໃນທ່າມກາງອາຍຸຕໍ່າກວ່າ 2 ປີ (ສໍາລັບຄໍາຫມັ້ນສັນຍາຂອງ Lao PDR ຕໍ່ໂຄງການ SUN 1000 ມື້) [2.2.1],Lao People's Democratic Republic,,,Quintile 2,ເປີເຊັນ,31.9
2018,ຄ່າທໍານຽມປົກກະຕິ,ຫົວຫນ່ວຍ,ຍັງບໍ່ທັນມີ,"Lao Statistics Bureau, Survey-(LSIS), https://www.lsb.gov.la/",ປະຈໍາປີ,ແຫ່ງຊາດ,ຕື່ນຕົກໃຈໃນທ່າມກາງອາຍຸຕໍ່າກວ່າ 2 ປີ (ສໍາລັບຄໍາຫມັ້ນສັນຍາຂອງ Lao PDR ຕໍ່ໂຄງການ SUN 1000 ມື້) [2.2.1],Lao People's Democratic Republic,,,Quintile 3,ເປີເຊັນ,22.2
2018,ຄ່າທໍານຽມປົກກະຕິ,ຫົວຫນ່ວຍ,ຍັງບໍ່ທັນມີ,"Lao Statistics Bureau, Survey-(LSIS), https://www.lsb.gov.la/",ປະຈໍາປີ,ແຫ່ງຊາດ,ຕື່ນຕົກໃຈໃນທ່າມກາງອາຍຸຕໍ່າກວ່າ 2 ປີ (ສໍາລັບຄໍາຫມັ້ນສັນຍາຂອງ Lao PDR ຕໍ່ໂຄງການ SUN 1000 ມື້) [2.2.1],Lao People's Democratic Republic,,,Quintile 4,ເປີເຊັນ,18.0
2018,ຄ່າທໍານຽມປົກກະຕິ,ຫົວຫນ່ວຍ,ຍັງບໍ່ທັນມີ,"Lao Statistics Bureau, Survey-(LSIS), https://www.lsb.gov.la/",ປະຈໍາປີ,ແຫ່ງຊາດ,ຕື່ນຕົກໃຈໃນທ່າມກາງອາຍຸຕໍ່າກວ່າ 2 ປີ (ສໍາລັບຄໍາຫມັ້ນສັນຍາຂອງ Lao PDR ຕໍ່ໂຄງການ SUN 1000 ມື້) [2.2.1],Lao People's Democratic Republic,,,Quintile 5 (ຮັ່ງມີທີ່ສຸດ),ເປີເຊັນ,12.3
