Year,OBS_STATUS,UNIT_MULT,NATURE,SOURCE_DETAIL,FREQ,REPORTING_TYPE,SERIES,REF_AREA,UNIT_MEASURE,Value
2015,ຄ່າທໍານຽມປົກກະຕິ,ຫົວຫນ່ວຍ,ຍັງບໍ່ທັນມີ,"Ministry of Agriculture and Forestry, http://www.maf.gov.la",ປະຈໍາປີ,ແຫ່ງຊາດ,ສ່ວນແບ່ງດ້ານກະສິກໍາລາຍຈ່າຍຂອງລັດຖະບານ [2.a.1],Lao People's Democratic Republic,ເປີເຊັນ,158.56
2016,ຄ່າທໍານຽມປົກກະຕິ,ຫົວຫນ່ວຍ,ຍັງບໍ່ທັນມີ,"Ministry of Agriculture and Forestry, http://www.maf.gov.la",ປະຈໍາປີ,ແຫ່ງຊາດ,ສ່ວນແບ່ງດ້ານກະສິກໍາລາຍຈ່າຍຂອງລັດຖະບານ [2.a.1],Lao People's Democratic Republic,ເປີເຊັນ,188.77
2017,ຄ່າທໍານຽມປົກກະຕິ,ຫົວຫນ່ວຍ,ຍັງບໍ່ທັນມີ,"Ministry of Agriculture and Forestry, http://www.maf.gov.la",ປະຈໍາປີ,ແຫ່ງຊາດ,ສ່ວນແບ່ງດ້ານກະສິກໍາລາຍຈ່າຍຂອງລັດຖະບານ [2.a.1],Lao People's Democratic Republic,ເປີເຊັນ,271.19
2018,ຄ່າທໍານຽມປົກກະຕິ,ຫົວຫນ່ວຍ,ຍັງບໍ່ທັນມີ,"Ministry of Agriculture and Forestry, http://www.maf.gov.la",ປະຈໍາປີ,ແຫ່ງຊາດ,ສ່ວນແບ່ງດ້ານກະສິກໍາລາຍຈ່າຍຂອງລັດຖະບານ [2.a.1],Lao People's Democratic Republic,ເປີເຊັນ,244.43
2019,ຄ່າທໍານຽມປົກກະຕິ,ຫົວຫນ່ວຍ,ຍັງບໍ່ທັນມີ,"Ministry of Agriculture and Forestry, http://www.maf.gov.la",ປະຈໍາປີ,ແຫ່ງຊາດ,ສ່ວນແບ່ງດ້ານກະສິກໍາລາຍຈ່າຍຂອງລັດຖະບານ [2.a.1],Lao People's Democratic Republic,ເປີເຊັນ,178.56
