Year,OBS_STATUS,UNIT_MULT,NATURE,SOURCE_DETAIL,FREQ,REPORTING_TYPE,SERIES,REF_AREA,UNIT_MEASURE,Value
2015,ຄ່າທໍານຽມປົກກະຕິ,ຫົວຫນ່ວຍ,ຍັງບໍ່ທັນມີ,"Ministry of Industry and Commerce, http://www.erm.gov.la/index.php",ປະຈໍາປີ,ແຫ່ງຊາດ,ຕົວຊີ້ວັດຂອງລາຄາອາຫານ Anomalies (IFPA) [2.c.1],Lao People's Democratic Republic,ເລກທີ,39
2017,ຄ່າທໍານຽມປົກກະຕິ,ຫົວຫນ່ວຍ,ຍັງບໍ່ທັນມີ,"Ministry of Industry and Commerce, http://www.erm.gov.la/index.php",ປະຈໍາປີ,ແຫ່ງຊາດ,ຕົວຊີ້ວັດຂອງລາຄາອາຫານ Anomalies (IFPA) [2.c.1],Lao People's Democratic Republic,ເລກທີ,39
2018,ຄ່າທໍານຽມປົກກະຕິ,ຫົວຫນ່ວຍ,ຍັງບໍ່ທັນມີ,"Ministry of Industry and Commerce, http://www.erm.gov.la/index.php",ປະຈໍາປີ,ແຫ່ງຊາດ,ຕົວຊີ້ວັດຂອງລາຄາອາຫານ Anomalies (IFPA) [2.c.1],Lao People's Democratic Republic,ເລກທີ,39
2019,ຄ່າທໍານຽມປົກກະຕິ,ຫົວຫນ່ວຍ,ຍັງບໍ່ທັນມີ,"Ministry of Industry and Commerce, http://www.erm.gov.la/index.php",ປະຈໍາປີ,ແຫ່ງຊາດ,ຕົວຊີ້ວັດຂອງລາຄາອາຫານ Anomalies (IFPA) [2.c.1],Lao People's Democratic Republic,ເລກທີ,39
