Year,Observation status,Unit multiplier,Nature of data points,Source details,Frequency of observation,Reporting type,SERIES,Reference area,UNIT_MEASURE,Time period details,Value
2015,Normal value,Units,Country Data,MoE MEF (customs) MIH MoC MoH MoI MPWT,Annual,National,12.4.3 Effectiveness management of hazardous waste and biological and radioactive waste,Cambodia,Percent,2020,0
2016,Normal value,Units,Country Data,MoE MEF (customs) MIH MoC MoH MoI MPWT,Annual,National,12.4.3 Effectiveness management of hazardous waste and biological and radioactive waste,Cambodia,Percent,2020,0
2017,Normal value,Units,Country Data,MoE MEF (customs) MIH MoC MoH MoI MPWT,Annual,National,12.4.3 Effectiveness management of hazardous waste and biological and radioactive waste,Cambodia,Percent,2020,0
2018,Normal value,Units,Country Data,MoE MEF (customs) MIH MoC MoH MoI MPWT,Annual,National,12.4.3 Effectiveness management of hazardous waste and biological and radioactive waste,Cambodia,Percent,2020,3
2019,Normal value,Units,Country Data,MoE MEF (customs) MIH MoC MoH MoI MPWT,Annual,National,12.4.3 Effectiveness management of hazardous waste and biological and radioactive waste,Cambodia,Percent,2020,3
2020,Normal value,Units,Country Data,MoE MEF (customs) MIH MoC MoH MoI MPWT,Annual,National,12.4.3 Effectiveness management of hazardous waste and biological and radioactive waste,Cambodia,Percent,2020,5
