Year,Observation status,Unit multiplier,Nature of data points,Source details,Frequency of observation,Reporting type,SERIES,Reference area,UNIT_MEASURE,Time period details,Value
2015,Normal value,Units,Country Data,CRDB/CDC,Annual,National,17.3.1 Official development assistance as % of GDP,Cambodia,Percent,2020,7.4
2016,Normal value,Units,Country Data,CRDB/CDC,Annual,National,17.3.1 Official development assistance as % of GDP,Cambodia,Percent,2020,7.35
2017,Normal value,Units,Country Data,CRDB/CDC,Annual,National,17.3.1 Official development assistance as % of GDP,Cambodia,Percent,2020,6.87
2018,Normal value,Units,Country Data,CRDB/CDC,Annual,National,17.3.1 Official development assistance as % of GDP,Cambodia,Percent,2020,6.42
2019,Normal value,Units,Country Data,CRDB/CDC,Annual,National,17.3.1 Official development assistance as % of GDP,Cambodia,Percent,2020,6.0
2020,Normal value,Units,Country Data,CRDB/CDC,Annual,National,17.3.1 Official development assistance as % of GDP,Cambodia,Percent,2020,5.61
