Year,Observation status,Unit multiplier,Nature of data points,Source details,Frequency of observation,Reporting type,SERIES,Reference area,UNIT_MEASURE,Time period details,Value
2015,Normal value,Units,Country Data,CRDB/CDC,Annual,National,17.9.2 Amount of ODA to Economic and Development Policy/Planning (as % of GDP)​​​ committed to Cambodia,Cambodia,Percent,2020,0.03
2016,Normal value,Units,Country Data,CRDB/CDC,Annual,National,17.9.2 Amount of ODA to Economic and Development Policy/Planning (as % of GDP)​​​ committed to Cambodia,Cambodia,Percent,2020,0.03
2017,Normal value,Units,Country Data,CRDB/CDC,Annual,National,17.9.2 Amount of ODA to Economic and Development Policy/Planning (as % of GDP)​​​ committed to Cambodia,Cambodia,Percent,2020,0.02
2018,Normal value,Units,Country Data,CRDB/CDC,Annual,National,17.9.2 Amount of ODA to Economic and Development Policy/Planning (as % of GDP)​​​ committed to Cambodia,Cambodia,Percent,2020,0.02
2019,Normal value,Units,Country Data,CRDB/CDC,Annual,National,17.9.2 Amount of ODA to Economic and Development Policy/Planning (as % of GDP)​​​ committed to Cambodia,Cambodia,Percent,2020,0.02
2020,Normal value,Units,Country Data,CRDB/CDC,Annual,National,17.9.2 Amount of ODA to Economic and Development Policy/Planning (as % of GDP)​​​ committed to Cambodia,Cambodia,Percent,2020,0.02
