Year,Observation status,Unit multiplier,Nature of data points,Source details,Frequency of observation,Reporting type,SERIES,Reference area,UNIT_MEASURE,Time period details,Value
2016,Normal value,Units,Country Data,CRDB/CDC,Annual,National,"17.9.1 Total financial and technical assistance (including through North-South, South-South and triangular cooperation) committed to Cambodia",Cambodia,Percent,2020,1.31
2017,Normal value,Units,Country Data,CRDB/CDC,Annual,National,"17.9.1 Total financial and technical assistance (including through North-South, South-South and triangular cooperation) committed to Cambodia",Cambodia,Percent,2020,1.23
2018,Normal value,Units,Country Data,CRDB/CDC,Annual,National,"17.9.1 Total financial and technical assistance (including through North-South, South-South and triangular cooperation) committed to Cambodia",Cambodia,Percent,2020,1.15
2019,Normal value,Units,Country Data,CRDB/CDC,Annual,National,"17.9.1 Total financial and technical assistance (including through North-South, South-South and triangular cooperation) committed to Cambodia",Cambodia,Percent,2020,1.07
2020,Normal value,Units,Country Data,CRDB/CDC,Annual,National,"17.9.1 Total financial and technical assistance (including through North-South, South-South and triangular cooperation) committed to Cambodia",Cambodia,Percent,2020,1.0
