Year,Observation status,Unit multiplier,Nature of data points,Source details,Frequency of observation,Reporting type,SERIES,Reference area,UNIT_MEASURE,Time period details,Value
2015,Normal value,Units,Country Data,CMAA_Cambodia Mine Action Authority/DBU,Annual,National,18.3.2 The number of mine and ERW casualties received rehabilitation service,Cambodia,Number,2020,1500
2016,Normal value,Units,Country Data,CMAA_Cambodia Mine Action Authority/DBU,Annual,National,18.3.2 The number of mine and ERW casualties received rehabilitation service,Cambodia,Number,2020,2300
2017,Normal value,Units,Country Data,CMAA_Cambodia Mine Action Authority/DBU,Annual,National,18.3.2 The number of mine and ERW casualties received rehabilitation service,Cambodia,Number,2020,3577
2018,Normal value,Units,Country Data,CMAA_Cambodia Mine Action Authority/DBU,Annual,National,18.3.2 The number of mine and ERW casualties received rehabilitation service,Cambodia,Number,2020,3648
2019,Normal value,Units,Country Data,CMAA_Cambodia Mine Action Authority/DBU,Annual,National,18.3.2 The number of mine and ERW casualties received rehabilitation service,Cambodia,Number,2020,3731
2020,Normal value,Units,Country Data,CMAA_Cambodia Mine Action Authority/DBU,Annual,National,18.3.2 The number of mine and ERW casualties received rehabilitation service,Cambodia,Number,2020,3785
