Year,Observation status,Unit multiplier,Nature of data points,Source details,Frequency of observation,Reporting type,SERIES,Reference area,UNIT_MEASURE,Time period details,Value
2015,Normal value,Units,Country Data,MOH/MEF,Annual,National,3.9.2 Government Current expenditure on health as % of GDP),Cambodia,Percent,2020,1.24
2016,Normal value,Units,Country Data,MOH/MEF,Annual,National,3.9.2 Government Current expenditure on health as % of GDP),Cambodia,Percent,2020,1.5
2017,Normal value,Units,Country Data,MOH/MEF,Annual,National,3.9.2 Government Current expenditure on health as % of GDP),Cambodia,Percent,2020,1.75
2018,Normal value,Units,Country Data,MOH/MEF,Annual,National,3.9.2 Government Current expenditure on health as % of GDP),Cambodia,Percent,2020,2.0
2019,Normal value,Units,Country Data,MOH/MEF,Annual,National,3.9.2 Government Current expenditure on health as % of GDP),Cambodia,Percent,2020,2.0
2020,Normal value,Units,Country Data,MOH/MEF,Annual,National,3.9.2 Government Current expenditure on health as % of GDP),Cambodia,Percent,2020,2.0
