Year,Observation status,Unit multiplier,Nature of data points,Source details,Frequency of observation,Reporting type,SERIES,Reference area,UNIT_MEASURE,Time period details,Value
2015,Normal value,Units,Country Data,"MoEYS, MRD",Annual,National,4.a.2 Proportion of schools with access to single-sex basic sanitation facilities,Cambodia,Percent,2020,57.0
2016,Normal value,Units,Country Data,"MoEYS, MRD",Annual,National,4.a.2 Proportion of schools with access to single-sex basic sanitation facilities,Cambodia,Percent,2020,62.5
2017,Normal value,Units,Country Data,"MoEYS, MRD",Annual,National,4.a.2 Proportion of schools with access to single-sex basic sanitation facilities,Cambodia,Percent,2020,69.0
2018,Normal value,Units,Country Data,"MoEYS, MRD",Annual,National,4.a.2 Proportion of schools with access to single-sex basic sanitation facilities,Cambodia,Percent,2020,68.7
2019,Normal value,Units,Country Data,"MoEYS, MRD",Annual,National,4.a.2 Proportion of schools with access to single-sex basic sanitation facilities,Cambodia,Percent,2020,71.3
2020,Normal value,Units,Country Data,"MoEYS, MRD",Annual,National,4.a.2 Proportion of schools with access to single-sex basic sanitation facilities,Cambodia,Percent,2020,73.9
