Year,Observation status,Unit multiplier,Nature of data points,Source details,Frequency of observation,Reporting type,SERIES,Reference area,UNIT_MEASURE,Time period details,Value
2015,Normal value,Units,Country Data,MoE MRD,Annual,National,6.3.1 Proportion of wastewater safely treated,Cambodia,Percent,2020,12
2016,Normal value,Units,Country Data,MoE MRD,Annual,National,6.3.1 Proportion of wastewater safely treated,Cambodia,Percent,2020,15
2017,Normal value,Units,Country Data,MoE MRD,Annual,National,6.3.1 Proportion of wastewater safely treated,Cambodia,Percent,2020,19
2018,Normal value,Units,Country Data,MoE MRD,Annual,National,6.3.1 Proportion of wastewater safely treated,Cambodia,Percent,2020,19
2019,Normal value,Units,Country Data,MoE MRD,Annual,National,6.3.1 Proportion of wastewater safely treated,Cambodia,Percent,2020,23
2020,Normal value,Units,Country Data,MoE MRD,Annual,National,6.3.1 Proportion of wastewater safely treated,Cambodia,Percent,2020,23
